{"@type":"Source","@id":"02a28bcf-dd6c-444e-9f22-df698f126cc9","name":"Government of Canada (2021)","description":"Government of Canada (2021). Technical Guide Related To The Strategic Assessment Of Climate Change: Guidance on quantification of net GHG emissions, impact on carbon sinks, mitigation measures, net-zero plan and upstream GHG assessment. \r\nAvailable at: https://ehq-production-canada.s3.ca-central-1.amazonaws.com/8dc74ea5473aab4741945b51354ec34c91c90d15/original/1628696659/c94bd77e711ab39e596c5cf785673443_Strategic_Assessment_of_Climate_Change_Technical_Guide_EN_-_Final_PDF.pdf?X-Amz-Algorithm\u003dAWS4-HMAC-SHA256\u0026X-Amz-Credential\u003dAKIAIBJCUKKD4ZO4WUUA%2F20210928%2Fca-central-1%2Fs3%2Faws4_request\u0026X-Amz-Date\u003d20210928T150843Z\u0026X-Amz-Expires\u003d300\u0026X-Amz-SignedHeaders\u003dhost\u0026X-Amz-Signature\u003de1edb09c9559fc2881a9c88c83dc7165ea378a1b7781312bc97bf76a5328bcc3","version":"00.00.001","lastChange":"2021-09-28T15:12:11.007Z"}