{"@type":"Source","@id":"0775f19c-8b13-11eb-8dcd-0242ac130003","name":"Sapkota et al. (2018)","description":"Sapkota, K., A. O. Oni, and A. Kumar. (2018). Techno-economic and life cycle assessments of the natural gas supply chain from production sites in Canada to north and southwest Europe. Journal of Natural Gas Science and Engineering, 52, 401–409, doi:10.1016/j.jngse.2018.01.048.","version":"00.00.000","url":"https://www.sciencedirect.com/science/article/abs/pii/S1875510018300696","year":2018}