{"@type":"Source","@id":"0775ead0-8b13-11eb-8dcd-0242ac130003","name":"National Energy Board (2016a)","description":"National Energy Board. (2016a). Market Snapshot: Understanding the Production, Transport, and Refining of Crude Oil in Canada.Government of Canada","version":"00.00.001","lastChange":"2021-05-03T18:05:28.370Z","url":"https://www.cer-rec.gc.ca/en/data-analysis/energy-markets/market-snapshots/2016/market-snapshot-understanding-production-transport-refining-crude-oil-in-canada.html","year":2016}