{"@type":"Source","@id":"3f187db7-f5da-417e-a1b0-bae05168f8a5","name":"Di Lullo et al. (2022)","description":"Di Lullo, G., Giwa, T., Okunlola, A., Davis, M., Mehedi, T., Oni, A. O., \u0026 Kumar, A. (2022). Large-scale long-distance land-based hydrogen transportation systems: A comparative techno-economic and greenhouse gas emission assessment. International Journal of Hydrogen Energy 47(83). https://doi.org/10.1016/j.ijhydene.2022.08.131","version":"00.00.002","lastChange":"2024-06-03T22:02:36.723Z","url":"https://doi.org/10.1016/j.ijhydene.2022.08.131"}