{"@type":"Source","@id":"6249da6f-3148-4292-a7da-f29f9984d3dd","name":"Statistics Canada (2016; Table 25-10-0044-01)","description":"Statistics Canada. Table 25-10-0044-01  Supply and disposition of refined petroleum products, monthly\r\nhttps://doi.org/10.25318/2510004401\r\n2016 reference year","version":"00.00.002","lastChange":"2024-06-03T23:12:33.651Z","url":"https://www150.statcan.gc.ca/t1/tbl1/en/tv.action?pid\u003d2510004401\u0026cubeTimeFrame.startMonth\u003d08\u0026cubeTimeFrame.startYear\u003d2016\u0026cubeTimeFrame.endMonth\u003d12\u0026cubeTimeFrame.endYear\u003d2016\u0026referencePeriods\u003d20160801%2C20161201","year":2016}