{"@type":"Source","@id":"8f0660a2-7141-4eea-8cf7-b69177d484e2","name":"Burnham et al. (2012)","description":"Burnham, A., Han, J., Clark, C. E., Wang, M., Dunn, J. B., \u0026 Palou-Rivera, I. (2012). Life-Cycle Greenhouse Gas Emissions of Shale Gas, Natural Gas, Coal and Petroleum. Environmental Science \u0026 Technology, 46(2), Supporting Information, Table S7. https://doi.org/10.1021/es201942m","version":"00.00.003","lastChange":"2024-06-03T21:45:34.118Z","url":"https://doi.org/10.1021/es201942m"}