{"@type":"FlowProperty","@id":"f6811440-ee37-11de-8a39-0800200c9a66","name":"Energy","description":"It should be noted that the technical flow property “Units of energy” has been used in the Model exclusively to refer to Higher Heating Value of energy content where applicable.  It is the responsibility of users to make sure that units are used in a consistent manner and their properties are appropriately documented.","category":"Technical flow properties","version":"00.00.006","lastChange":"2024-06-20T18:53:10.136Z","flowPropertyType":"PHYSICAL_QUANTITY","unitGroup":{"@type":"UnitGroup","@id":"93a60a57-a3c8-11da-a746-0800200c9a66","name":"Units of energy","category":"Technical unit groups"}}