{"@type":"Process","@id":"06d07396-5d06-4a6a-b6a7-a7224f7e3243","name":"Non-biogenic waste combustion","description":"GHG emissions from the combustion of non-biogenic waste materials used as an energy fuel. \r\n\r\nFunctional unit: 1 kg of non-biogenic waste combusted \r\n\r\nProcess Scope: The process only covers the combustion emissions of non-biogenic waste used an energy fuel at the LCIF plant. The production of the non-biogenic waste is assumed to have no carbon intensity and transportation to the LCIF plant is excluded.  \r\n\r\nModelling Overview:\r\nThe combustion emissions are based on the emission factor and HHV (36.2 MJ/kg) for petcoke combustion. Petcoke combustion emissions factors for carbon dioxide, methane and nitrous oxide in the refinery and upgrading sectors are sourced from Canada’s National Inventory Report (Government of Canada, 2018).","category":"Data Library/Other energy sources","version":"00.00.015","lastChange":"2024-06-21T04:00:00Z","processType":"LCI_RESULT","isInfrastructureProcess":false,"processDocumentation":{"timeDescription":"","technologyDescription":"The non-biogenic waste stream is assumed to be combusted for energy generation (e.g. heat) at the LCIF plant.","dataCollectionDescription":"Please refer to the Time section (in General information tab)","completenessDescription":"During the completeness and sensitivity check, a 1% cut-off criteria has been apply on the environmental significance, as calculated by the impact assessment method.","dataSelectionDescription":"The combustion emissions are based on the emission factor and HHV (36.2 MJ/kg) for petcoke combustion. Petcoke combustion emissions factors for carbon dioxide, methane and nitrous oxide in the refinery and upgrading sectors are sourced from Canada’s National Inventory Report (Government of Canada, 2018).","dataTreatmentDescription":"No allocation was performed for this unit process.","inventoryMethodDescription":"N/A\t","modelingConstantsDescription":"Functional unit: 1 kg of non-biogenic waste combusted","restrictionsDescription":"© His Majesty the King in Right of Canada, as represented by the Minister of Environment and Climate Change, 2024","isCopyrightProtected":true,"intendedApplication":"The Government of Canada\u0027s Fuel Life Cycle Assessment (LCA) Model (the Model) is a tool to calculate the life cycle carbon intensity (CI) of fuels and energy sources used and produced in Canada.\n\nThe Model consists of the following three components:\n1) the Fuel LCA Model Database: Contains a library of CI datasets and fuel pathways developed to model a CI specific to a fuel or an energy source.\n2) the Fuel LCA Model Methodology: Describes the methodology, data sources and assumptions that were used in the development of the Model, and provides the rationale supporting the methodological approach.\n3) the Fuel LCA Model User Manual: Provides information on general definitions and concepts related to LCA as it relates to the Model. Also provides technical guidance on how to perform basic operations in the openLCA software that are required for CI calculations.\n\nThe Fuel LCA Model is designed in conformity with ISO 14040 and ISO 14044 guidelines.","projectDescription":"Current version of the Fuel LCA Model: August 2024","geographyDescription":"This process was developed for the Canadian context but can be used regardless of geographical location.","creationDate":"2021-09-21T11:55:00.409","dataDocumentor":{"@type":"Actor","@id":"c165abbd-3ce5-4150-a998-455a05028457","name":"Environment and Climate Change Canada"},"dataGenerator":{"@type":"Actor","@id":"c165abbd-3ce5-4150-a998-455a05028457","name":"Environment and Climate Change Canada"},"dataSetOwner":{"@type":"Actor","@id":"c165abbd-3ce5-4150-a998-455a05028457","name":"Environment and Climate Change Canada"},"publication":{"@type":"Source","@id":"534615eb-bab6-4cda-85db-1e0c92e2e29e","name":"Fuel LCA Model Methodology"},"sources":[{"@type":"Source","@id":"e20640db-3ff1-46e0-889e-93936f90f760","name":"National Inventory Report (2018)"}]},"lastInternalId":15,"parameters":[],"exchanges":[{"@type":"Exchange","isAvoidedProduct":false,"isInput":false,"amount":1.0,"internalId":9,"flow":{"@type":"Flow","@id":"2e41eda7-9b56-4196-af6f-8bd64876be1d","name":"Non-biogenic waste combustion","category":"Intermediate flows/Data Library/Other energy sources","flowType":"PRODUCT_FLOW","refUnit":"kg"},"unit":{"@type":"Unit","@id":"1aad5937-9d99-4528-8883-925d477809ba","name":"kg"},"flowProperty":{"@type":"FlowProperty","@id":"3747a7c9-e423-4d1d-88a2-21d3473660d3","name":"Mass","category":"Technical flow properties","refUnit":"kg"},"isQuantitativeReference":true},{"@type":"Exchange","isAvoidedProduct":false,"isInput":false,"amount":1.000583914596E-4,"description":"Life cycle emissions","internalId":14,"flow":{"@type":"Flow","@id":"79493961-5010-4e8b-b646-9bcfe695816a","name":"Methane (CH4), fossil","category":"Elementary flows/Emission to air","flowType":"ELEMENTARY_FLOW","refUnit":"kg"},"unit":{"@type":"Unit","@id":"1aad5937-9d99-4528-8883-925d477809ba","name":"kg"},"flowProperty":{"@type":"FlowProperty","@id":"3747a7c9-e423-4d1d-88a2-21d3473660d3","name":"Mass","category":"Technical flow properties","refUnit":"kg"}},{"@type":"Exchange","isAvoidedProduct":false,"isInput":false,"amount":3.036728478,"description":"Life cycle emissions","internalId":13,"flow":{"@type":"Flow","@id":"a554da52-adc8-4d57-8853-17dce4428ce8","name":"Carbon dioxide (CO2), fossil","category":"Elementary flows/Emission to air","flowType":"ELEMENTARY_FLOW","refUnit":"kg"},"unit":{"@type":"Unit","@id":"1aad5937-9d99-4528-8883-925d477809ba","name":"kg"},"flowProperty":{"@type":"FlowProperty","@id":"3747a7c9-e423-4d1d-88a2-21d3473660d3","name":"Mass","category":"Technical flow properties","refUnit":"kg"}},{"@type":"Exchange","isAvoidedProduct":false,"isInput":false,"amount":2.1470866187190004E-5,"description":"Life cycle emissions","internalId":15,"flow":{"@type":"Flow","@id":"2eb95720-1e38-48ba-8ba8-4aa4d13ccf1e","name":"Nitrous oxide (N2O)","category":"Elementary flows/Emission to air","flowType":"ELEMENTARY_FLOW","refUnit":"kg"},"unit":{"@type":"Unit","@id":"1aad5937-9d99-4528-8883-925d477809ba","name":"kg"},"flowProperty":{"@type":"FlowProperty","@id":"3747a7c9-e423-4d1d-88a2-21d3473660d3","name":"Mass","category":"Technical flow properties","refUnit":"kg"}}],"socialAspects":[],"allocationFactors":[]}