{"@type":"Process","@id":"1902c7cb-f773-4256-82fd-a3d5007df3f9","name":"Feedstock A, at RNG plant","description":"Model users can enter data related to feedstock production and transport in the Inputs/Ouputs tab. \n\nProcess Scope: The unit process covers the production of 1 kg (dry-basis) of feedstock and transportation to the renewable natural gas plant. \n\nFunctional Unit: 1 kg (dry-basis) of feedstock transported at the renewable natural gas plant.\n\nThe Data Library does not include unit processes for the following feedstocks: landfill gas, livestock manure, municipal solid waste and wastwater treatment sludge. Only transportation should be added in the Inputs/Ouputs tab, as well as the process for avoided emissions as described below. \n\nModel users should rename the unit process and the corresponding output flow with the name of the feedstock. Any additional feedstock should be modeled using another unit process. \n\nFor cases where the use of a waste feedstock to produce RNG can prevent emissions that would have occurred if the waste materials were not used as feedstock  for RNG production, model users should enter the avoided emissions in one of the unit processes found in the \"Avoided emissions\" folder. Once filled out, the unit process for avoided emissions (e.g. “Avoided emissions (per kg of dry feedstock)”) should be entered as an input in the Inputs/Ouputs tab if emissions are quantified per kg or MJ of feedstock.","category":"Fuel Pathways/Renewable natural gas pathway/Feedstock at RNG plant","version":"00.00.012","lastChange":"2022-05-09T04:00:00Z","processType":"UNIT_PROCESS","isInfrastructureProcess":false,"processDocumentation":{"timeDescription":"","technologyDescription":"","dataCollectionDescription":"","completenessDescription":"","dataSelectionDescription":"","dataTreatmentDescription":"","modelingConstantsDescription":"","restrictionsDescription":"© His Majesty the King in Right of Canada, as represented by the Minister of Environment and Climate Change, 2024","isCopyrightProtected":true,"intendedApplication":"The Government of Canada\u0027s Fuel Life Cycle Assessment (LCA) Model (the Model) is a tool to calculate the life cycle carbon intensity (CI) of fuels and energy sources used and produced in Canada.\n\nThe Model consists of the following three components:\n1) the Fuel LCA Model Database: Contains a library of CI datasets and fuel pathways developed to model a CI specific to a fuel or an energy source.\n2) the Fuel LCA Model Methodology: Describes the methodology, data sources and assumptions that were used in the development of the Model, and provides the rationale supporting the methodological approach.\n3) the Fuel LCA Model User Manual: Provides information on general definitions and concepts related to LCA as it relates to the Model. Also provides technical guidance on how to perform basic operations in the openLCA software that are required for CI calculations.\n\nThe Fuel LCA Model is designed in conformity with ISO 14040 and ISO 14044 guidelines.","projectDescription":"Current version of the Fuel LCA Model: August 2024","geographyDescription":"","creationDate":"2021-08-24T21:51:22.959","dataDocumentor":{"@type":"Actor","@id":"c165abbd-3ce5-4150-a998-455a05028457","name":"Environment and Climate Change Canada"},"dataGenerator":{"@type":"Actor","@id":"c165abbd-3ce5-4150-a998-455a05028457","name":"Environment and Climate Change Canada"},"dataSetOwner":{"@type":"Actor","@id":"c165abbd-3ce5-4150-a998-455a05028457","name":"Environment and Climate Change Canada"},"publication":{"@type":"Source","@id":"534615eb-bab6-4cda-85db-1e0c92e2e29e","name":"Fuel LCA Model Methodology"}},"lastInternalId":2,"parameters":[],"exchanges":[{"@type":"Exchange","isAvoidedProduct":false,"isInput":false,"amount":1.0,"internalId":1,"flow":{"@type":"Flow","@id":"30fbd865-05d2-4867-9643-770b5cb9d0ae","name":"Feedstock A, at RNG plant","category":"Intermediate flows/Fuel Pathways/Renewable natural gas pathway/Feedstock at RNG plant","flowType":"PRODUCT_FLOW","refUnit":"kg"},"unit":{"@type":"Unit","@id":"1aad5937-9d99-4528-8883-925d477809ba","name":"kg"},"flowProperty":{"@type":"FlowProperty","@id":"3747a7c9-e423-4d1d-88a2-21d3473660d3","name":"Mass","category":"Technical flow properties","refUnit":"kg"},"isQuantitativeReference":true}],"socialAspects":[],"allocationFactors":[]}