{"@type":"Process","@id":"22b85cc8-8b1e-4d17-84c0-a55476be88a8","name":"Heavy fuel oil combustion","description":"Functional unit: 1 MJ of heavy fuel oil combusted at fuel user.\r\n\r\nThis unit process models the life cycle emissions released from crude extraction to the distribution and the combustion of heavy fuel oil.\r\n\r\nProcess scope:\r\n\r\n• Crude oil extraction: conventional and unconventional crude oil extraction.\r\n• Crude oil transportation: crude oil delivered by pipeline.\r\n• Refining: refining crude blendstock at the production facility.\r\n• Distribution: refined product transported to the end user. \r\n• Combustion: combustion at the fuel user.\r\n\r\nModelling Overview:\r\n• Extraction: Distinct extraction models were developed for each Canadian oil source: conventional crude, oil sands mining and upgrading, oil sands in-situ, and offshore extraction. The modelling was performed using the Oil Production Greenhouse Gas Emissions Estimator (OPGEE), an engineering-based model that estimates GHG emissions from the production, processing, and transport of crude oil based on data from Canadian facilities. \r\n• Transmission: Crude transport in pipelines across Canada was modelled by estimating distances between oil reservoirs, production facilities, and refineries using a combination of Canadian data and published literature. Transport of imported crudes was modelled using Canada’s National Marine Emissions Inventory Tool.\r\n• Refining: Thirteen of the 16 Canadian refineries were modelled in detail and represent 96% of the total capacity and 98% of refining emissions. They were modelled in detail based on 2016 data from Wood Mackenzie as well as the Petroleum Refinery Life Cycle Inventory Model (PRELIM 1.4). The refinery products from Wood Mackenzie were matched with PRELIM’s product slate. PRELIM was used to model a mass- and energy-based representation of the refining process and to calculate GHG emissions for refined products. The refining processes for each of these products were defined for Eastern and Western Canada. \r\n• Distribution: The ratio of heavy fuel oil produced between Eastern and Western Canada was calculated using a comparative ratio of the product slates produced in Eastern refineries and Western refineries reported in Wood Mackenzie data. Please note that for the ratio calculation between Eastern and Western Canada, Eastern Canada includes the Atlantic provinces and Quebec, whereas Western Canada includes Ontario, Manitoba, Alberta, Saskatchewan, and British Columbia. The distribution of the heavy fuel oil to the end user was assumed to be either by diesel truck.\r\n• Combustion: A single combustion value was calculated based on the production-weighted average of heavy fuel oil. Although the useful energy generated from fuel combustion varies depending on the efficiency of the combustion device, the modelling of carbon intensity values for specific combustion types and devices (e.g. heating, transportation, and electricity) was beyond the scope of this project. As such, each fuel was assigned a single combustion emission factor based on HHV to calculate the carbon intensity.\r\n\r\nAllocation method:\r\n\r\nGiven the interconnectivity of the different fossil fuel chain values, the allocation methods was based on the energy content between co-products of multifunctional processes.","category":"Data Library/Fossil fuels/Combusted fossil fuels","version":"00.00.020","lastChange":"2024-06-21T04:00:00Z","processType":"LCI_RESULT","isInfrastructureProcess":false,"processDocumentation":{"timeDescription":"The modelling is based on 2016 Canadian average data. For more details, please see the Data selection section in the modelling and validation tab. \n","technologyDescription":"Extraction: For conventional crude oil, the oil and gas in conventional oil reservoirs flow to the surface under the pressure of the reservoir and of mechanical pumps. Offshore oil and gas production involve similar processes to conventional onshore production. However, the additional challenges of operating in a marine environment increase the cost and complexity of offshore facilities. Production of tight oil involves horizontal well drilling and hydraulic fracturing (or fracking) to break apart the limestone and shale in order to liberate the oil and gas. The additional processing requirements can result in additional energy consumption and GHG emissions. Oil sands are extracted using two unconventional crude oil extraction technologies: steam-assisted gravity drainage (SAGD) and cyclic steam stimulation (CSS). These two techniques are used commercially. Each require surface plants to generate steam for injection into the oil sands reservoir. The returning water is then separated from the bitumen for treatment and recycling.\nTransmission:  Crude oil is delivered to Canadian refineries by pipeline.\nRefining:  Production begins with processing the blendstock through a number of refinery processing units (such as atmospheric distillation, vacuum distillation, FCC, hydrocracking, and hydrotreating) and ends with GHG emissions to the air. GHG emissions are calculated as a volume-weighted average of all refineries in Western and Eastern Canada.\nDistribution: The heavy fuel oil is distributed to the end user either by diesel truck or by rail. \nCombustion: Heavy fuel oil is assumed to be combusted in an average mix of combustion technologies in Canada.","dataCollectionDescription":"Please refer to the Time section (in General information tab).","completenessDescription":"During the completeness and sensitivity check, a 1% cut-off criteria has been apply on the environmental significance, as calculated by the impact assessment method.\n\n\nThe following processes are excluded from calculations of the CI of heavy fuel oil:\n• construction and decommissioning of mines, drilling sites, and production facilities (e.g. refineries and upgraders);\n• the manufacturing of fuel transportation infrastructures (i.e., pipelines, trucks, ships, roads) and fuel combustion infrastructure (i.e., vehicles, boilers);\n• oil and gas exploration;\n• GHG emissions associated with exported fuels;\n• research and development activities;\n• indirect activities associated with fuel production, such as marketing, accounting, and legal activities; and\n• land-use change related to the extraction stage.","dataSelectionDescription":"Reported data was used to represent the 2016 reference year. \n\nFor the crude oil extraction: Crude oil refining and the production of refinery products were modelled using data from Wood Mackenzie (WM) and AFARA (a third-party subcontractor hired to collect data). It should be noted that much of the detail about the refineries and crudes is proprietary to those refineries and will not be made public. Crude data provided represents one year (2016) of production and does not account for seasonal variability as this information was not available from the data providers. In addition, several public data sources were used, including government information on technology pathways and operating parameters and data from the Canada-Newfoundland and Labrador Offshore Petroleum Board (C-NLOPB). Alberta Energy Regulator (AER), National Energy Board, Statistics Canada, and Oil Climate Index were used as sources for the data input to the OPGEE model.  \n\nFor the refining of crude to liquids: Petroleum Refinery Life Cycle Inventory (PRELIM) modelling is based on Wood Mackenzie’s Refinery Net Cash Margin Model 2016- North America (2018). The system boundary of PRELIM is the boundary of the refinery itself, including all major process units as well as all energy and hydrogen supplied to the refinery. PRELIM also includes the emissions associated with extracting, processing, and transporting energy products (natural gas and electricity) that are consumed in the refinery.\n\nTransmission and distribution are estimated distances between oil reservoirs, production facilities, and refineries based on published literature or expert judgment. For imported crude, distances were estimated using the Canada’s National Marine Emissions Inventory Tool. \n\nDiesel fuel combustion emission factors for carbon dioxide, methane, and nitrous oxide are sourced from Canada’s National Inventory Report (Government of Canada, 2018), collected for years 1990 to 2016. Sector supply and demand data are sourced from Statistics Canada (Table 25-10-0030-01 Supply and demand of primary and secondary energy in natural units) for the 2016 reference year. The fraction of imported diesel fuel is sourced from Statistics Canada (Table 25-10-0044-01 Supply and disposition of refined petroleum products, monthly) for the 2016 reference year.","dataTreatmentDescription":"Allocation method:\nGiven the interconnectivity of the different fossil fuel chain values, the allocation methods assigned impacts between co-products of multifunctional processes (for which there was more than one product) based on the energy content of fuels. \n","modelingConstantsDescription":"Functional Unit: 1 MJ of heavy fuel oil combusted at fuel user.","restrictionsDescription":"© His Majesty the King in Right of Canada, as represented by the Minister of Environment and Climate Change, 2024","isCopyrightProtected":true,"intendedApplication":"The Government of Canada\u0027s Fuel Life Cycle Assessment (LCA) Model (the Model) is a tool to calculate the life cycle carbon intensity (CI) of fuels and energy sources used and produced in Canada.\n\nThe Model consists of the following three components:\n1) the Fuel LCA Model Database: Contains a library of CI datasets and fuel pathways developed to model a CI specific to a fuel or an energy source.\n2) the Fuel LCA Model Methodology: Describes the methodology, data sources and assumptions that were used in the development of the Model, and provides the rationale supporting the methodological approach.\n3) the Fuel LCA Model User Manual: Provides information on general definitions and concepts related to LCA as it relates to the Model. Also provides technical guidance on how to perform basic operations in the openLCA software that are required for CI calculations.\n\nThe Fuel LCA Model is designed in conformity with ISO 14040 and ISO 14044 guidelines.","projectDescription":"Current version of the Fuel LCA Model: August 2024","geographyDescription":"This process was developed for the Canadian context but can be used regardless of geographical location.\n\nWhile crude oil extraction occurs in many provinces within Canada, 95% of domestic production primarily takes place in Alberta and Saskatchewan. Crude oil imports from the United States and other international sources, representing of 33% of domestic consumption, were also considered. Extracted crudes are transported via pipeline to refineries distributed in central and western Canada. Facility production data and Canadian oil and gas market reports were used to identify the extraction and pre-processing methods relevant to the Canadian industry. CI results were aggregated based on the source locations of crude products (e.g., Eastern and Western Canada, and imports) and the refinery types. In this sense, each refinery product (e.g. aviation fuel, diesel, gasoline, kerosene, etc.) was modelled for Eastern and Western Canada; Canadian pathways were derived based on the production-weighted average of both these pathways. \n\nNo American data were used as a proxy.","creationDate":"2021-06-01T13:46:49.870","validFrom":"2016-01-01","validUntil":"2016-12-31","dataDocumentor":{"@type":"Actor","@id":"c165abbd-3ce5-4150-a998-455a05028457","name":"Environment and Climate Change Canada"},"dataGenerator":{"@type":"Actor","@id":"c165abbd-3ce5-4150-a998-455a05028457","name":"Environment and Climate Change Canada"},"dataSetOwner":{"@type":"Actor","@id":"c165abbd-3ce5-4150-a998-455a05028457","name":"Environment and Climate Change Canada"},"publication":{"@type":"Source","@id":"534615eb-bab6-4cda-85db-1e0c92e2e29e","name":"Fuel LCA Model Methodology"},"sources":[{"@type":"Source","@id":"0775f480-8b13-11eb-8dcd-0242ac130003","name":"Statistics Canada (2019)"},{"@type":"Source","@id":"20bbbde0-9224-11eb-a8b3-0242ac130003","name":"Alberta Energy Regulator (2016)"},{"@type":"Source","@id":"0775f19c-8b13-11eb-8dcd-0242ac130003","name":"Sapkota et al. (2018)"},{"@type":"Source","@id":"0775e210-8b13-11eb-8dcd-0242ac130003","name":"California Air Ressources Board (2018)"},{"@type":"Source","@id":"20bbdd16-9224-11eb-a8b3-0242ac130003","name":"PRELIM"},{"@type":"Source","@id":"20bbddf2-9224-11eb-a8b3-0242ac130003","name":"Skone et. Al. (2019)"},{"@type":"Source","@id":"0775e44a-8b13-11eb-8dcd-0242ac130003","name":"Choquette-Levy et al. (2018)"},{"@type":"Source","@id":"7e724100-2ecc-41f2-9893-6bbfea0d5643","name":"Wood Mackenzie (2018)"},{"@type":"Source","@id":"0775f3cc-8b13-11eb-8dcd-0242ac130003","name":"Statistics Canada (2018; Table 25-10-0044-01)"},{"@type":"Source","@id":"0775de14-8b13-11eb-8dcd-0242ac130003","name":"Alberta Energy Regulator (2020)"},{"@type":"Source","@id":"0775f264-8b13-11eb-8dcd-0242ac130003","name":"Statistics Canada: Energy Handbook Appendices"},{"@type":"Source","@id":"6249da6f-3148-4292-a7da-f29f9984d3dd","name":"Statistics Canada (2016; Table 25-10-0044-01)"},{"@type":"Source","@id":"e20640db-3ff1-46e0-889e-93936f90f760","name":"National Inventory Report (2018)"},{"@type":"Source","@id":"0775ead0-8b13-11eb-8dcd-0242ac130003","name":"National Energy Board (2016a)"},{"@type":"Source","@id":"0775dbbc-8b13-11eb-8dcd-0242ac130003","name":"Alberta Energy Regulator (2016, 2015, 2014, 2013)"},{"@type":"Source","@id":"20bbd898-9224-11eb-a8b3-0242ac130003","name":"OPGEE"}]},"lastInternalId":21,"parameters":[],"exchanges":[{"@type":"Exchange","isAvoidedProduct":false,"isInput":false,"amount":1.0,"internalId":1,"flow":{"@type":"Flow","@id":"3b5dedea-b350-45fb-b41b-38f0e47472c3","name":"Heavy fuel oil combustion","category":"Intermediate flows/Data Library/Fossil fuels/Combusted fossil fuels","flowType":"PRODUCT_FLOW","refUnit":"MJ"},"unit":{"@type":"Unit","@id":"52765a6c-3896-43c2-b2f4-c679acf13efe","name":"MJ"},"flowProperty":{"@type":"FlowProperty","@id":"f6811440-ee37-11de-8a39-0800200c9a66","name":"Energy","category":"Technical flow properties","refUnit":"MJ"},"isQuantitativeReference":true},{"@type":"Exchange","isAvoidedProduct":false,"isInput":false,"amount":8.032366005864178E-12,"description":"Life cycle emissions","internalId":21,"flow":{"@type":"Flow","@id":"b8c498e5-9afd-4b88-b7c7-b8567f323c86","name":"Sulphur hexafluoride (SF6)","category":"Elementary flows/Emission to air","flowType":"ELEMENTARY_FLOW","refUnit":"kg"},"unit":{"@type":"Unit","@id":"1aad5937-9d99-4528-8883-925d477809ba","name":"kg"},"flowProperty":{"@type":"FlowProperty","@id":"3747a7c9-e423-4d1d-88a2-21d3473660d3","name":"Mass","category":"Technical flow properties","refUnit":"kg"}},{"@type":"Exchange","isAvoidedProduct":false,"isInput":false,"amount":5.0126491936288364E-5,"description":"Life cycle emissions","internalId":19,"flow":{"@type":"Flow","@id":"79493961-5010-4e8b-b646-9bcfe695816a","name":"Methane (CH4), fossil","category":"Elementary flows/Emission to air","flowType":"ELEMENTARY_FLOW","refUnit":"kg"},"unit":{"@type":"Unit","@id":"1aad5937-9d99-4528-8883-925d477809ba","name":"kg"},"flowProperty":{"@type":"FlowProperty","@id":"3747a7c9-e423-4d1d-88a2-21d3473660d3","name":"Mass","category":"Technical flow properties","refUnit":"kg"}},{"@type":"Exchange","isAvoidedProduct":false,"isInput":false,"amount":5.614572371577376E-6,"description":"Life cycle emissions","internalId":16,"flow":{"@type":"Flow","@id":"35c7ea56-7f09-406f-9070-301c4a701c1d","name":"Carbon dioxide (CO2), land transformation","category":"Elementary flows/Emission to air","flowType":"ELEMENTARY_FLOW","refUnit":"kg"},"unit":{"@type":"Unit","@id":"1aad5937-9d99-4528-8883-925d477809ba","name":"kg"},"flowProperty":{"@type":"FlowProperty","@id":"3747a7c9-e423-4d1d-88a2-21d3473660d3","name":"Mass","category":"Technical flow properties","refUnit":"kg"}},{"@type":"Exchange","isAvoidedProduct":false,"isInput":false,"amount":9.868036276331164E-8,"description":"Life cycle emissions","internalId":18,"flow":{"@type":"Flow","@id":"897ff98a-c48a-4099-9a44-65ddc71c521d","name":"Methane (CH4), biogenic","category":"Elementary flows/Emission to air","flowType":"ELEMENTARY_FLOW","refUnit":"kg"},"unit":{"@type":"Unit","@id":"1aad5937-9d99-4528-8883-925d477809ba","name":"kg"},"flowProperty":{"@type":"FlowProperty","@id":"3747a7c9-e423-4d1d-88a2-21d3473660d3","name":"Mass","category":"Technical flow properties","refUnit":"kg"}},{"@type":"Exchange","isAvoidedProduct":false,"isInput":false,"amount":1.72178208277249E-6,"description":"Life cycle emissions","internalId":20,"flow":{"@type":"Flow","@id":"2eb95720-1e38-48ba-8ba8-4aa4d13ccf1e","name":"Nitrous oxide (N2O)","category":"Elementary flows/Emission to air","flowType":"ELEMENTARY_FLOW","refUnit":"kg"},"unit":{"@type":"Unit","@id":"1aad5937-9d99-4528-8883-925d477809ba","name":"kg"},"flowProperty":{"@type":"FlowProperty","@id":"3747a7c9-e423-4d1d-88a2-21d3473660d3","name":"Mass","category":"Technical flow properties","refUnit":"kg"}},{"@type":"Exchange","isAvoidedProduct":false,"isInput":false,"amount":0.08975994368849874,"description":"Life cycle emissions","internalId":15,"flow":{"@type":"Flow","@id":"a554da52-adc8-4d57-8853-17dce4428ce8","name":"Carbon dioxide (CO2), fossil","category":"Elementary flows/Emission to air","flowType":"ELEMENTARY_FLOW","refUnit":"kg"},"unit":{"@type":"Unit","@id":"1aad5937-9d99-4528-8883-925d477809ba","name":"kg"},"flowProperty":{"@type":"FlowProperty","@id":"3747a7c9-e423-4d1d-88a2-21d3473660d3","name":"Mass","category":"Technical flow properties","refUnit":"kg"}},{"@type":"Exchange","isAvoidedProduct":false,"isInput":false,"amount":0.002441566250422884,"description":"Life cycle emissions","internalId":17,"flow":{"@type":"Flow","@id":"32d9ba8e-2923-423b-a98a-acdba4bbe8db","name":"Carbon dioxide equivalent (CO2e)","category":"Elementary flows/Emission to air","flowType":"ELEMENTARY_FLOW","refUnit":"kg"},"unit":{"@type":"Unit","@id":"1aad5937-9d99-4528-8883-925d477809ba","name":"kg"},"flowProperty":{"@type":"FlowProperty","@id":"3747a7c9-e423-4d1d-88a2-21d3473660d3","name":"Mass","category":"Technical flow properties","refUnit":"kg"}}],"socialAspects":[],"allocationFactors":[]}