{"@type":"Process","@id":"234fb5f7-a768-4649-9c7d-670c589f9e82","name":"Chemical use per MJ of conventional bioethanol","description":"The system process models the lifecycle emissions of the production of  a predefined chemical mix to produce 1 MJ of convetional ethanol. \r\n\r\nFunctional unit: Predefined Chemical Mix to produce 1 MJ of conventional ethanol\r\n \r\nProcess Scope: \r\n-production of chemical used to produce 1 MJ of ethanol\r\n- extraction of input material and energy\r\nExclusions:\r\nIn addition to the exclusions described in Chapter 2.3.1 of the Fuel LCA Model Methodology, the following exclusions apply:  \r\n-The unit process does not cover quantity of methanol needed to produce bioethanol\r\n-This unit process also excludes chemicals used for oil extraction of crop grains which are included in the unit processes for vegetable oil feedstocks. (For the system process:  which are considered in the configurable process for oil from oilseed)\r\n\r\nModelling Scope: \r\nBioethanol production (i.e. fermentation) is modelled from CEPR data collected from 14 facilities during 9 years (2009-2017). As there is no wet mill facility in Canada, the model is representative of dry mills. Data is analyzed per facility and per year (i.e. per facility-year), based on the main type (defined according to the input mass) of feedstock used: corn or wheat (including triticale, rye, barley and sorghum). \r\nThere is no flow for denaturant input and sodium hypochlorite in our database.  The reported flows are negligible and therefore do not appear in the Model.  \r\nThe emission factor for the predefined chemical mix was determined by calculating the impacts of the chemicals used. Methanol was not included in the predefined chemical mix so that it can be modelled by the user. \r\n\r\nAllocation: no allocation procedures were performed.","category":"Data Library/Chemical inputs/Predefined chemical mixes","version":"00.00.023","lastChange":"2024-06-21T04:00:00Z","processType":"LCI_RESULT","isInfrastructureProcess":false,"processDocumentation":{"timeDescription":"Data used in this process is based on CEPR 2009 to 2017. ","technologyDescription":"This process is representative of chemical use in bioethanol production technologies present in Canada.","dataCollectionDescription":"Please refer to the Time section (in General information tab)","completenessDescription":"A 1% of environmental significance criterion, as calculated by the impact assessment method, was used to test the sensitivity of the results to assumptions and data substitutions made.","dataSelectionDescription":"Detailed provincial and anonymized LCI data for Canadian grain bioethanol have been compiled by Natural Resources Canada (NRCan) as part of NRCan\u0027s ecoENERGY for Biofuels Program. The data is aggregated from information provided in the CEPR from 2009 to 2017 years of production.","dataTreatmentDescription":"No allocation procedures were performed.","modelingConstantsDescription":"Functional Unit: Predefined Chemical Mix to produce 1 MJ of conventional ethanol","samplingDescription":"N/A","restrictionsDescription":"© His Majesty the King in Right of Canada, as represented by the Minister of Environment and Climate Change, 2024","isCopyrightProtected":true,"intendedApplication":"The Government of Canada\u0027s Fuel Life Cycle Assessment (LCA) Model (the Model) is a tool to calculate the life cycle carbon intensity (CI) of fuels and energy sources used and produced in Canada.\n\nThe Model consists of the following three components:\n1) the Fuel LCA Model Database: Contains a library of CI datasets and fuel pathways developed to model a CI specific to a fuel or an energy source.\n2) the Fuel LCA Model Methodology: Describes the methodology, data sources and assumptions that were used in the development of the Model, and provides the rationale supporting the methodological approach.\n3) the Fuel LCA Model User Manual: Provides information on general definitions and concepts related to LCA as it relates to the Model. Also provides technical guidance on how to perform basic operations in the openLCA software that are required for CI calculations.\n\nThe Fuel LCA Model is designed in conformity with ISO 14040 and ISO 14044 guidelines.","projectDescription":"Current version of the Fuel LCA Model: August 2024","geographyDescription":"This process was developed for the Canadian context and represent the Canadian production.","creationDate":"2021-01-05T20:59:22.483","validFrom":"2009-01-01","validUntil":"2017-12-31","dataDocumentor":{"@type":"Actor","@id":"c165abbd-3ce5-4150-a998-455a05028457","name":"Environment and Climate Change Canada"},"dataGenerator":{"@type":"Actor","@id":"c165abbd-3ce5-4150-a998-455a05028457","name":"Environment and Climate Change Canada"},"dataSetOwner":{"@type":"Actor","@id":"c165abbd-3ce5-4150-a998-455a05028457","name":"Environment and Climate Change Canada"},"publication":{"@type":"Source","@id":"534615eb-bab6-4cda-85db-1e0c92e2e29e","name":"Fuel LCA Model Methodology"},"sources":[{"@type":"Source","@id":"31f2aa98-d67b-11ea-87d0-0242ac130003","name":"Natural Resources Canada, CEPR (2019)"}]},"lastInternalId":16,"parameters":[],"exchanges":[{"@type":"Exchange","isAvoidedProduct":false,"isInput":false,"amount":1.0,"internalId":3,"flow":{"@type":"Flow","@id":"e4f1d08e-29ef-46c1-ac8f-13e54bf007d0","name":"Chemical use per MJ of conventional ethanol","category":"Intermediate flows/Data Library/Chemical Inputs/Predefined chemical mixes","flowType":"PRODUCT_FLOW","refUnit":"MJ"},"unit":{"@type":"Unit","@id":"52765a6c-3896-43c2-b2f4-c679acf13efe","name":"MJ"},"flowProperty":{"@type":"FlowProperty","@id":"f6811440-ee37-11de-8a39-0800200c9a66","name":"Energy","category":"Technical flow properties","refUnit":"MJ"},"isQuantitativeReference":true},{"@type":"Exchange","isAvoidedProduct":false,"isInput":false,"amount":1.5527948664815383E-7,"description":"Life cycle emissions","internalId":12,"flow":{"@type":"Flow","@id":"32d9ba8e-2923-423b-a98a-acdba4bbe8db","name":"Carbon dioxide equivalent (CO2e)","category":"Elementary flows/Emission to air","flowType":"ELEMENTARY_FLOW","refUnit":"kg"},"unit":{"@type":"Unit","@id":"1aad5937-9d99-4528-8883-925d477809ba","name":"kg"},"flowProperty":{"@type":"FlowProperty","@id":"3747a7c9-e423-4d1d-88a2-21d3473660d3","name":"Mass","category":"Technical flow properties","refUnit":"kg"}},{"@type":"Exchange","isAvoidedProduct":false,"isInput":false,"amount":3.3367391807824334E-8,"description":"Life cycle emissions","internalId":15,"flow":{"@type":"Flow","@id":"2eb95720-1e38-48ba-8ba8-4aa4d13ccf1e","name":"Nitrous oxide (N2O)","category":"Elementary flows/Emission to air","flowType":"ELEMENTARY_FLOW","refUnit":"kg"},"unit":{"@type":"Unit","@id":"1aad5937-9d99-4528-8883-925d477809ba","name":"kg"},"flowProperty":{"@type":"FlowProperty","@id":"3747a7c9-e423-4d1d-88a2-21d3473660d3","name":"Mass","category":"Technical flow properties","refUnit":"kg"}},{"@type":"Exchange","isAvoidedProduct":false,"isInput":false,"amount":1.6668838702944433E-6,"description":"Life cycle emissions","internalId":14,"flow":{"@type":"Flow","@id":"79493961-5010-4e8b-b646-9bcfe695816a","name":"Methane (CH4), fossil","category":"Elementary flows/Emission to air","flowType":"ELEMENTARY_FLOW","refUnit":"kg"},"unit":{"@type":"Unit","@id":"1aad5937-9d99-4528-8883-925d477809ba","name":"kg"},"flowProperty":{"@type":"FlowProperty","@id":"3747a7c9-e423-4d1d-88a2-21d3473660d3","name":"Mass","category":"Technical flow properties","refUnit":"kg"}},{"@type":"Exchange","isAvoidedProduct":false,"isInput":false,"amount":4.136282385465485E-4,"description":"Life cycle emissions","internalId":10,"flow":{"@type":"Flow","@id":"a554da52-adc8-4d57-8853-17dce4428ce8","name":"Carbon dioxide (CO2), fossil","category":"Elementary flows/Emission to air","flowType":"ELEMENTARY_FLOW","refUnit":"kg"},"unit":{"@type":"Unit","@id":"1aad5937-9d99-4528-8883-925d477809ba","name":"kg"},"flowProperty":{"@type":"FlowProperty","@id":"3747a7c9-e423-4d1d-88a2-21d3473660d3","name":"Mass","category":"Technical flow properties","refUnit":"kg"}},{"@type":"Exchange","isAvoidedProduct":false,"isInput":false,"amount":2.0811597066252384E-9,"description":"Life cycle emissions","internalId":13,"flow":{"@type":"Flow","@id":"897ff98a-c48a-4099-9a44-65ddc71c521d","name":"Methane (CH4), biogenic","category":"Elementary flows/Emission to air","flowType":"ELEMENTARY_FLOW","refUnit":"kg"},"unit":{"@type":"Unit","@id":"1aad5937-9d99-4528-8883-925d477809ba","name":"kg"},"flowProperty":{"@type":"FlowProperty","@id":"3747a7c9-e423-4d1d-88a2-21d3473660d3","name":"Mass","category":"Technical flow properties","refUnit":"kg"}},{"@type":"Exchange","isAvoidedProduct":false,"isInput":false,"amount":1.69272288288753E-13,"description":"Life cycle emissions","internalId":16,"flow":{"@type":"Flow","@id":"b8c498e5-9afd-4b88-b7c7-b8567f323c86","name":"Sulphur hexafluoride (SF6)","category":"Elementary flows/Emission to air","flowType":"ELEMENTARY_FLOW","refUnit":"kg"},"unit":{"@type":"Unit","@id":"1aad5937-9d99-4528-8883-925d477809ba","name":"kg"},"flowProperty":{"@type":"FlowProperty","@id":"3747a7c9-e423-4d1d-88a2-21d3473660d3","name":"Mass","category":"Technical flow properties","refUnit":"kg"}},{"@type":"Exchange","isAvoidedProduct":false,"isInput":false,"amount":1.1841081103359436E-7,"description":"Life cycle emissions","internalId":11,"flow":{"@type":"Flow","@id":"35c7ea56-7f09-406f-9070-301c4a701c1d","name":"Carbon dioxide (CO2), land transformation","category":"Elementary flows/Emission to air","flowType":"ELEMENTARY_FLOW","refUnit":"kg"},"unit":{"@type":"Unit","@id":"1aad5937-9d99-4528-8883-925d477809ba","name":"kg"},"flowProperty":{"@type":"FlowProperty","@id":"3747a7c9-e423-4d1d-88a2-21d3473660d3","name":"Mass","category":"Technical flow properties","refUnit":"kg"}}],"socialAspects":[],"allocationFactors":[]}