{"@type":"Process","@id":"23d6d3b8-019d-4df8-bfc5-ab2bd16c72f8","name":"Feedstock A, at hydrogen product system","description":"Model users can use this unit process to enter data related to feedstock production and transportation in the Inputs/Ouputs tab.\n\nFunctional Unit: 1 MJ of feedstock transported at the hydrogen plant.\n\nData entered by model users should cover the following:\n-Feedstock transportation\n-Feedstock quantity \n\nProcess Scope: The unit process covers the production of 1 MJ of feedstock and transportation to the hydrogen production plant. \n\nModel users should rename the unit process and the corresponding output flow with the name of the feedstock. Any additional feedstock must be modeled using an additional unit process.","category":"Fuel Pathways/Hydrogen pathway/Mass basis/Feedstock, at hydrogen product system","version":"00.00.010","lastChange":"2024-05-28T04:00:00Z","processType":"UNIT_PROCESS","isInfrastructureProcess":false,"processDocumentation":{"timeDescription":"","technologyDescription":"","dataCollectionDescription":"","completenessDescription":"","dataSelectionDescription":"","dataTreatmentDescription":"","modelingConstantsDescription":"","restrictionsDescription":"© His Majesty the King in Right of Canada, as represented by the Minister of Environment and Climate Change, 2024","isCopyrightProtected":true,"intendedApplication":"The Government of Canada\u0027s Fuel Life Cycle Assessment (LCA) Model (the Model) is a tool to calculate the life cycle carbon intensity (CI) of fuels and energy sources used and produced in Canada.\n\nThe Model consists of the following three components:\n1) the Fuel LCA Model Database: Contains a library of CI datasets and fuel pathways developed to model a CI specific to a fuel or an energy source.\n2) the Fuel LCA Model Methodology: Describes the methodology, data sources and assumptions that were used in the development of the Model, and provides the rationale supporting the methodological approach.\n3) the Fuel LCA Model User Manual: Provides information on general definitions and concepts related to LCA as it relates to the Model. Also provides technical guidance on how to perform basic operations in the openLCA software that are required for CI calculations.\n\nThe Fuel LCA Model is designed in conformity with ISO 14040 and ISO 14044 guidelines.","projectDescription":"Current version of the Fuel LCA Model: August 2024","geographyDescription":"","creationDate":"2024-04-26T16:14:32.758"},"lastInternalId":1,"parameters":[],"exchanges":[{"@type":"Exchange","isAvoidedProduct":false,"isInput":false,"amount":1.0,"internalId":1,"flow":{"@type":"Flow","@id":"870988d3-f54c-484f-93d8-9a80ab7f0415","name":"Feedstock A, at hydrogen product system","category":"Intermediate flows/Fuel Pathways/Hydrogen pathway/Mass basis/Feedstock, at hydrogen product system","flowType":"PRODUCT_FLOW","refUnit":"MJ"},"unit":{"@type":"Unit","@id":"52765a6c-3896-43c2-b2f4-c679acf13efe","name":"MJ"},"flowProperty":{"@type":"FlowProperty","@id":"f6811440-ee37-11de-8a39-0800200c9a66","name":"Energy","category":"Technical flow properties","refUnit":"MJ"},"isQuantitativeReference":true}],"socialAspects":[],"allocationFactors":[]}