{"@type":"Process","@id":"26d19b67-e084-4b49-8c71-c303d31432bb","name":"Animal fats production, from byproduct rendering, at processor [CA-NL]","description":"General info Description:\r\nThis process covers the production of 1 kg (37.58 MJ) (dry mass) of animal fats from the rendering of animal by products. \r\n\r\nFunctional unit: 1 kg (37.58 MJ) of animal fats at the rendering plant. \r\n\r\nProcess scope: \r\n-Boundary begins with feedstock transportation: transport of animal by-products from slaughterhouse to the rendering plant. \r\n-Boundary ends with the production of animal fats at the rendering gate. \r\n\r\nModelling Overview:\r\nAnimal by-products are transported from the slaughterhouse to the rendering plant. At the rendering plant, the animal by-products are processed to produce animal fats, with meat and bone meal, water vapour, and cooking vapour as co-products. The cooking vapours are a waste stream and are excluded from the model. \r\n\r\nAllocation:\r\nThe allocation of burdens to the meat, bone meal and animal fats in the rendering step is performed according to the dry matter mass of the products.","category":"Data Library/Feedstocks/Animal fats","version":"00.00.087","lastChange":"2024-06-21T04:00:00Z","processType":"LCI_RESULT","defaultAllocationMethod":"PHYSICAL_ALLOCATION","isInfrastructureProcess":false,"processDocumentation":{"timeDescription":"Process energy and mass input/output data for the rendering process are based on a Argonne National Laboratory study (Chen et al., 2017). The data in Chen et. al., 2017 focuses on cattle rendering plants, but relies upon data from several studies including Lopez et. al, 2010. whose data were assembled from a survey of 25 american rendering plants.","technologyDescription":"The technology of this process is representartive of an average American rendering plant.","dataCollectionDescription":"Please refer to the Time section (in General information tab).","completenessDescription":"During the completeness and sensitivity check, a 1% cut-off criteria has been apply on the environmental significance, as calculated by the impact assessment method. Cattle by-products are considered a waste and therefore have no upstream GHG emissions attributed to it. Cooking vapours from rendering are considered a waste and are therefore exluded from the process. \n\n","dataSelectionDescription":"Process energy and mass input/output data for the rendering process are based on a Argonne National Laboratory study (Chen et al., 2017). The data in Chen et. al., 2017 relies upon data from several studies including Lopez et. al, 2010. whose data were assembled from a survey of 25 american rendering plants. The data from the Argonne National Laboratory study was compiled to model a single national average approach for the rendering of cattle by-products to beef tallow. This assumes that the conversion process is the same across provinces.","reviewDetails":"N/A","dataTreatmentDescription":"Allocation method: \nThe allocation of burdens to the meat and bone meal and beef tallow in the rendering step is performed according the energy content of the products.","inventoryMethodDescription":"N/A","modelingConstantsDescription":"Functional unit: 1 kg (37.58 MJ) (dry mass) of animal fats at the rendering plant.","samplingDescription":"N/A","restrictionsDescription":"© His Majesty the King in Right of Canada, as represented by the Minister of Environment and Climate Change, 2024","isCopyrightProtected":true,"intendedApplication":"The Government of Canada\u0027s Fuel Life Cycle Assessment (LCA) Model (the Model) is a tool to calculate the life cycle carbon intensity (CI) of fuels and energy sources used and produced in Canada.\n\nThe Model consists of the following three components:\n1) the Fuel LCA Model Database: Contains a library of CI datasets and fuel pathways developed to model a CI specific to a fuel or an energy source.\n2) the Fuel LCA Model Methodology: Describes the methodology, data sources and assumptions that were used in the development of the Model, and provides the rationale supporting the methodological approach.\n3) the Fuel LCA Model User Manual: Provides information on general definitions and concepts related to LCA as it relates to the Model. Also provides technical guidance on how to perform basic operations in the openLCA software that are required for CI calculations.\n\nThe Fuel LCA Model is designed in conformity with ISO 14040 and ISO 14044 guidelines.","projectDescription":"Current version of the Fuel LCA Model: August 2024","geographyDescription":"This process is representative of Canada, with Newfoundland and Labrador electricity. At present there are no publicly available Canadian-specific LCI data available to model the rendering of animal by-products for the production of animal fats. As such, the conversion process was modeled based on U.S. data.","creationDate":"2020-01-29T09:55:00.801","dataDocumentor":{"@type":"Actor","@id":"c165abbd-3ce5-4150-a998-455a05028457","name":"Environment and Climate Change Canada"},"dataGenerator":{"@type":"Actor","@id":"c165abbd-3ce5-4150-a998-455a05028457","name":"Environment and Climate Change Canada"},"dataSetOwner":{"@type":"Actor","@id":"c165abbd-3ce5-4150-a998-455a05028457","name":"Environment and Climate Change Canada"},"publication":{"@type":"Source","@id":"534615eb-bab6-4cda-85db-1e0c92e2e29e","name":"Fuel LCA Model Methodology"},"sources":[{"@type":"Source","@id":"31f29986-d67b-11ea-87d0-0242ac130003","name":"Chen et al. (2017)"}]},"lastInternalId":32,"parameters":[],"exchanges":[{"@type":"Exchange","isAvoidedProduct":false,"isInput":false,"amount":1.0,"internalId":12,"flow":{"@type":"Flow","@id":"cb47a17e-ea59-11eb-9a03-0242ac130003","name":"Animal fats production, from byproduct rendering, at processor [CA-NL]","category":"Intermediate flows/Data Library/Feedstocks/Animal fats","flowType":"PRODUCT_FLOW","refUnit":"kg"},"unit":{"@type":"Unit","@id":"1aad5937-9d99-4528-8883-925d477809ba","name":"kg"},"flowProperty":{"@type":"FlowProperty","@id":"3747a7c9-e423-4d1d-88a2-21d3473660d3","name":"Mass","category":"Technical flow properties","refUnit":"kg"},"isQuantitativeReference":true},{"@type":"Exchange","isAvoidedProduct":false,"isInput":false,"amount":6.563437560918784E-10,"description":"Life cycle emissions","internalId":32,"flow":{"@type":"Flow","@id":"b8c498e5-9afd-4b88-b7c7-b8567f323c86","name":"Sulphur hexafluoride (SF6)","category":"Elementary flows/Emission to air","flowType":"ELEMENTARY_FLOW","refUnit":"kg"},"unit":{"@type":"Unit","@id":"1aad5937-9d99-4528-8883-925d477809ba","name":"kg"},"flowProperty":{"@type":"FlowProperty","@id":"3747a7c9-e423-4d1d-88a2-21d3473660d3","name":"Mass","category":"Technical flow properties","refUnit":"kg"}},{"@type":"Exchange","isAvoidedProduct":false,"isInput":false,"amount":0.0029437309365603404,"description":"Life cycle emissions","internalId":27,"flow":{"@type":"Flow","@id":"35c7ea56-7f09-406f-9070-301c4a701c1d","name":"Carbon dioxide (CO2), land transformation","category":"Elementary flows/Emission to air","flowType":"ELEMENTARY_FLOW","refUnit":"kg"},"unit":{"@type":"Unit","@id":"1aad5937-9d99-4528-8883-925d477809ba","name":"kg"},"flowProperty":{"@type":"FlowProperty","@id":"3747a7c9-e423-4d1d-88a2-21d3473660d3","name":"Mass","category":"Technical flow properties","refUnit":"kg"}},{"@type":"Exchange","isAvoidedProduct":false,"isInput":false,"amount":0.2500591266349199,"description":"Life cycle emissions","internalId":26,"flow":{"@type":"Flow","@id":"a554da52-adc8-4d57-8853-17dce4428ce8","name":"Carbon dioxide (CO2), fossil","category":"Elementary flows/Emission to air","flowType":"ELEMENTARY_FLOW","refUnit":"kg"},"unit":{"@type":"Unit","@id":"1aad5937-9d99-4528-8883-925d477809ba","name":"kg"},"flowProperty":{"@type":"FlowProperty","@id":"3747a7c9-e423-4d1d-88a2-21d3473660d3","name":"Mass","category":"Technical flow properties","refUnit":"kg"}},{"@type":"Exchange","isAvoidedProduct":false,"isInput":false,"amount":5.173830127242629E-5,"description":"Life cycle emissions","internalId":29,"flow":{"@type":"Flow","@id":"897ff98a-c48a-4099-9a44-65ddc71c521d","name":"Methane (CH4), biogenic","category":"Elementary flows/Emission to air","flowType":"ELEMENTARY_FLOW","refUnit":"kg"},"unit":{"@type":"Unit","@id":"1aad5937-9d99-4528-8883-925d477809ba","name":"kg"},"flowProperty":{"@type":"FlowProperty","@id":"3747a7c9-e423-4d1d-88a2-21d3473660d3","name":"Mass","category":"Technical flow properties","refUnit":"kg"}},{"@type":"Exchange","isAvoidedProduct":false,"isInput":false,"amount":0.0034444484766927214,"description":"Life cycle emissions","internalId":28,"flow":{"@type":"Flow","@id":"32d9ba8e-2923-423b-a98a-acdba4bbe8db","name":"Carbon dioxide equivalent (CO2e)","category":"Elementary flows/Emission to air","flowType":"ELEMENTARY_FLOW","refUnit":"kg"},"unit":{"@type":"Unit","@id":"1aad5937-9d99-4528-8883-925d477809ba","name":"kg"},"flowProperty":{"@type":"FlowProperty","@id":"3747a7c9-e423-4d1d-88a2-21d3473660d3","name":"Mass","category":"Technical flow properties","refUnit":"kg"}},{"@type":"Exchange","isAvoidedProduct":false,"isInput":false,"amount":3.821973256229696E-4,"description":"Life cycle emissions","internalId":30,"flow":{"@type":"Flow","@id":"79493961-5010-4e8b-b646-9bcfe695816a","name":"Methane (CH4), fossil","category":"Elementary flows/Emission to air","flowType":"ELEMENTARY_FLOW","refUnit":"kg"},"unit":{"@type":"Unit","@id":"1aad5937-9d99-4528-8883-925d477809ba","name":"kg"},"flowProperty":{"@type":"FlowProperty","@id":"3747a7c9-e423-4d1d-88a2-21d3473660d3","name":"Mass","category":"Technical flow properties","refUnit":"kg"}},{"@type":"Exchange","isAvoidedProduct":false,"isInput":false,"amount":5.687922953578096E-6,"description":"Life cycle emissions","internalId":31,"flow":{"@type":"Flow","@id":"2eb95720-1e38-48ba-8ba8-4aa4d13ccf1e","name":"Nitrous oxide (N2O)","category":"Elementary flows/Emission to air","flowType":"ELEMENTARY_FLOW","refUnit":"kg"},"unit":{"@type":"Unit","@id":"1aad5937-9d99-4528-8883-925d477809ba","name":"kg"},"flowProperty":{"@type":"FlowProperty","@id":"3747a7c9-e423-4d1d-88a2-21d3473660d3","name":"Mass","category":"Technical flow properties","refUnit":"kg"}}],"socialAspects":[],"allocationFactors":[]}