{"@type":"Process","@id":"2bf002ce-3b91-45ca-832a-fcf729e0b3ad","name":"Truck transport, diesel, 45 tonnes","description":"The system process is used to model lifecycle emissions for diesel use to transport a load of 1 tonne of feedstock, waste, and fuel products over a distance of one km by truck. Use this generic process, unless the model already includes a specific process for the transport of the type of load. \n\nFunctional Unit: Transport of 1 tonne-km of freight transported by truck.\n\nProcess Scope: \n-transport of 1 tonne-km of freight transported by truck. This takes into consideration average loading, therefore, there is no distinction between partial or fully loaded trucks. \n-extraction of input material and energy.\n\nExclusion:\n-The exclusions are described in Chapter 2.3.1 of the Fuel LCA Model Methodology (The process does not cover the transportation infrastructure (e.g. mechanical components of the truck) or other ancillary materials).\n\nModelling Overview: The Model assumes B Train trucks are used for generic truck transport. The fuel consumption factor modeled for B Train trucks is 60.98 L/100km. This factor considers the fuel efficiency for full trucks of 50 L/100km, averaged from multiple sources (NRCan, 2000; Kabir and Kumar, 2012), an empty fuel consumption ratio of 0.6097 (Kabir and Kumar, 2012), the distance travelled empty between loads of 26% from the American Transportation Research Institute (ATRI, 2021), and the payload. \nTruck transport payloads are modelled by considering the capacity of B Train trucks (Kabir and Kumar, 2012; Council of Ministers (CoMT), 2019). The average Canadian payload of 45.0 tonnes is based on CoMT and OnSite which provides weights for full and empty trucks respectively.\n\nAllocation: No allocation procedure was performed for this process.","category":"Data Library/Transport/Generic transport","version":"00.00.039","lastChange":"2024-06-21T04:00:00Z","processType":"LCI_RESULT","isInfrastructureProcess":false,"processDocumentation":{"timeDescription":"Fuel efficiency data from multiple sources (NRCan, 2000; Kabir and Kumar, 2012). Average payload from multiple sources (Kabir and Kumar, 2012, Council of Ministers, 2019, OnSite, 2022).","technologyDescription":"The process is modeled based on data for North American truck fleets.","dataCollectionDescription":"Please refer to the Time section (in General information tab)","completenessDescription":"A 1% of environmental significance criterion, as calculated by the impact assessment method, was used to test the sensitivity of the results to assumptions and data substitutions made.","dataSelectionDescription":"Natural Resources Canada, Smartfleet and Kabir and Kumar provide fuel efficiency data for trucks. Council of Ministers and Kabir and Kumar provide capacity data for trucks.\n\nOnSite provides the weight for empty trucks, including the tractor and empty semi-trailers.","dataTreatmentDescription":"No allocation procedure was performed.","inventoryMethodDescription":"N/A","modelingConstantsDescription":"Functional Unit: Transport of 1 tonne-km of freight transported by truck.","restrictionsDescription":"© His Majesty the King in Right of Canada, as represented by the Minister of Environment and Climate Change, 2024","isCopyrightProtected":true,"intendedApplication":"The Government of Canada\u0027s Fuel Life Cycle Assessment (LCA) Model (the Model) is a tool to calculate the life cycle carbon intensity (CI) of fuels and energy sources used and produced in Canada.\n\nThe Model consists of the following three components:\n1) the Fuel LCA Model Database: Contains a library of CI datasets and fuel pathways developed to model a CI specific to a fuel or an energy source.\n2) the Fuel LCA Model Methodology: Describes the methodology, data sources and assumptions that were used in the development of the Model, and provides the rationale supporting the methodological approach.\n3) the Fuel LCA Model User Manual: Provides information on general definitions and concepts related to LCA as it relates to the Model. Also provides technical guidance on how to perform basic operations in the openLCA software that are required for CI calculations.\n\nThe Fuel LCA Model is designed in conformity with ISO 14040 and ISO 14044 guidelines.","projectDescription":"Current version of the Fuel LCA Model: August 2024","geographyDescription":"This process was developed for the Canadian context but can be used regardless of the location.","creationDate":"2020-01-24T10:59:33.222","validFrom":"1999-01-01","dataDocumentor":{"@type":"Actor","@id":"c165abbd-3ce5-4150-a998-455a05028457","name":"Environment and Climate Change Canada"},"dataGenerator":{"@type":"Actor","@id":"c165abbd-3ce5-4150-a998-455a05028457","name":"Environment and Climate Change Canada"},"dataSetOwner":{"@type":"Actor","@id":"c165abbd-3ce5-4150-a998-455a05028457","name":"Environment and Climate Change Canada"},"publication":{"@type":"Source","@id":"534615eb-bab6-4cda-85db-1e0c92e2e29e","name":"Fuel LCA Model Methodology"},"sources":[{"@type":"Source","@id":"3a36612d-c5c5-4513-9cad-a681976545a0","name":"Kabir, M. R, \u0026 Kumar A. (2012)"},{"@type":"Source","@id":"c4d5150f-ffd8-49b6-b614-e9222e454f51","name":"Council of Ministers (2019)"},{"@type":"Source","@id":"c9e639ae-64f8-4f48-b7e7-ec9e01017dd4","name":"Natural Resources Canada, FleetSmart (2000)"},{"@type":"Source","@id":"5e022137-8e45-4c2b-a992-f1e8c7cdf51b","name":"ATRI (2021)"}]},"lastInternalId":54,"parameters":[],"exchanges":[{"@type":"Exchange","isAvoidedProduct":false,"isInput":false,"amount":1.0,"internalId":47,"flow":{"@type":"Flow","@id":"b9e48686-33ee-4dd1-83e1-b94e4f49cb83","name":"Truck transport, diesel, 45 tonnes","category":"Intermediate flows/Data Library/Transport/Generic transport","flowType":"PRODUCT_FLOW","refUnit":"t*km"},"unit":{"@type":"Unit","@id":"0dea4ed8-bb6b-4049-b2b4-b2c413ef2180","name":"t*km"},"flowProperty":{"@type":"FlowProperty","@id":"838aaa20-0117-11db-92e3-0800200c9a66","name":"Goods transport (mass*length)","category":"Technical flow properties","refUnit":"t*km"},"isQuantitativeReference":true},{"@type":"Exchange","isAvoidedProduct":false,"isInput":false,"amount":9.712543547958372E-4,"description":"Life cycle emissions","internalId":50,"flow":{"@type":"Flow","@id":"32d9ba8e-2923-423b-a98a-acdba4bbe8db","name":"Carbon dioxide equivalent (CO2e)","category":"Elementary flows/Emission to air","flowType":"ELEMENTARY_FLOW","refUnit":"kg"},"unit":{"@type":"Unit","@id":"1aad5937-9d99-4528-8883-925d477809ba","name":"kg"},"flowProperty":{"@type":"FlowProperty","@id":"3747a7c9-e423-4d1d-88a2-21d3473660d3","name":"Mass","category":"Technical flow properties","refUnit":"kg"}},{"@type":"Exchange","isAvoidedProduct":false,"isInput":false,"amount":2.7608222921209236E-6,"description":"Life cycle emissions","internalId":53,"flow":{"@type":"Flow","@id":"2eb95720-1e38-48ba-8ba8-4aa4d13ccf1e","name":"Nitrous oxide (N2O)","category":"Elementary flows/Emission to air","flowType":"ELEMENTARY_FLOW","refUnit":"kg"},"unit":{"@type":"Unit","@id":"1aad5937-9d99-4528-8883-925d477809ba","name":"kg"},"flowProperty":{"@type":"FlowProperty","@id":"3747a7c9-e423-4d1d-88a2-21d3473660d3","name":"Mass","category":"Technical flow properties","refUnit":"kg"}},{"@type":"Exchange","isAvoidedProduct":false,"isInput":false,"amount":4.346647169355816E-12,"description":"Life cycle emissions","internalId":54,"flow":{"@type":"Flow","@id":"b8c498e5-9afd-4b88-b7c7-b8567f323c86","name":"Sulphur hexafluoride (SF6)","category":"Elementary flows/Emission to air","flowType":"ELEMENTARY_FLOW","refUnit":"kg"},"unit":{"@type":"Unit","@id":"1aad5937-9d99-4528-8883-925d477809ba","name":"kg"},"flowProperty":{"@type":"FlowProperty","@id":"3747a7c9-e423-4d1d-88a2-21d3473660d3","name":"Mass","category":"Technical flow properties","refUnit":"kg"}},{"@type":"Exchange","isAvoidedProduct":false,"isInput":false,"amount":5.340004665661477E-8,"description":"Life cycle emissions","internalId":51,"flow":{"@type":"Flow","@id":"897ff98a-c48a-4099-9a44-65ddc71c521d","name":"Methane (CH4), biogenic","category":"Elementary flows/Emission to air","flowType":"ELEMENTARY_FLOW","refUnit":"kg"},"unit":{"@type":"Unit","@id":"1aad5937-9d99-4528-8883-925d477809ba","name":"kg"},"flowProperty":{"@type":"FlowProperty","@id":"3747a7c9-e423-4d1d-88a2-21d3473660d3","name":"Mass","category":"Technical flow properties","refUnit":"kg"}},{"@type":"Exchange","isAvoidedProduct":false,"isInput":false,"amount":3.038278520705252E-6,"description":"Life cycle emissions","internalId":49,"flow":{"@type":"Flow","@id":"35c7ea56-7f09-406f-9070-301c4a701c1d","name":"Carbon dioxide (CO2), land transformation","category":"Elementary flows/Emission to air","flowType":"ELEMENTARY_FLOW","refUnit":"kg"},"unit":{"@type":"Unit","@id":"1aad5937-9d99-4528-8883-925d477809ba","name":"kg"},"flowProperty":{"@type":"FlowProperty","@id":"3747a7c9-e423-4d1d-88a2-21d3473660d3","name":"Mass","category":"Technical flow properties","refUnit":"kg"}},{"@type":"Exchange","isAvoidedProduct":false,"isInput":false,"amount":0.04585561756588741,"description":"Life cycle emissions","internalId":48,"flow":{"@type":"Flow","@id":"a554da52-adc8-4d57-8853-17dce4428ce8","name":"Carbon dioxide (CO2), fossil","category":"Elementary flows/Emission to air","flowType":"ELEMENTARY_FLOW","refUnit":"kg"},"unit":{"@type":"Unit","@id":"1aad5937-9d99-4528-8883-925d477809ba","name":"kg"},"flowProperty":{"@type":"FlowProperty","@id":"3747a7c9-e423-4d1d-88a2-21d3473660d3","name":"Mass","category":"Technical flow properties","refUnit":"kg"}},{"@type":"Exchange","isAvoidedProduct":false,"isInput":false,"amount":3.5098535377653744E-5,"description":"Life cycle emissions","internalId":52,"flow":{"@type":"Flow","@id":"79493961-5010-4e8b-b646-9bcfe695816a","name":"Methane (CH4), fossil","category":"Elementary flows/Emission to air","flowType":"ELEMENTARY_FLOW","refUnit":"kg"},"unit":{"@type":"Unit","@id":"1aad5937-9d99-4528-8883-925d477809ba","name":"kg"},"flowProperty":{"@type":"FlowProperty","@id":"3747a7c9-e423-4d1d-88a2-21d3473660d3","name":"Mass","category":"Technical flow properties","refUnit":"kg"}}],"socialAspects":[],"allocationFactors":[]}