{"@type":"Process","@id":"2bff0127-990b-4597-ba26-951e13fd6cca","name":"Generic waste, biogenic (energy)","description":"This process must be selected to model a biogenic waste feedstock not already included in the Data Library. \r\n\r\nFunctional unit: 1 MJ of biogenic waste at the location where it has been produced.\r\n\r\nProcess Scope: The unit process covers the production of 1 MJ of biogenic waste at the facility where it has been generated. This process has no carbon intensity associated to it and does not include the transportation of the waste feedstock to a low-carbon intensity fuel (LCIF) plant.","category":"Data Library/Feedstocks/Waste","version":"00.00.021","lastChange":"2024-06-21T04:00:00Z","processType":"LCI_RESULT","isInfrastructureProcess":false,"processDocumentation":{"timeDescription":"","technologyDescription":"N/A","dataCollectionDescription":"Please refer to the Time section (in General information tab)\n","completenessDescription":"","dataSelectionDescription":"The production of waste feedstock is associated with no carbon intensity under the Fuel LCA Model.","dataTreatmentDescription":"No allocation was performed for this unit process.","inventoryMethodDescription":"N/A\t","modelingConstantsDescription":"Functional unit: 1 kg (dry-basis) of biogenic waste at the location where it has been produced.\n\n","restrictionsDescription":"© His Majesty the King in Right of Canada, as represented by the Minister of Environment and Climate Change, 2024","isCopyrightProtected":true,"intendedApplication":"The Government of Canada\u0027s Fuel Life Cycle Assessment (LCA) Model (the Model) is a tool to calculate the life cycle carbon intensity (CI) of fuels and energy sources used and produced in Canada.\n\nThe Model consists of the following three components:\n1) the Fuel LCA Model Database: Contains a library of CI datasets and fuel pathways developed to model a CI specific to a fuel or an energy source.\n2) the Fuel LCA Model Methodology: Describes the methodology, data sources and assumptions that were used in the development of the Model, and provides the rationale supporting the methodological approach.\n3) the Fuel LCA Model User Manual: Provides information on general definitions and concepts related to LCA as it relates to the Model. Also provides technical guidance on how to perform basic operations in the openLCA software that are required for CI calculations.\n\nThe Fuel LCA Model is designed in conformity with ISO 14040 and ISO 14044 guidelines.","projectDescription":"Current version of the Fuel LCA Model: August 2024","geographyDescription":"This process was developed for the Canadian context but can be used regardless of geographical location.","creationDate":"2021-09-20T11:56:09.051","dataDocumentor":{"@type":"Actor","@id":"c165abbd-3ce5-4150-a998-455a05028457","name":"Environment and Climate Change Canada"},"dataGenerator":{"@type":"Actor","@id":"c165abbd-3ce5-4150-a998-455a05028457","name":"Environment and Climate Change Canada"},"dataSetOwner":{"@type":"Actor","@id":"c165abbd-3ce5-4150-a998-455a05028457","name":"Environment and Climate Change Canada"},"publication":{"@type":"Source","@id":"534615eb-bab6-4cda-85db-1e0c92e2e29e","name":"Fuel LCA Model Methodology"}},"lastInternalId":3,"parameters":[],"exchanges":[{"@type":"Exchange","isAvoidedProduct":false,"isInput":false,"amount":1.0,"internalId":3,"flow":{"@type":"Flow","@id":"9a521e51-44ff-49a8-a175-46239c70cda3","name":"Generic waste, biogenic (energy)","category":"Intermediate flows/Data Library/Feedstocks/Waste","flowType":"PRODUCT_FLOW","refUnit":"MJ"},"unit":{"@type":"Unit","@id":"52765a6c-3896-43c2-b2f4-c679acf13efe","name":"MJ"},"flowProperty":{"@type":"FlowProperty","@id":"f6811440-ee37-11de-8a39-0800200c9a66","name":"Energy","category":"Technical flow properties","refUnit":"MJ"},"isQuantitativeReference":true}],"socialAspects":[],"allocationFactors":[]}