{"@type":"Process","@id":"30f7fc57-306f-4348-b622-c64ca16078e2","name":"Process emissions, SMR of natural gas, per MJ hydrogen","description":"Model users can use this unit process to enter data on process emissions related to the steam methane-reforming (SMR) technology in the Inputs/Ouputs tab. \n\nFunctional unit: Process emissions related to the production of 1 MJ of hydrogen from SMR of natural gas\n\nProcess scope: This process only covers the process emissions related to the production of 1 MJ of hydrogen from SMR of natural gas.\n\nModel users should enter as output flows all GHG emission flows from the folder \"Flows/Elementary flows/Emission to air\". Once filled out, this process should be entered as an input in the unit process “1- Hydrogen production, at hydrogen production plant”.","category":"Fuel Pathways/Hydrogen pathway/Energy basis/Other inputs for hydrogen production","version":"00.00.001","lastChange":"2024-06-21T18:35:27.238Z","processType":"UNIT_PROCESS","isInfrastructureProcess":false,"processDocumentation":{"timeDescription":"","technologyDescription":"","dataCollectionDescription":"","completenessDescription":"","dataSelectionDescription":"","dataTreatmentDescription":"","modelingConstantsDescription":"","restrictionsDescription":"© His Majesty the King in Right of Canada, as represented by the Minister of Environment and Climate Change, 2024","isCopyrightProtected":true,"intendedApplication":"The Government of Canada\u0027s Fuel Life Cycle Assessment (LCA) Model (the Model) is a tool to calculate the life cycle carbon intensity (CI) of fuels and energy sources used and produced in Canada.\n\nThe Model consists of the following three components:\n1) the Fuel LCA Model Database: Contains a library of CI datasets and fuel pathways developed to model a CI specific to a fuel or an energy source.\n2) the Fuel LCA Model Methodology: Describes the methodology, data sources and assumptions that were used in the development of the Model, and provides the rationale supporting the methodological approach.\n3) the Fuel LCA Model User Manual: Provides information on general definitions and concepts related to LCA as it relates to the Model. Also provides technical guidance on how to perform basic operations in the openLCA software that are required for CI calculations.\n\nThe Fuel LCA Model is designed in conformity with ISO 14040 and ISO 14044 guidelines.","projectDescription":"Current version of the Fuel LCA Model: August 2024","geographyDescription":"","creationDate":"2021-06-22T19:40:53.698","dataDocumentor":{"@type":"Actor","@id":"c165abbd-3ce5-4150-a998-455a05028457","name":"Environment and Climate Change Canada"},"dataGenerator":{"@type":"Actor","@id":"c165abbd-3ce5-4150-a998-455a05028457","name":"Environment and Climate Change Canada"},"dataSetOwner":{"@type":"Actor","@id":"c165abbd-3ce5-4150-a998-455a05028457","name":"Environment and Climate Change Canada"},"publication":{"@type":"Source","@id":"534615eb-bab6-4cda-85db-1e0c92e2e29e","name":"Fuel LCA Model Methodology"}},"lastInternalId":2,"parameters":[],"exchanges":[{"@type":"Exchange","isAvoidedProduct":false,"isInput":false,"amount":1.0,"internalId":1,"flow":{"@type":"Flow","@id":"89d4c464-f895-4f54-b2ae-a7862c336bc0","name":"Process emissions, SMR of natural gas, per MJ hydrogen","category":"Intermediate flows/Fuel Pathways/Hydrogen pathway/Energy basis/Other inputs for hydrogen production","flowType":"PRODUCT_FLOW","refUnit":"MJ"},"unit":{"@type":"Unit","@id":"52765a6c-3896-43c2-b2f4-c679acf13efe","name":"MJ"},"flowProperty":{"@type":"FlowProperty","@id":"f6811440-ee37-11de-8a39-0800200c9a66","name":"Energy","category":"Technical flow properties","refUnit":"MJ"},"isQuantitativeReference":true}],"socialAspects":[],"allocationFactors":[]}