{"@type":"Process","@id":"37e40ee7-a61e-46ae-8575-cf2af8bae289","name":"Lignite coal, at end user","description":"Functional unit: 1 MJ of lignite coal at end user.\r\n\r\nThis unit process models the life cycle emissions released from coal extraction to the distribution of lignite coal to the power plant (end user) in by rail.\r\n\r\nProcess scope:\r\n- Extraction and production: The extraction process include energy inputs and emissions for coal mining, coal washing, and coal crushing and stacking. \r\n- Distribution: This process covers the distribution of coal from the mining site to the power plant (end user).\r\n\r\nModelling overview: \r\n\r\nThe scope of the analysis for coal was limited to thermal coal used in electricity facility. This unit process is representative of the extraction, production and distribution of the lignite coal. \r\n\r\n- Extraction: The different types of coal are extracted via surface mining. The data were adapted to compile LCI for extraction and processing of each type of thermal coal based on the energy density of each coal type. The scope of this process include fuel combustion in stationary equipment at coal mines, fuel combustion in mobile equipment at coal mines, venting of methane during coal extraction and fugitive emissions from coal mining activities.  The emissions also included imported coal.  The GHG emissions for imported coal from US represents the upstream emissions for average US coal extraction taken from GREET. \r\n- Distribution: Lignite coal distribution is by train across Canada. Data on Coal consumption by type has been compiled using annual fuel consumed by electric utility thermal plants in each provinces.\r\n\r\nAllocation:  No allocation procedure was performed for coal distribution","category":"Data Library/Fossil fuels/Non-combusted fossil fuels, at end user","version":"00.00.026","lastChange":"2024-06-21T04:00:00Z","processType":"LCI_RESULT","isInfrastructureProcess":false,"processDocumentation":{"timeDescription":"The modelling is based on 2012 Canadian average for the coal extraction and on 2016 Canadian average data, for the coal consumption and distribution. For more details please see the “Data selection” in the modelling and validation tab.","technologyDescription":"Coal Extraction:  The different types of coal are extracted via surface mining. The extraction processes include coal mining and cleaning.\nDistribution: Lignite coal distribution by train.","dataCollectionDescription":"Please refer to the Time section (in General information tab).","completenessDescription":"During the completeness and sensitivity check, a 1% cut-off criteria has been apply on the environmental significance, as calculated by the impact assessment method.\n\nThe following processes are excluded from calculations of the CI of lignite coal:\n• Construction and decommissioning of mines, drilling sites, production facilities (e.g. refineries and upgraders;\n• The manufacturing of fuel transportation infrastructures (i.e., pipelines, trucks, ships, roads) and fuel combustion infrastructure (i.e., vehicles, boilers);\n• Oil and gas exploration;\n• GHG emissions associated with exported fuels;\n• Research and development activities; and\n• Indirect activities associated with fuel production, such as marketing, accounting, and legal activities.\n• Land use change related to the extraction stage.","dataSelectionDescription":"Coal extraction: The life cycle inventory for Canadian coal extraction was based primarily on data from a 2014 GHG emissions inventory for Canadian coal mining between 1990 – 2012 (Cheminfo Services Inc. \u0026 Clearstone Engineering Ltd.  2014). In this study, a combination of mining company surveys and field research was used to compile energy inputs and emissions from coal mining and processing activities in Canada. Data from the 2012 production year were used since they were the most recent data available to characterize Canadian coal mining operations. Thus, the carbon intensity of the extraction stage, which was assumed to occur entirely in Western Canada, was based on 2012 data from a study by Cheminfo Services Inc.  Secondary data from the US (Burhham et al., 2012 Table S7) was used to identify the CH4 venting emissions factors assuming surface mining coal production.  Compilation of a National Inventory of Greenhouse Gas and Fugitive VOC Emissions by the Canadian Coal Mining Industry (Clearstone Engineering Ltd. \u0026 Cheminfo Services Inc. 2014 (Table 4)) and was used to determine the CH4 and CO2 fugitives emissions. GREET model was used to determined the emissions factors of imported coal.   Data on Coal consumption are from Statistics Canada (2016) of Table 25-10-0017-01 which represents the annual fuel consumed by electric utility thermal plants by type of coal.\nCoal HHV has been determined using the ECCC internal NIR HHV Database. \n\nCoal distribution:  The share of coal distributed to each type of coal provinces is based on data for average coal consumption in each province from 2016 Statistics data for electricity generated from coal (Statistic Canada (Table 25-10-0017-01).  Thermal consumption and energy in Alberta is based on Figure S7.1  Alberta Marketable Coal Production, 2016, excluding metallurgical coal (Alberta Energy Regulator). Thermal consumption and energy in BC is based on Government of BC geological surveys.  The distance is estimated based on expert judgement.\n\nThe share of sub-bituminous and bituminous coal is based on data from Alberta Energy Regulator Statistical Series 98: Coal - Statistics and Data (AER, 2020). The distance is estimated based on expert judgement.","dataTreatmentDescription":"Allocation method:\nGiven the interconnectivity of the different fossil fuel chain values, allocation methods based on the energy content of fuels was used to allocate impacts between co-products of multifunctional processes (for which there is more than one product).","modelingConstantsDescription":"1 MJ of lignite coal at the end user.","restrictionsDescription":"© His Majesty the King in Right of Canada, as represented by the Minister of Environment and Climate Change, 2024","isCopyrightProtected":true,"intendedApplication":"The Government of Canada\u0027s Fuel Life Cycle Assessment (LCA) Model (the Model) is a tool to calculate the life cycle carbon intensity (CI) of fuels and energy sources used and produced in Canada.\n\nThe Model consists of the following three components:\n1) the Fuel LCA Model Database: Contains a library of CI datasets and fuel pathways developed to model a CI specific to a fuel or an energy source.\n2) the Fuel LCA Model Methodology: Describes the methodology, data sources and assumptions that were used in the development of the Model, and provides the rationale supporting the methodological approach.\n3) the Fuel LCA Model User Manual: Provides information on general definitions and concepts related to LCA as it relates to the Model. Also provides technical guidance on how to perform basic operations in the openLCA software that are required for CI calculations.\n\nThe Fuel LCA Model is designed in conformity with ISO 14040 and ISO 14044 guidelines.","projectDescription":"Current version of the Fuel LCA Model: August 2024","geographyDescription":"This process was developed for the Canadian context but can be used regardless of geographical location.\n\nThe CI value for imported coal from the U.S. was obtained from the GREET tool by Argonne National Laboratories.","creationDate":"2021-07-09T11:20:39.683","validFrom":"2012-01-01","validUntil":"2016-12-31","dataDocumentor":{"@type":"Actor","@id":"c165abbd-3ce5-4150-a998-455a05028457","name":"Environment and Climate Change Canada"},"dataGenerator":{"@type":"Actor","@id":"c165abbd-3ce5-4150-a998-455a05028457","name":"Environment and Climate Change Canada"},"dataSetOwner":{"@type":"Actor","@id":"c165abbd-3ce5-4150-a998-455a05028457","name":"Environment and Climate Change Canada"},"publication":{"@type":"Source","@id":"534615eb-bab6-4cda-85db-1e0c92e2e29e","name":"Fuel LCA Model Methodology"},"sources":[{"@type":"Source","@id":"0775f480-8b13-11eb-8dcd-0242ac130003","name":"Statistics Canada (2019)"},{"@type":"Source","@id":"20bbbde0-9224-11eb-a8b3-0242ac130003","name":"Alberta Energy Regulator (2016)"},{"@type":"Source","@id":"f3f3d0c3-b1ca-4968-8b0e-6acd4bd0378a","name":"Government of British Columbia Geological Survey"},{"@type":"Source","@id":"0775f930-8b13-11eb-8dcd-0242ac130003","name":"Statistics Canada (Table 8-2)"},{"@type":"Source","@id":"0775de14-8b13-11eb-8dcd-0242ac130003","name":"Alberta Energy Regulator (2020)"},{"@type":"Source","@id":"0775f264-8b13-11eb-8dcd-0242ac130003","name":"Statistics Canada: Energy Handbook Appendices"},{"@type":"Source","@id":"e20640db-3ff1-46e0-889e-93936f90f760","name":"National Inventory Report (2018)"},{"@type":"Source","@id":"31f293f0-d67b-11ea-87d0-0242ac130003","name":"Argonne National Lab. (2018). GREET."},{"@type":"Source","@id":"0775e2ce-8b13-11eb-8dcd-0242ac130003","name":"Canada\u0027s Energy Future (2018)"},{"@type":"Source","@id":"8f0660a2-7141-4eea-8cf7-b69177d484e2","name":"Burnham et al. (2012)"},{"@type":"Source","@id":"0775e4fe-8b13-11eb-8dcd-0242ac130003","name":"Clearstone \u0026 Cheminfo (2014)"},{"@type":"Source","@id":"1e254234-8c03-4a84-8ca0-6d51fc31c091","name":"Statistics Canada (2016; Table 25-10-0017-01)"}]},"lastInternalId":21,"parameters":[],"exchanges":[{"@type":"Exchange","isAvoidedProduct":false,"isInput":false,"amount":1.0,"internalId":1,"flow":{"@type":"Flow","@id":"62387e0d-5b49-4fe6-8562-a487087925e6","name":"Lignite coal, at end user","category":"Intermediate flows/Data Library/Fossil fuels/Non-combusted fossil fuels, at end user","flowType":"PRODUCT_FLOW","refUnit":"MJ"},"unit":{"@type":"Unit","@id":"52765a6c-3896-43c2-b2f4-c679acf13efe","name":"MJ"},"flowProperty":{"@type":"FlowProperty","@id":"f6811440-ee37-11de-8a39-0800200c9a66","name":"Energy","category":"Technical flow properties","refUnit":"MJ"},"isQuantitativeReference":true},{"@type":"Exchange","isAvoidedProduct":false,"isInput":false,"amount":2.4853552098036635E-9,"description":"Life cycle emissions","internalId":18,"flow":{"@type":"Flow","@id":"897ff98a-c48a-4099-9a44-65ddc71c521d","name":"Methane (CH4), biogenic","category":"Elementary flows/Emission to air","flowType":"ELEMENTARY_FLOW","refUnit":"kg"},"unit":{"@type":"Unit","@id":"1aad5937-9d99-4528-8883-925d477809ba","name":"kg"},"flowProperty":{"@type":"FlowProperty","@id":"3747a7c9-e423-4d1d-88a2-21d3473660d3","name":"Mass","category":"Technical flow properties","refUnit":"kg"}},{"@type":"Exchange","isAvoidedProduct":false,"isInput":false,"amount":7.401969204811502E-5,"description":"Life cycle emissions","internalId":19,"flow":{"@type":"Flow","@id":"79493961-5010-4e8b-b646-9bcfe695816a","name":"Methane (CH4), fossil","category":"Elementary flows/Emission to air","flowType":"ELEMENTARY_FLOW","refUnit":"kg"},"unit":{"@type":"Unit","@id":"1aad5937-9d99-4528-8883-925d477809ba","name":"kg"},"flowProperty":{"@type":"FlowProperty","@id":"3747a7c9-e423-4d1d-88a2-21d3473660d3","name":"Mass","category":"Technical flow properties","refUnit":"kg"}},{"@type":"Exchange","isAvoidedProduct":false,"isInput":false,"amount":3.807608997156497E-5,"description":"Life cycle emissions","internalId":17,"flow":{"@type":"Flow","@id":"32d9ba8e-2923-423b-a98a-acdba4bbe8db","name":"Carbon dioxide equivalent (CO2e)","category":"Elementary flows/Emission to air","flowType":"ELEMENTARY_FLOW","refUnit":"kg"},"unit":{"@type":"Unit","@id":"1aad5937-9d99-4528-8883-925d477809ba","name":"kg"},"flowProperty":{"@type":"FlowProperty","@id":"3747a7c9-e423-4d1d-88a2-21d3473660d3","name":"Mass","category":"Technical flow properties","refUnit":"kg"}},{"@type":"Exchange","isAvoidedProduct":false,"isInput":false,"amount":2.0190107180175755E-13,"description":"Life cycle emissions","internalId":21,"flow":{"@type":"Flow","@id":"b8c498e5-9afd-4b88-b7c7-b8567f323c86","name":"Sulphur hexafluoride (SF6)","category":"Elementary flows/Emission to air","flowType":"ELEMENTARY_FLOW","refUnit":"kg"},"unit":{"@type":"Unit","@id":"1aad5937-9d99-4528-8883-925d477809ba","name":"kg"},"flowProperty":{"@type":"FlowProperty","@id":"3747a7c9-e423-4d1d-88a2-21d3473660d3","name":"Mass","category":"Technical flow properties","refUnit":"kg"}},{"@type":"Exchange","isAvoidedProduct":false,"isInput":false,"amount":1.1798428139743105E-7,"description":"Life cycle emissions","internalId":20,"flow":{"@type":"Flow","@id":"2eb95720-1e38-48ba-8ba8-4aa4d13ccf1e","name":"Nitrous oxide (N2O)","category":"Elementary flows/Emission to air","flowType":"ELEMENTARY_FLOW","refUnit":"kg"},"unit":{"@type":"Unit","@id":"1aad5937-9d99-4528-8883-925d477809ba","name":"kg"},"flowProperty":{"@type":"FlowProperty","@id":"3747a7c9-e423-4d1d-88a2-21d3473660d3","name":"Mass","category":"Technical flow properties","refUnit":"kg"}},{"@type":"Exchange","isAvoidedProduct":false,"isInput":false,"amount":0.0022469775835488384,"description":"Life cycle emissions","internalId":15,"flow":{"@type":"Flow","@id":"a554da52-adc8-4d57-8853-17dce4428ce8","name":"Carbon dioxide (CO2), fossil","category":"Elementary flows/Emission to air","flowType":"ELEMENTARY_FLOW","refUnit":"kg"},"unit":{"@type":"Unit","@id":"1aad5937-9d99-4528-8883-925d477809ba","name":"kg"},"flowProperty":{"@type":"FlowProperty","@id":"3747a7c9-e423-4d1d-88a2-21d3473660d3","name":"Mass","category":"Technical flow properties","refUnit":"kg"}},{"@type":"Exchange","isAvoidedProduct":false,"isInput":false,"amount":1.4140814137986775E-7,"description":"Life cycle emissions","internalId":16,"flow":{"@type":"Flow","@id":"35c7ea56-7f09-406f-9070-301c4a701c1d","name":"Carbon dioxide (CO2), land transformation","category":"Elementary flows/Emission to air","flowType":"ELEMENTARY_FLOW","refUnit":"kg"},"unit":{"@type":"Unit","@id":"1aad5937-9d99-4528-8883-925d477809ba","name":"kg"},"flowProperty":{"@type":"FlowProperty","@id":"3747a7c9-e423-4d1d-88a2-21d3473660d3","name":"Mass","category":"Technical flow properties","refUnit":"kg"}}],"socialAspects":[],"allocationFactors":[]}