{"@type":"Process","@id":"389c6f32-693f-4dfa-9970-4b8c41c0f9e2","name":"Pipeline transport, of renewable propane, dedicated pipeline, including flaring emissions","description":"The system process models lifecycle emissions for the transport of 1 tonne-km of renewable propane using a pipeline dedicated for renewable propane transport in Canada (CA).\n\nFunctional Unit: Transport of 1 tonne-km of renewable propane in Canada, in a dedicated pipeline.\n\nProcess Scope: \n-transport 1 tonne-kilometer of renewable propane by dedicated pipeline. This includes the flaring emissions associated with renewable propane transport by pipeline. \n-extraction of input material and energy.\n\nExclusion:\n-The exclusions are described in Chapter 2.3.1 of the Fuel LCA Model Methodology (The process does not cover the transportation infrastructure (e.g. construction of the pipeline) or other ancillary materials).\n\nModelling Overview: The amount of energy consumed per tkm of liquid renewable propane pipeline transport is based on GREET 2022, using crude oil pipelines as a proxy. Weighted average energy to transport 1 MJ over a distance of 1 km by pipeline was used to model the energy use. Electricity is responsible for 100% of the energy needed for pump operations. The average Canadian grid electricity was used to reflect the emissions due to the average electricity usage across Canada.\nFugitive emissions, emergency response emissions and venting emissions were excluded for renewable propane transport and only flaring emissions were included. The 2021 reference year data collected for 2023 Canada’s National Inventory Report (NIR, 2023) is used to quantify flaring emissions from propane pipelines, using natural gas as a proxy. \n\nAllocation: No allocation procedure was performed for this process.","category":"Data Library/Transport/Propane transport","version":"00.00.023","lastChange":"2024-06-21T04:00:00Z","processType":"LCI_RESULT","isInfrastructureProcess":false,"processDocumentation":{"timeDescription":"The amount of energy consumed per tkm of gas pipeline transport is based on GREET 2022. Data on flaring emissions from natural gas pipelines is from 2021 reference year data collected for 2023 Canada’s National Inventory Report (NIR, 2023). ","technologyDescription":"Electricity is responsible for 100% of the energy needed for pump operations. ","dataCollectionDescription":"Please refer to the Time section (in General information tab)","completenessDescription":"A 1% of environmental significance criterion, as calculated by the impact assessment method, was used to test the sensitivity of the results to assumptions and data substitutions made.","dataSelectionDescription":"GREET 2022 crude oil pipeline model has been used as a proxy for renewable propane transport in this system process. Weighted average energy to transport 1 MJ over a distance of 1 km by pipeline was used to model the energy use. Electricity is responsible for 100% of the energy needed for pump operations. The average Canadian grid electricity was used to reflect the emissions due to the average electricity usage across Canada.\nData on flaring emissions from natural gas pipelines is from 2021 reference year data collected for 2023 Canada’s National Inventory Report (NIR, 2023).","dataTreatmentDescription":"No allocation procedure was performed.","modelingConstantsDescription":"Functional Unit: Transport of 1 tonne-km of renewable propane in Canada, in a dedicated pipeline.","restrictionsDescription":"© His Majesty the King in Right of Canada, as represented by the Minister of Environment and Climate Change, 2024","isCopyrightProtected":true,"intendedApplication":"The Government of Canada\u0027s Fuel Life Cycle Assessment (LCA) Model (the Model) is a tool to calculate the life cycle carbon intensity (CI) of fuels and energy sources used and produced in Canada.\n\nThe Model consists of the following three components:\n1) the Fuel LCA Model Database: Contains a library of CI datasets and fuel pathways developed to model a CI specific to a fuel or an energy source.\n2) the Fuel LCA Model Methodology: Describes the methodology, data sources and assumptions that were used in the development of the Model, and provides the rationale supporting the methodological approach.\n3) the Fuel LCA Model User Manual: Provides information on general definitions and concepts related to LCA as it relates to the Model. Also provides technical guidance on how to perform basic operations in the openLCA software that are required for CI calculations.\n\nThe Fuel LCA Model is designed in conformity with ISO 14040 and ISO 14044 guidelines.","projectDescription":"Current version of the Fuel LCA Model: August 2024","geographyDescription":"This process was developed for the Canadian context but can be used regardless of geographical location.","creationDate":"2022-05-19T17:05:36.684","validFrom":"2021-01-01","dataDocumentor":{"@type":"Actor","@id":"c165abbd-3ce5-4150-a998-455a05028457","name":"Environment and Climate Change Canada"},"dataGenerator":{"@type":"Actor","@id":"c165abbd-3ce5-4150-a998-455a05028457","name":"Environment and Climate Change Canada"},"dataSetOwner":{"@type":"Actor","@id":"c165abbd-3ce5-4150-a998-455a05028457","name":"Environment and Climate Change Canada"},"publication":{"@type":"Source","@id":"534615eb-bab6-4cda-85db-1e0c92e2e29e","name":"Fuel LCA Model Methodology"},"sources":[{"@type":"Source","@id":"e5c7c5fe-d1b2-45d1-9a8c-da9a329326c7","name":"Argonne National Lab. (2022). GREET."},{"@type":"Source","@id":"e1231390-2309-473c-ae36-a2597e8395c4","name":"National Inventory Report (2023)"}]},"lastInternalId":49,"parameters":[],"exchanges":[{"@type":"Exchange","isAvoidedProduct":false,"isInput":false,"amount":1.0,"internalId":9,"flow":{"@type":"Flow","@id":"796a23ea-2355-4521-9f52-a7c2048fb0b2","name":"Pipeline transport, of renewable propane, dedicated pipeline, including flaring emissions","category":"Intermediate flows/Data Library/Transport/Propane transport","flowType":"PRODUCT_FLOW","refUnit":"t*km"},"unit":{"@type":"Unit","@id":"0dea4ed8-bb6b-4049-b2b4-b2c413ef2180","name":"t*km"},"flowProperty":{"@type":"FlowProperty","@id":"838aaa20-0117-11db-92e3-0800200c9a66","name":"Goods transport (mass*length)","category":"Technical flow properties","refUnit":"t*km"},"isQuantitativeReference":true},{"@type":"Exchange","isAvoidedProduct":false,"isInput":false,"amount":6.735522434181729E-4,"description":"Life cycle emissions","internalId":44,"flow":{"@type":"Flow","@id":"35c7ea56-7f09-406f-9070-301c4a701c1d","name":"Carbon dioxide (CO2), land transformation","category":"Elementary flows/Emission to air","flowType":"ELEMENTARY_FLOW","refUnit":"kg"},"unit":{"@type":"Unit","@id":"1aad5937-9d99-4528-8883-925d477809ba","name":"kg"},"flowProperty":{"@type":"FlowProperty","@id":"3747a7c9-e423-4d1d-88a2-21d3473660d3","name":"Mass","category":"Technical flow properties","refUnit":"kg"}},{"@type":"Exchange","isAvoidedProduct":false,"isInput":false,"amount":1.192374610269662E-5,"description":"Life cycle emissions","internalId":46,"flow":{"@type":"Flow","@id":"897ff98a-c48a-4099-9a44-65ddc71c521d","name":"Methane (CH4), biogenic","category":"Elementary flows/Emission to air","flowType":"ELEMENTARY_FLOW","refUnit":"kg"},"unit":{"@type":"Unit","@id":"1aad5937-9d99-4528-8883-925d477809ba","name":"kg"},"flowProperty":{"@type":"FlowProperty","@id":"3747a7c9-e423-4d1d-88a2-21d3473660d3","name":"Mass","category":"Technical flow properties","refUnit":"kg"}},{"@type":"Exchange","isAvoidedProduct":false,"isInput":false,"amount":2.0579736160144322E-7,"description":"Life cycle emissions","internalId":48,"flow":{"@type":"Flow","@id":"2eb95720-1e38-48ba-8ba8-4aa4d13ccf1e","name":"Nitrous oxide (N2O)","category":"Elementary flows/Emission to air","flowType":"ELEMENTARY_FLOW","refUnit":"kg"},"unit":{"@type":"Unit","@id":"1aad5937-9d99-4528-8883-925d477809ba","name":"kg"},"flowProperty":{"@type":"FlowProperty","@id":"3747a7c9-e423-4d1d-88a2-21d3473660d3","name":"Mass","category":"Technical flow properties","refUnit":"kg"}},{"@type":"Exchange","isAvoidedProduct":false,"isInput":false,"amount":0.009290999812377174,"description":"Life cycle emissions","internalId":43,"flow":{"@type":"Flow","@id":"a554da52-adc8-4d57-8853-17dce4428ce8","name":"Carbon dioxide (CO2), fossil","category":"Elementary flows/Emission to air","flowType":"ELEMENTARY_FLOW","refUnit":"kg"},"unit":{"@type":"Unit","@id":"1aad5937-9d99-4528-8883-925d477809ba","name":"kg"},"flowProperty":{"@type":"FlowProperty","@id":"3747a7c9-e423-4d1d-88a2-21d3473660d3","name":"Mass","category":"Technical flow properties","refUnit":"kg"}},{"@type":"Exchange","isAvoidedProduct":false,"isInput":false,"amount":1.066255400483499E-5,"description":"Life cycle emissions","internalId":45,"flow":{"@type":"Flow","@id":"32d9ba8e-2923-423b-a98a-acdba4bbe8db","name":"Carbon dioxide equivalent (CO2e)","category":"Elementary flows/Emission to air","flowType":"ELEMENTARY_FLOW","refUnit":"kg"},"unit":{"@type":"Unit","@id":"1aad5937-9d99-4528-8883-925d477809ba","name":"kg"},"flowProperty":{"@type":"FlowProperty","@id":"3747a7c9-e423-4d1d-88a2-21d3473660d3","name":"Mass","category":"Technical flow properties","refUnit":"kg"}},{"@type":"Exchange","isAvoidedProduct":false,"isInput":false,"amount":1.260762892158376E-5,"description":"Life cycle emissions","internalId":47,"flow":{"@type":"Flow","@id":"79493961-5010-4e8b-b646-9bcfe695816a","name":"Methane (CH4), fossil","category":"Elementary flows/Emission to air","flowType":"ELEMENTARY_FLOW","refUnit":"kg"},"unit":{"@type":"Unit","@id":"1aad5937-9d99-4528-8883-925d477809ba","name":"kg"},"flowProperty":{"@type":"FlowProperty","@id":"3747a7c9-e423-4d1d-88a2-21d3473660d3","name":"Mass","category":"Technical flow properties","refUnit":"kg"}},{"@type":"Exchange","isAvoidedProduct":false,"isInput":false,"amount":9.63602886409268E-10,"description":"Life cycle emissions","internalId":49,"flow":{"@type":"Flow","@id":"b8c498e5-9afd-4b88-b7c7-b8567f323c86","name":"Sulphur hexafluoride (SF6)","category":"Elementary flows/Emission to air","flowType":"ELEMENTARY_FLOW","refUnit":"kg"},"unit":{"@type":"Unit","@id":"1aad5937-9d99-4528-8883-925d477809ba","name":"kg"},"flowProperty":{"@type":"FlowProperty","@id":"3747a7c9-e423-4d1d-88a2-21d3473660d3","name":"Mass","category":"Technical flow properties","refUnit":"kg"}}],"socialAspects":[],"allocationFactors":[]}