{"@type":"Process","@id":"4afd6074-1ff8-44b7-89ac-b26cdd0bd826","name":"Electricity, excess, to grid [CA-PE]","description":"This system process models lifecycle emissions associated with the production of 1 kWh of electricity on the grid. It should be used to model the electricity displaced when a generation facility exports its excess electricity to the grid.\nFunctional unit: 1 kWh of electricity on the grid.\n\nProcess Scope: \n• Combustion emissions from fuel used for electricity generation.\n• Cradle-to-gate GHG emissions for fossil fuels and uranium used for electricity generation.\n• Reservoir emissions related to hydroelectricity generation.\nExclusions: \nIn addition to the exclusions listed in Chapter 2.3.1 of the Fuel LCA Model Methodology that are applied to all processes in the Fuel LCA Model, the following activities are also excluded:\n• Inter-provincial and international trade.\n• Electricity losses from electricity transmission and distribution.\n• SF6 emissions produced from equipment used in electricity transmission and distribution.\n\nModelling Overview: \nDirect emissions were modelled using ECCC’s National Inventory Report (2023). Electricity generation from coal reported in the NIR is further disaggregated using Statistics Canada Table 25-10-0019-01, and fossil fuel electricity generation data was supplemented with Statistics Canada Table 25-10-0028-01. The modelling does not account for losses in transmission and distribution. Feedstock amounts per kWh were calculated using Statistics Canada data on electricity generation and fuel consumption. Reservoir emissions are based on net emissions over 100 years as estimated from the G-res model and published in Levasseur et al. (2021). The estimations are for Quebec reservoirs and used as proxy for all reservoirs in Canada. The share of hydroelectricity generated from reservoirs is sourced from the Canadian Analytical Framework for the Environmental Evaluation of Electricity (CAFE3) tool. The process includes life cycle emissions from fuel inputs for electricity generation including bituminous coal, lignite coal, sub-bituminous coal, natural gas, diesel, light fuel oil, and uranium (nuclear).\n\nAllocation method:\nNo allocation procedure was performed.","category":"Data Library/Electricity/Excess electricity to grid/Canadian grid electricity","version":"00.00.025","lastChange":"2024-06-21T04:00:00Z","processType":"LCI_RESULT","defaultAllocationMethod":"NO_ALLOCATION","isInfrastructureProcess":false,"processDocumentation":{"timeDescription":"• Data from the 2023 National Inventory Report was used to model this process, using the 2021 reference year.\n• Data from Statistics Canada Table 25-10-0019-01 was used to model this process, using the 2021 reference year.\n• Data from Statistics Canada Table 25-10-0028-01 was used to model this process, using the 2021 reference year.\n• Data from Statistics Canada Table 25-10-0029-01 was used to model this process, using the 2021 reference year.\n• Data from Levasseur et al. (2021) was used to model this process, data from G-res model (2017)\n• Data from CAFE3 model (2017) was used to model this process","technologyDescription":"This process is representative of electricity generation technologies in the province of Prince Edward Island.","dataCollectionDescription":"Please refer to the Time section (in General information tab)","completenessDescription":"A 1% of environmental significance criterion, as calculated by the impact assessment method, was used to test the sensitivity of the results to assumptions and data substitutions made.","dataSelectionDescription":"The National Inventory Report (NIR) provides direct emission intensities related to the generation of electricity by the Public Electricity and Heat Production category (IPCC Category 1.A.1.a), on a national and provincial level. Emission intensities reflect GHG emissions associated with electricity delivered by the grid. Data from the 2023 NIR for the 2021 reference year are based on total fuel consumption by the public utility sector, as provided in the Report on Energy Supply and Demand in Canada (RESD), in the publication Electric Power Generation, Transmission and Distribution (EPGTD) (Statistics Canada 57-202-X), and online via Statistics Canada data tables 25-10-0019-01, 25-10-0020-01, 25-10-0021-01 and 25-10-0017-01 (Statistics Canada, n.d. [c], n.d. [d], n.d. [e], n.d. [f]).\n\nThe principal source of information for the grid mix are the Table A13-x in the NIR (2023). Coal generation was disaggregated to lignite, bituminous and sub-bituminous coal using StatCan Table 25-10-0019-01: “Electricity from fuels, annual generation by electric utility thermal plants”. The refined petroleum products portion is made up of diesel and light fuel oil and of heavy fuel oil. These flows are directly informed by StatCan Table 25-10-0028-01: “Electricity generated from fossil fuels, annual”.\n\nFeedstock amounts per kWh on the grid are calculated using the grid mix composition, presented in the previous point, and heat rates for fuel consumption (in MJ/kWh). Heat rates for fossil fuels used for energy generation are determined using the Canada values sourced from:\n• Table 25-10-0028-01: Electricity generated from fossil fuels, annual\n• Table 25-10-0029-01: Supply and demand of primary and secondary energy in terajoules, annual\n• ECCC’s internal modelling tool, CAFE3 (Nuclear)\n\nReservoir emissions are calculated using factors in g/kWh from Levasseur, A., S. Mercier-Blais, Y. T. Prairie, A. Tremblay, and C. Turpin. 2021. “Improving the Accuracy of Electricity Carbon Footprint: Estimation of Hydroelectric Reservoir Greenhouse Gas Emissions.” Renewable and Sustainable Energy Reviews 136 (February): 110433. https://doi.org/10.1016/j.rser.2020.110433. The fraction of hydroelectricity that is from reservoirs is based on factors calculated by CIRAIG and integrated in CAFE3. ","reviewDetails":"","dataTreatmentDescription":"Allocation method:\nNo allocation procedure was performed.","inventoryMethodDescription":"","modelingConstantsDescription":"Functional unit: 1 kWh of electricity on the grid.","samplingDescription":"","restrictionsDescription":"© His Majesty the King in Right of Canada, as represented by the Minister of Environment and Climate Change, 2024","isCopyrightProtected":true,"intendedApplication":"The Government of Canada\u0027s Fuel Life Cycle Assessment (LCA) Model (the Model) is a tool to calculate the life cycle carbon intensity (CI) of fuels and energy sources used and produced in Canada.\n\nThe Model consists of the following three components:\n1) the Fuel LCA Model Database: Contains a library of CI datasets and fuel pathways developed to model a CI specific to a fuel or an energy source.\n2) the Fuel LCA Model Methodology: Describes the methodology, data sources and assumptions that were used in the development of the Model, and provides the rationale supporting the methodological approach.\n3) the Fuel LCA Model User Manual: Provides information on general definitions and concepts related to LCA as it relates to the Model. Also provides technical guidance on how to perform basic operations in the openLCA software that are required for CI calculations.\n\nThe Fuel LCA Model is designed in conformity with ISO 14040 and ISO 14044 guidelines.","projectDescription":"Current version of the Fuel LCA Model: August 2024","geographyDescription":"This process is intended to be representative of the province of Prince Edward Island.","creationDate":"2020-01-24T09:32:55.033","validFrom":"2017-01-01","validUntil":"2021-12-31","dataDocumentor":{"@type":"Actor","@id":"c165abbd-3ce5-4150-a998-455a05028457","name":"Environment and Climate Change Canada"},"dataGenerator":{"@type":"Actor","@id":"c165abbd-3ce5-4150-a998-455a05028457","name":"Environment and Climate Change Canada"},"dataSetOwner":{"@type":"Actor","@id":"c165abbd-3ce5-4150-a998-455a05028457","name":"Environment and Climate Change Canada"},"publication":{"@type":"Source","@id":"534615eb-bab6-4cda-85db-1e0c92e2e29e","name":"Fuel LCA Model Methodology"},"sources":[{"@type":"Source","@id":"77f065b0-07de-415d-95d5-37659c3ac9f0","name":"Statistics Canada (2021; Table 25-10-0029-01)"},{"@type":"Source","@id":"743ccf3f-38b8-4179-97ef-5b8246117d0d","name":"CAFE3 v.2 (2017)"},{"@type":"Source","@id":"80ce50de-97b2-4555-95cc-13c492ce6e7c","name":"Statistics Canada (2021; Table 25-10-0019-01)"},{"@type":"Source","@id":"7ee822b2-4649-4210-8b50-1c1c9cd56994","name":"Statistics Canada (2021; Table 25-10-0028-01) "},{"@type":"Source","@id":"e1231390-2309-473c-ae36-a2597e8395c4","name":"National Inventory Report (2023)"},{"@type":"Source","@id":"73966598-f435-4e50-98c6-209bd8ca2da6","name":"Levasseur et al. (2021)"}]},"lastInternalId":56,"parameters":[],"exchanges":[{"@type":"Exchange","isAvoidedProduct":false,"isInput":false,"amount":1.0,"internalId":9,"flow":{"@type":"Flow","@id":"ec6f4c73-959b-404c-98f2-4cc40bd31ca5","name":"Electricity, excess, to grid [CA-PE]","category":"Intermediate flows/Data Library/Electricity/Excess electricity to grid/Canadian grid electricity","flowType":"PRODUCT_FLOW","refUnit":"MJ"},"unit":{"@type":"Unit","@id":"86ad2244-1f0e-4912-af53-7865283103e4","name":"kWh"},"flowProperty":{"@type":"FlowProperty","@id":"f6811440-ee37-11de-8a39-0800200c9a66","name":"Energy","category":"Technical flow properties","refUnit":"MJ"},"isQuantitativeReference":true},{"@type":"Exchange","isAvoidedProduct":false,"isInput":false,"amount":3.3815937347791766E-9,"description":"Life cycle emissions","internalId":55,"flow":{"@type":"Flow","@id":"2eb95720-1e38-48ba-8ba8-4aa4d13ccf1e","name":"Nitrous oxide (N2O)","category":"Elementary flows/Emission to air","flowType":"ELEMENTARY_FLOW","refUnit":"kg"},"unit":{"@type":"Unit","@id":"1aad5937-9d99-4528-8883-925d477809ba","name":"kg"},"flowProperty":{"@type":"FlowProperty","@id":"3747a7c9-e423-4d1d-88a2-21d3473660d3","name":"Mass","category":"Technical flow properties","refUnit":"kg"}},{"@type":"Exchange","isAvoidedProduct":false,"isInput":false,"amount":2.8686858199568637E-13,"description":"Life cycle emissions","internalId":56,"flow":{"@type":"Flow","@id":"b8c498e5-9afd-4b88-b7c7-b8567f323c86","name":"Sulphur hexafluoride (SF6)","category":"Elementary flows/Emission to air","flowType":"ELEMENTARY_FLOW","refUnit":"kg"},"unit":{"@type":"Unit","@id":"1aad5937-9d99-4528-8883-925d477809ba","name":"kg"},"flowProperty":{"@type":"FlowProperty","@id":"3747a7c9-e423-4d1d-88a2-21d3473660d3","name":"Mass","category":"Technical flow properties","refUnit":"kg"}},{"@type":"Exchange","isAvoidedProduct":false,"isInput":false,"amount":2.433307869562332E-6,"description":"Life cycle emissions","internalId":54,"flow":{"@type":"Flow","@id":"79493961-5010-4e8b-b646-9bcfe695816a","name":"Methane (CH4), fossil","category":"Elementary flows/Emission to air","flowType":"ELEMENTARY_FLOW","refUnit":"kg"},"unit":{"@type":"Unit","@id":"1aad5937-9d99-4528-8883-925d477809ba","name":"kg"},"flowProperty":{"@type":"FlowProperty","@id":"3747a7c9-e423-4d1d-88a2-21d3473660d3","name":"Mass","category":"Technical flow properties","refUnit":"kg"}},{"@type":"Exchange","isAvoidedProduct":false,"isInput":false,"amount":0.0037893680363436026,"description":"Life cycle emissions","internalId":50,"flow":{"@type":"Flow","@id":"a554da52-adc8-4d57-8853-17dce4428ce8","name":"Carbon dioxide (CO2), fossil","category":"Elementary flows/Emission to air","flowType":"ELEMENTARY_FLOW","refUnit":"kg"},"unit":{"@type":"Unit","@id":"1aad5937-9d99-4528-8883-925d477809ba","name":"kg"},"flowProperty":{"@type":"FlowProperty","@id":"3747a7c9-e423-4d1d-88a2-21d3473660d3","name":"Mass","category":"Technical flow properties","refUnit":"kg"}},{"@type":"Exchange","isAvoidedProduct":false,"isInput":false,"amount":2.0051930073538466E-7,"description":"Life cycle emissions","internalId":51,"flow":{"@type":"Flow","@id":"35c7ea56-7f09-406f-9070-301c4a701c1d","name":"Carbon dioxide (CO2), land transformation","category":"Elementary flows/Emission to air","flowType":"ELEMENTARY_FLOW","refUnit":"kg"},"unit":{"@type":"Unit","@id":"1aad5937-9d99-4528-8883-925d477809ba","name":"kg"},"flowProperty":{"@type":"FlowProperty","@id":"3747a7c9-e423-4d1d-88a2-21d3473660d3","name":"Mass","category":"Technical flow properties","refUnit":"kg"}},{"@type":"Exchange","isAvoidedProduct":false,"isInput":false,"amount":6.410052360895974E-5,"description":"Life cycle emissions","internalId":52,"flow":{"@type":"Flow","@id":"32d9ba8e-2923-423b-a98a-acdba4bbe8db","name":"Carbon dioxide equivalent (CO2e)","category":"Elementary flows/Emission to air","flowType":"ELEMENTARY_FLOW","refUnit":"kg"},"unit":{"@type":"Unit","@id":"1aad5937-9d99-4528-8883-925d477809ba","name":"kg"},"flowProperty":{"@type":"FlowProperty","@id":"3747a7c9-e423-4d1d-88a2-21d3473660d3","name":"Mass","category":"Technical flow properties","refUnit":"kg"}},{"@type":"Exchange","isAvoidedProduct":false,"isInput":false,"amount":3.524278614304196E-9,"description":"Life cycle emissions","internalId":53,"flow":{"@type":"Flow","@id":"897ff98a-c48a-4099-9a44-65ddc71c521d","name":"Methane (CH4), biogenic","category":"Elementary flows/Emission to air","flowType":"ELEMENTARY_FLOW","refUnit":"kg"},"unit":{"@type":"Unit","@id":"1aad5937-9d99-4528-8883-925d477809ba","name":"kg"},"flowProperty":{"@type":"FlowProperty","@id":"3747a7c9-e423-4d1d-88a2-21d3473660d3","name":"Mass","category":"Technical flow properties","refUnit":"kg"}}],"socialAspects":[],"allocationFactors":[]}