{"@type":"Process","@id":"4ed1837e-a80f-4b07-b2d7-14e8a5580c1c","name":"Natural gas distribution, to end-user","description":"This process covers the distribution of 1 MJ of natural gas to the end-user.\n\nFunctional unit: 1 MJ of natural gas distributed to the end-user.\n\nProcess scope:\n- Pipeline distribution of natural gas to end-user over 2561 km.\n- Flaring, venting, fugitive and emergy reponse emissions during transmission and distribution \n\nNatural gas production is excluded from the scope of this process.","category":"Data Library/Transport/Predefined transport scenarios/Fossil fuel distribution","version":"00.00.017","lastChange":"2024-06-21T04:00:00Z","processType":"LCI_RESULT","isInfrastructureProcess":false,"processDocumentation":{"timeDescription":"The distance data is based on the Short-term Canadian Natural Gas Deliverability 2016-2018 from (NEB, 2016).","technologyDescription":"The natural gas is distributed by pipeline over a distance of 2561 km.","dataCollectionDescription":"Please refer to the Time section (in General information time).","completenessDescription":"A 1% of environmental significance criterion, as calculated by the impact assessment method, was used to test the sensitivity of the results to assumptions and data substitutions made.\n","dataSelectionDescription":"The unit process has been developed based on the assumption that natural gas is transported by pipeline over a distance of 2560 km. This distance corresponds to an average of the distances traveled by natural gas in each province that is weighted based on natural gas consumption within each province using 2016 data from the National Energy Board (NEB, 2017). The distances in each province were assumed to be the distance between the gas natural gas starting point in each producing region and the major city located in that gas producing region.  Transportation data on fugitive, venting and flaring emissions from natural gas pipelines is based on actual data from CEPEI (ORTECH 2018).","dataTreatmentDescription":"Allocation method : No allocation procedure was performed for the distribution of natural gas.","modelingConstantsDescription":"\nFunctional unit: 1 MJ of natural gas distributed to the end-user.","restrictionsDescription":"© His Majesty the King in Right of Canada, as represented by the Minister of Environment and Climate Change, 2024","isCopyrightProtected":true,"intendedApplication":"The Government of Canada\u0027s Fuel Life Cycle Assessment (LCA) Model (the Model) is a tool to calculate the life cycle carbon intensity (CI) of fuels and energy sources used and produced in Canada.\n\nThe Model consists of the following three components:\n1) the Fuel LCA Model Database: Contains a library of CI datasets and fuel pathways developed to model a CI specific to a fuel or an energy source.\n2) the Fuel LCA Model Methodology: Describes the methodology, data sources and assumptions that were used in the development of the Model, and provides the rationale supporting the methodological approach.\n3) the Fuel LCA Model User Manual: Provides information on general definitions and concepts related to LCA as it relates to the Model. Also provides technical guidance on how to perform basic operations in the openLCA software that are required for CI calculations.\n\nThe Fuel LCA Model is designed in conformity with ISO 14040 and ISO 14044 guidelines.","projectDescription":"Current version of the Fuel LCA Model: August 2024","geographyDescription":"This process was developed for the Canadian context but can be used regardless of geographical location","creationDate":"2020-01-24T09:58:44.006","dataDocumentor":{"@type":"Actor","@id":"c165abbd-3ce5-4150-a998-455a05028457","name":"Environment and Climate Change Canada"},"dataGenerator":{"@type":"Actor","@id":"c165abbd-3ce5-4150-a998-455a05028457","name":"Environment and Climate Change Canada"},"dataSetOwner":{"@type":"Actor","@id":"c165abbd-3ce5-4150-a998-455a05028457","name":"Environment and Climate Change Canada"},"publication":{"@type":"Source","@id":"534615eb-bab6-4cda-85db-1e0c92e2e29e","name":"Fuel LCA Model Methodology"},"sources":[{"@type":"Source","@id":"0775eeea-8b13-11eb-8dcd-0242ac130003","name":"ORTECH Environmental (2018)"},{"@type":"Source","@id":"6db72f2e-2941-41fb-9ab6-395e931506fa","name":"NEB (2017)"}]},"lastInternalId":22,"parameters":[],"exchanges":[{"@type":"Exchange","isAvoidedProduct":false,"isInput":false,"amount":1.0,"internalId":9,"flow":{"@type":"Flow","@id":"350e5945-d8be-4ea9-8108-878d2415055c","name":"Natural gas distribution, to end-user","category":"Intermediate flows/Data Library/Transport/Predefined transport scenarios/Fossil fuel distribution","flowType":"PRODUCT_FLOW","refUnit":"MJ"},"unit":{"@type":"Unit","@id":"52765a6c-3896-43c2-b2f4-c679acf13efe","name":"MJ"},"flowProperty":{"@type":"FlowProperty","@id":"f6811440-ee37-11de-8a39-0800200c9a66","name":"Energy","category":"Technical flow properties","refUnit":"MJ"},"isQuantitativeReference":true},{"@type":"Exchange","isAvoidedProduct":false,"isInput":false,"amount":8.688357236262743E-5,"description":"Life cycle emissions","internalId":20,"flow":{"@type":"Flow","@id":"79493961-5010-4e8b-b646-9bcfe695816a","name":"Methane (CH4), fossil","category":"Elementary flows/Emission to air","flowType":"ELEMENTARY_FLOW","refUnit":"kg"},"unit":{"@type":"Unit","@id":"1aad5937-9d99-4528-8883-925d477809ba","name":"kg"},"flowProperty":{"@type":"FlowProperty","@id":"3747a7c9-e423-4d1d-88a2-21d3473660d3","name":"Mass","category":"Technical flow properties","refUnit":"kg"}},{"@type":"Exchange","isAvoidedProduct":false,"isInput":false,"amount":1.6791192459016292E-7,"description":"Life cycle emissions","internalId":18,"flow":{"@type":"Flow","@id":"32d9ba8e-2923-423b-a98a-acdba4bbe8db","name":"Carbon dioxide equivalent (CO2e)","category":"Elementary flows/Emission to air","flowType":"ELEMENTARY_FLOW","refUnit":"kg"},"unit":{"@type":"Unit","@id":"1aad5937-9d99-4528-8883-925d477809ba","name":"kg"},"flowProperty":{"@type":"FlowProperty","@id":"3747a7c9-e423-4d1d-88a2-21d3473660d3","name":"Mass","category":"Technical flow properties","refUnit":"kg"}},{"@type":"Exchange","isAvoidedProduct":false,"isInput":false,"amount":2.8420132724652743E-6,"description":"Life cycle emissions","internalId":17,"flow":{"@type":"Flow","@id":"35c7ea56-7f09-406f-9070-301c4a701c1d","name":"Carbon dioxide (CO2), land transformation","category":"Elementary flows/Emission to air","flowType":"ELEMENTARY_FLOW","refUnit":"kg"},"unit":{"@type":"Unit","@id":"1aad5937-9d99-4528-8883-925d477809ba","name":"kg"},"flowProperty":{"@type":"FlowProperty","@id":"3747a7c9-e423-4d1d-88a2-21d3473660d3","name":"Mass","category":"Technical flow properties","refUnit":"kg"}},{"@type":"Exchange","isAvoidedProduct":false,"isInput":false,"amount":0.003131685038228825,"description":"Life cycle emissions","internalId":16,"flow":{"@type":"Flow","@id":"a554da52-adc8-4d57-8853-17dce4428ce8","name":"Carbon dioxide (CO2), fossil","category":"Elementary flows/Emission to air","flowType":"ELEMENTARY_FLOW","refUnit":"kg"},"unit":{"@type":"Unit","@id":"1aad5937-9d99-4528-8883-925d477809ba","name":"kg"},"flowProperty":{"@type":"FlowProperty","@id":"3747a7c9-e423-4d1d-88a2-21d3473660d3","name":"Mass","category":"Technical flow properties","refUnit":"kg"}},{"@type":"Exchange","isAvoidedProduct":false,"isInput":false,"amount":4.061594597637805E-12,"description":"Life cycle emissions","internalId":22,"flow":{"@type":"Flow","@id":"b8c498e5-9afd-4b88-b7c7-b8567f323c86","name":"Sulphur hexafluoride (SF6)","category":"Elementary flows/Emission to air","flowType":"ELEMENTARY_FLOW","refUnit":"kg"},"unit":{"@type":"Unit","@id":"1aad5937-9d99-4528-8883-925d477809ba","name":"kg"},"flowProperty":{"@type":"FlowProperty","@id":"3747a7c9-e423-4d1d-88a2-21d3473660d3","name":"Mass","category":"Technical flow properties","refUnit":"kg"}},{"@type":"Exchange","isAvoidedProduct":false,"isInput":false,"amount":4.995053624794568E-8,"description":"Life cycle emissions","internalId":19,"flow":{"@type":"Flow","@id":"897ff98a-c48a-4099-9a44-65ddc71c521d","name":"Methane (CH4), biogenic","category":"Elementary flows/Emission to air","flowType":"ELEMENTARY_FLOW","refUnit":"kg"},"unit":{"@type":"Unit","@id":"1aad5937-9d99-4528-8883-925d477809ba","name":"kg"},"flowProperty":{"@type":"FlowProperty","@id":"3747a7c9-e423-4d1d-88a2-21d3473660d3","name":"Mass","category":"Technical flow properties","refUnit":"kg"}},{"@type":"Exchange","isAvoidedProduct":false,"isInput":false,"amount":7.467429228267424E-8,"description":"Life cycle emissions","internalId":21,"flow":{"@type":"Flow","@id":"2eb95720-1e38-48ba-8ba8-4aa4d13ccf1e","name":"Nitrous oxide (N2O)","category":"Elementary flows/Emission to air","flowType":"ELEMENTARY_FLOW","refUnit":"kg"},"unit":{"@type":"Unit","@id":"1aad5937-9d99-4528-8883-925d477809ba","name":"kg"},"flowProperty":{"@type":"FlowProperty","@id":"3747a7c9-e423-4d1d-88a2-21d3473660d3","name":"Mass","category":"Technical flow properties","refUnit":"kg"}}],"socialAspects":[],"allocationFactors":[]}