{"@type":"Process","@id":"50a1f892-78fe-47ab-a0c0-f3eb2e993f34","name":"Oil, from oilseed, Extracted at Processor, configurable B","description":"This process models lifecycle emissions for the production of 1 kg of vegetable oil (from the average of the processes for canola oil, soybean oil, and camelina oil production) at the extraction plant gate, with configurable flux for electricity and various transportation modes, including local and international truck transport, train transport, and ship transport. \n\nFunctional Unit: 1 kg of oil (dry mass) extracted from oilseeds.\n\nProcess Scope: \n-Emissions from oilseed production and the local and international transport to the vegetable oil production facility.\n- Emissions from the production of vegetable oil.\n\nExclusions:\nExclusions are listed in Chapter 2.3.1 of the Fuel LCA Model Methodology that are applied to all processes in the Fuel LCA Model.\n\nModeling overview:  \nThis process represents an average of camelina oil, canola oil and soybean oil production based on Canadian and U.S. data. Oilseeds are produced and transported to the extraction plant. At the extraction plant, an average of 3.14 kg of oilseeds is purified to produce 1 kg of vegetable oil by mechanically and chemically extracting oil from the oilseeds using thermal energy. The user must choose the electricity grid process corresponding to its geography. Local transport of oilseeds can be changed from the default value by the user, if needed. For imported oilseeds, the user can add international truck, train, and ship transport.\n\nAllocation:\nThe allocation of burdens to the oil and cake/meal co-product in the extraction step is performed according to the dry matter mass of the products.","category":"Fuel Pathways/Configurable processes/Oil from oilseed","version":"00.00.021","lastChange":"2024-06-20T04:00:00Z","processType":"UNIT_PROCESS","isInfrastructureProcess":false,"processDocumentation":{"timeDescription":"Main data used include Shonnard et al. (2010) for camelina oil, (S\u0026T)2 Consultants Inc. (2010) for canola oil and Chen et al. (2018) for soybean oil.","technologyDescription":"This process is representative of technologies for vegetable oil production from oilseeds (camelina, canola and soybeans) present in Canada and the U.S.","dataCollectionDescription":"Please refer to the Time section (in General information tab)","completenessDescription":"During the completeness and sensitivity check, a 1% cut-off criteria has been applied on the environmental significance, as calculated by the impact assessment method.","dataSelectionDescription":"The system process represents an average of camelina oil, canola oil and soybean oil. Main data used for camelina oil include Shonnard et al. (2010). Main data used for canola oil are taken from (S\u0026T)2 Consultants Inc. (2010) and completed with assumptions from GREET 2018 and feed tables. Main data used for soybean oil are taken from (S\u0026T)2 Consultants Inc. (2010) and completed with assumptions from GREET 2018 and feed tables.","dataTreatmentDescription":"The allocation of burdens to the vegetable oil and cake/meal co-product in the extraction step is performed according to the dry matter mass of the products.","modelingConstantsDescription":"Functional Unit: 1 kg of vegetable oil (dry mass) extracted","restrictionsDescription":"© His Majesty the King in Right of Canada, as represented by the Minister of Environment and Climate Change, 2024","isCopyrightProtected":true,"intendedApplication":"The Government of Canada\u0027s Fuel Life Cycle Assessment (LCA) Model (the Model) is a tool to calculate the life cycle carbon intensity (CI) of fuels and energy sources used and produced in Canada.\n\nThe Model consists of the following three components:\n1) the Fuel LCA Model Database: Contains a library of CI datasets and fuel pathways developed to model a CI specific to a fuel or an energy source.\n2) the Fuel LCA Model Methodology: Describes the methodology, data sources and assumptions that were used in the development of the Model, and provides the rationale supporting the methodological approach.\n3) the Fuel LCA Model User Manual: Provides information on general definitions and concepts related to LCA as it relates to the Model. Also provides technical guidance on how to perform basic operations in the openLCA software that are required for CI calculations.\n\nThe Fuel LCA Model is designed in conformity with ISO 14040 and ISO 14044 guidelines.","projectDescription":"Current version of the Fuel LCA Model: August 2024","geographyDescription":"This process is intended to be representative of North America.\nThis process can be used regardless of geographical location. It was modeled using Canadian and U.S. data related to canola oil, camelina oil and soybean oil production.","creationDate":"2022-05-03T13:30:38.347","dataDocumentor":{"@type":"Actor","@id":"c165abbd-3ce5-4150-a998-455a05028457","name":"Environment and Climate Change Canada"},"dataGenerator":{"@type":"Actor","@id":"c165abbd-3ce5-4150-a998-455a05028457","name":"Environment and Climate Change Canada"},"dataSetOwner":{"@type":"Actor","@id":"c165abbd-3ce5-4150-a998-455a05028457","name":"Environment and Climate Change Canada"},"publication":{"@type":"Source","@id":"534615eb-bab6-4cda-85db-1e0c92e2e29e","name":"Fuel LCA Model Methodology"},"sources":[{"@type":"Source","@id":"d8318f61-a99d-4728-8d5c-5bbca59e6238","name":"Farm\u0026Food Care Ontario (2014)"},{"@type":"Source","@id":"5333acbc-e924-43f6-8676-0c014c426f70","name":"Statistics Canada (Table 32-10-0002-01)"},{"@type":"Source","@id":"c6759153-454d-4501-b2f0-c5220a616069","name":"Saskatchewan Crop Planning Guide (2020)"},{"@type":"Source","@id":"ba075605-c7b8-4136-9499-b579f4775195","name":"MASC (2020) MMPP"},{"@type":"Source","@id":"b998e497-e8a6-4f6b-bb1f-074d38284740","name":"(S\u0026T)2 Consultants Inc. (2022) CRSC (Methodology)"},{"@type":"Source","@id":"551d3eff-87ae-4906-bf68-7d5ae4a0ba69","name":"(S\u0026T)2 Consultants Inc. (2022) CRSC (Canola)"},{"@type":"Source","@id":"31f2adb8-d67b-11ea-87d0-0242ac130003","name":"Statistics Canada (Table 32-10-0038-01)"},{"@type":"Source","@id":"31f24986-d67b-11ea-87d0-0242ac130003","name":"(S\u0026T)2 Consultants Inc. (2010)"},{"@type":"Source","@id":"07ab6a56-2a65-4930-aea4-6260482fe741","name":"Saskatchewan Specialty Crop Report (2018)"},{"@type":"Source","@id":"6c16f658-de29-4057-8a05-6d499d587b7f","name":"CECPA (2016)"},{"@type":"Source","@id":"b3d788a9-ba73-45c1-86e2-f7a5b006e0d5","name":"Saskatchewan Specialty Crop Report (2020)"},{"@type":"Source","@id":"95db6658-f995-404a-81b2-5f66d0df1284","name":"OMAFRA (2024)"},{"@type":"Source","@id":"31f29a44-d67b-11ea-87d0-0242ac130003","name":"Chen et al. (2018)"},{"@type":"Source","@id":"92d62d32-4391-4742-ab44-69bab6dfb1b8","name":"Saskatchewan Specialty Crop Report (2019)"},{"@type":"Source","@id":"74660e4f-3196-4c06-8905-ee5fd047035b","name":"USDA (2010) ARMS"},{"@type":"Source","@id":"f2b36846-4346-48db-a89d-9a71f4d4f703","name":"Saskatchewan Crop Planning Guide (2018)"},{"@type":"Source","@id":"d5e908ee-29c1-4a72-a407-e3c113fdfb64","name":"Saskatchewan Crop Planning Guide (2019)"},{"@type":"Source","@id":"b2d22a2f-9d90-4777-bd3a-7e06d695422f","name":"Stratus Ag Research (2018)"},{"@type":"Source","@id":"efdbda03-788d-4b57-b389-c3bc9d23522f","name":"Stratus Ag Research (2021)"},{"@type":"Source","@id":"09febd76-bbfa-4d5f-be68-69bd6bd14188","name":"Stratus Ag Research (2017)"},{"@type":"Source","@id":"85331126-6775-496c-8f97-03613788ec05","name":"Manitoba (2022) Cropplan"},{"@type":"Source","@id":"dbbc927d-8ee5-4436-a269-61e927e8ab85","name":"Stratus Ag Research (2020)"},{"@type":"Source","@id":"31f2bba0-d67b-11ea-87d0-0242ac130003","name":"Shonnard et al. (2010)"}]},"lastInternalId":69,"parameters":[],"exchanges":[{"@type":"Exchange","isAvoidedProduct":false,"isInput":false,"amount":1.0,"internalId":1,"flow":{"@type":"Flow","@id":"5eb4bcb2-2e3d-4859-be93-6be33607c1dc","name":"Oil, from oilseed, Extracted at Processor, configurable B","category":"Intermediate flows/Fuel Pathways/Configurable processes/Oil, from oilseed","flowType":"PRODUCT_FLOW","refUnit":"kg"},"unit":{"@type":"Unit","@id":"1aad5937-9d99-4528-8883-925d477809ba","name":"kg"},"flowProperty":{"@type":"FlowProperty","@id":"3747a7c9-e423-4d1d-88a2-21d3473660d3","name":"Mass","category":"Technical flow properties","refUnit":"kg"},"isQuantitativeReference":true},{"@type":"Exchange","isAvoidedProduct":false,"isInput":true,"amount":0.0,"description":"International train transportation of the oilseeds outside of the facility’s country to the milling facility. Leave empty if not needed. Value must be entered by the user; units are in kg*km.","internalId":51,"flow":{"@type":"Flow","@id":"e5cfe50a-d812-4c37-8f0b-9ee37da12606","name":"Train transport, diesel","category":"Intermediate flows/Data Library/Transport/Generic transport","flowType":"PRODUCT_FLOW","refUnit":"t*km"},"unit":{"@type":"Unit","@id":"a40229e6-7275-42e3-a304-23d590044770","name":"kg*km"},"flowProperty":{"@type":"FlowProperty","@id":"838aaa20-0117-11db-92e3-0800200c9a66","name":"Goods transport (mass*length)","category":"Technical flow properties","refUnit":"t*km"},"defaultProvider":{"@type":"Process","@id":"e39153a5-c767-4997-8bbd-7155aaf107f7","name":"Train transport, diesel","category":"Data Library/Transport/Generic transport","processType":"LCI_RESULT","flowType":"PRODUCT_FLOW"}},{"@type":"Exchange","isAvoidedProduct":false,"isInput":false,"amount":8.261513295440642E-4,"internalId":68,"flow":{"@type":"Flow","@id":"2eb95720-1e38-48ba-8ba8-4aa4d13ccf1e","name":"Nitrous oxide (N2O)","category":"Elementary flows/Emission to air","flowType":"ELEMENTARY_FLOW","refUnit":"kg"},"unit":{"@type":"Unit","@id":"1aad5937-9d99-4528-8883-925d477809ba","name":"kg"},"flowProperty":{"@type":"FlowProperty","@id":"3747a7c9-e423-4d1d-88a2-21d3473660d3","name":"Mass","category":"Technical flow properties","refUnit":"kg"}},{"@type":"Exchange","isAvoidedProduct":false,"isInput":false,"amount":-0.25464691466484507,"internalId":64,"flow":{"@type":"Flow","@id":"35c7ea56-7f09-406f-9070-301c4a701c1d","name":"Carbon dioxide (CO2), land transformation","category":"Elementary flows/Emission to air","flowType":"ELEMENTARY_FLOW","refUnit":"kg"},"unit":{"@type":"Unit","@id":"1aad5937-9d99-4528-8883-925d477809ba","name":"kg"},"flowProperty":{"@type":"FlowProperty","@id":"3747a7c9-e423-4d1d-88a2-21d3473660d3","name":"Mass","category":"Technical flow properties","refUnit":"kg"}},{"@type":"Exchange","isAvoidedProduct":false,"isInput":false,"amount":1.339737670362312E-10,"internalId":69,"flow":{"@type":"Flow","@id":"b8c498e5-9afd-4b88-b7c7-b8567f323c86","name":"Sulphur hexafluoride (SF6)","category":"Elementary flows/Emission to air","flowType":"ELEMENTARY_FLOW","refUnit":"kg"},"unit":{"@type":"Unit","@id":"1aad5937-9d99-4528-8883-925d477809ba","name":"kg"},"flowProperty":{"@type":"FlowProperty","@id":"3747a7c9-e423-4d1d-88a2-21d3473660d3","name":"Mass","category":"Technical flow properties","refUnit":"kg"}},{"@type":"Exchange","isAvoidedProduct":false,"isInput":true,"amount":111.147708973796,"description":"Default truck transportation (assumed 25 tonnes payload) for local oilseed to milling facility. Value must be entered by the user if known. Leave the default value of 111.147708973796 kg*km if value is unknown. If using a 45 tonnes payload truck transport, set this value to zero and fill in the appropriate flow. Units are in kg*km.","internalId":53,"flow":{"@type":"Flow","@id":"f89a3a2b-1965-4734-b5e1-b1ae0635eae7","name":"Truck transport, diesel, 25 tonnes","category":"Intermediate flows/Data Library/Transport/Generic transport","flowType":"PRODUCT_FLOW","refUnit":"t*km"},"unit":{"@type":"Unit","@id":"a40229e6-7275-42e3-a304-23d590044770","name":"kg*km"},"flowProperty":{"@type":"FlowProperty","@id":"838aaa20-0117-11db-92e3-0800200c9a66","name":"Goods transport (mass*length)","category":"Technical flow properties","refUnit":"t*km"},"defaultProvider":{"@type":"Process","@id":"ae2dc921-3b29-43e0-bae1-dda8a99e6bd9","name":"Truck transport, diesel, 25 tonnes","category":"Data Library/Transport/Generic transport","processType":"LCI_RESULT","flowType":"PRODUCT_FLOW"}},{"@type":"Exchange","isAvoidedProduct":false,"isInput":true,"amount":0.0,"description":"International ship transportation of the oilseeds outside of the facility’s country to the milling facility. Leave empty if not needed. Value must be entered by the user; units are in kg*km.","internalId":50,"flow":{"@type":"Flow","@id":"a9de3658-c60a-44ab-8584-64f8b5d32fc2","name":"Ship transport","category":"Intermediate flows/Data Library/Transport/Generic transport","flowType":"PRODUCT_FLOW","refUnit":"t*km"},"unit":{"@type":"Unit","@id":"a40229e6-7275-42e3-a304-23d590044770","name":"kg*km"},"flowProperty":{"@type":"FlowProperty","@id":"838aaa20-0117-11db-92e3-0800200c9a66","name":"Goods transport (mass*length)","category":"Technical flow properties","refUnit":"t*km"},"defaultProvider":{"@type":"Process","@id":"a1b32158-400e-4256-8df9-d2ca8179ed90","name":"Ship transport","category":"Data Library/Transport/Generic transport","processType":"LCI_RESULT","flowType":"PRODUCT_FLOW"}},{"@type":"Exchange","isAvoidedProduct":false,"isInput":false,"amount":0.03540493295303885,"internalId":65,"flow":{"@type":"Flow","@id":"32d9ba8e-2923-423b-a98a-acdba4bbe8db","name":"Carbon dioxide equivalent (CO2e)","category":"Elementary flows/Emission to air","flowType":"ELEMENTARY_FLOW","refUnit":"kg"},"unit":{"@type":"Unit","@id":"1aad5937-9d99-4528-8883-925d477809ba","name":"kg"},"flowProperty":{"@type":"FlowProperty","@id":"3747a7c9-e423-4d1d-88a2-21d3473660d3","name":"Mass","category":"Technical flow properties","refUnit":"kg"}},{"@type":"Exchange","isAvoidedProduct":false,"isInput":false,"amount":0.21894872424928596,"internalId":63,"flow":{"@type":"Flow","@id":"a554da52-adc8-4d57-8853-17dce4428ce8","name":"Carbon dioxide (CO2), fossil","category":"Elementary flows/Emission to air","flowType":"ELEMENTARY_FLOW","refUnit":"kg"},"unit":{"@type":"Unit","@id":"1aad5937-9d99-4528-8883-925d477809ba","name":"kg"},"flowProperty":{"@type":"FlowProperty","@id":"3747a7c9-e423-4d1d-88a2-21d3473660d3","name":"Mass","category":"Technical flow properties","refUnit":"kg"}},{"@type":"Exchange","isAvoidedProduct":false,"isInput":true,"amount":0.0,"description":"International truck transportation (assumed 25 tonnes payload) for oilseed to milling facility. Value must be entered by the user if using a 25 tonnes payload international transport. Leave empty if not needed. Units are in kg*km.","internalId":52,"flow":{"@type":"Flow","@id":"f89a3a2b-1965-4734-b5e1-b1ae0635eae7","name":"Truck transport, diesel, 25 tonnes","category":"Intermediate flows/Data Library/Transport/Generic transport","flowType":"PRODUCT_FLOW","refUnit":"t*km"},"unit":{"@type":"Unit","@id":"a40229e6-7275-42e3-a304-23d590044770","name":"kg*km"},"flowProperty":{"@type":"FlowProperty","@id":"838aaa20-0117-11db-92e3-0800200c9a66","name":"Goods transport (mass*length)","category":"Technical flow properties","refUnit":"t*km"},"defaultProvider":{"@type":"Process","@id":"ae2dc921-3b29-43e0-bae1-dda8a99e6bd9","name":"Truck transport, diesel, 25 tonnes","category":"Data Library/Transport/Generic transport","processType":"LCI_RESULT","flowType":"PRODUCT_FLOW"}},{"@type":"Exchange","isAvoidedProduct":false,"isInput":true,"amount":0.0,"description":"International truck transportation (assumed 45 tonnes payload) for oilseed to milling facility. Value must be entered by the user if using a 45 tonnes payload international transport. Leave empty if not needed. Units are in kg*km.","internalId":55,"flow":{"@type":"Flow","@id":"b9e48686-33ee-4dd1-83e1-b94e4f49cb83","name":"Truck transport, diesel, 45 tonnes","category":"Intermediate flows/Data Library/Transport/Generic transport","flowType":"PRODUCT_FLOW","refUnit":"t*km"},"unit":{"@type":"Unit","@id":"a40229e6-7275-42e3-a304-23d590044770","name":"kg*km"},"flowProperty":{"@type":"FlowProperty","@id":"838aaa20-0117-11db-92e3-0800200c9a66","name":"Goods transport (mass*length)","category":"Technical flow properties","refUnit":"t*km"},"defaultProvider":{"@type":"Process","@id":"2bf002ce-3b91-45ca-832a-fcf729e0b3ad","name":"Truck transport, diesel, 45 tonnes","category":"Data Library/Transport/Generic transport","processType":"LCI_RESULT","flowType":"PRODUCT_FLOW"}},{"@type":"Exchange","isAvoidedProduct":false,"isInput":false,"amount":1.649240779291988E-6,"internalId":66,"flow":{"@type":"Flow","@id":"897ff98a-c48a-4099-9a44-65ddc71c521d","name":"Methane (CH4), biogenic","category":"Elementary flows/Emission to air","flowType":"ELEMENTARY_FLOW","refUnit":"kg"},"unit":{"@type":"Unit","@id":"1aad5937-9d99-4528-8883-925d477809ba","name":"kg"},"flowProperty":{"@type":"FlowProperty","@id":"3747a7c9-e423-4d1d-88a2-21d3473660d3","name":"Mass","category":"Technical flow properties","refUnit":"kg"}},{"@type":"Exchange","isAvoidedProduct":false,"isInput":false,"amount":6.116673614674164E-4,"internalId":67,"flow":{"@type":"Flow","@id":"79493961-5010-4e8b-b646-9bcfe695816a","name":"Methane (CH4), fossil","category":"Elementary flows/Emission to air","flowType":"ELEMENTARY_FLOW","refUnit":"kg"},"unit":{"@type":"Unit","@id":"1aad5937-9d99-4528-8883-925d477809ba","name":"kg"},"flowProperty":{"@type":"FlowProperty","@id":"3747a7c9-e423-4d1d-88a2-21d3473660d3","name":"Mass","category":"Technical flow properties","refUnit":"kg"}},{"@type":"Exchange","isAvoidedProduct":false,"isInput":true,"amount":0.0,"description":"Truck transportation (assumed 45 tonnes payload) for local oilseed to milling facility. Value must be entered by the user if using a 45 tonnes payload transport. Leave the default value of 0 kg*km if unknown. Units are in kg*km.","internalId":54,"flow":{"@type":"Flow","@id":"b9e48686-33ee-4dd1-83e1-b94e4f49cb83","name":"Truck transport, diesel, 45 tonnes","category":"Intermediate flows/Data Library/Transport/Generic transport","flowType":"PRODUCT_FLOW","refUnit":"t*km"},"unit":{"@type":"Unit","@id":"a40229e6-7275-42e3-a304-23d590044770","name":"kg*km"},"flowProperty":{"@type":"FlowProperty","@id":"838aaa20-0117-11db-92e3-0800200c9a66","name":"Goods transport (mass*length)","category":"Technical flow properties","refUnit":"t*km"},"defaultProvider":{"@type":"Process","@id":"2bf002ce-3b91-45ca-832a-fcf729e0b3ad","name":"Truck transport, diesel, 45 tonnes","category":"Data Library/Transport/Generic transport","processType":"LCI_RESULT","flowType":"PRODUCT_FLOW"}},{"@type":"Exchange","isAvoidedProduct":false,"isInput":true,"amount":0.0333404467662809,"description":"Electricity consumption for the extraction of vegetable oil, must be changed to appropriate grid mix. value must be : 0.0333404467662809 kWh","internalId":49,"flow":{"@type":"Flow","@id":"32aa0481-195d-4a71-87f4-d5136925d6a9","name":"Electricity, dummy, to be replaced","category":"Intermediate flows/Fuel Pathways/Configurable processes","flowType":"PRODUCT_FLOW","refUnit":"MJ"},"unit":{"@type":"Unit","@id":"86ad2244-1f0e-4912-af53-7865283103e4","name":"kWh"},"flowProperty":{"@type":"FlowProperty","@id":"f6811440-ee37-11de-8a39-0800200c9a66","name":"Energy","category":"Technical flow properties","refUnit":"MJ"}}],"socialAspects":[],"allocationFactors":[]}