{"@type":"Process","@id":"6caa43d6-7b98-453f-b7f8-c46cbd86996b","name":"Potassium fertilizer","description":"Life cycle production emissions for Canadian agricultural nutrients. From ChemInfo 2016 report for CRSC.\n\nFunctional Unit: 1 kg of fertiliser, potassium (K2O).\n\nProcess Scope: Activities begin with extraction of input materials, activities end with GHG emissions emitted to the air. Data is most relevant +/- approximately 5 years.","category":"Data Library/Chemical inputs/Agrochemicals","version":"00.00.037","lastChange":"2024-06-21T04:00:00Z","processType":"LCI_RESULT","isInfrastructureProcess":false,"processDocumentation":{"timeDescription":"The ChemInfo 2016 report relied on other studies by the United Nations Framework Convention on Climate Change (UNFCCC) - Intergovernmental Panel on Climate Change (IPCC) Fourth (2007) (UNFCCC, 2007) and Fifth Assessment (2013) Reports (AR4 and AR5) (UNFCCC, 2013)  reports.","technologyDescription":"Carbon dioxide equivalent values are calculated using the 100 year global warming potential (GWP) from both the United Nations Framework Convention on Climate Change (UNFCCC) - Intergovernmental Panel on Climate Change (IPCC) Fourth (2007) and Fifth Assessment (2013) Reports (AR4 and AR5) reports.","dataCollectionDescription":"Carbon dioxide equivalent values are calculated using the 100 year global warming potential (GWP) from both the United Nations Framework Convention on Climate Change (UNFCCC) - Intergovernmental Panel on Climate Change (IPCC) Fourth (2007) and Fifth Assessment (2013) Reports (AR4 and AR5) reports.","completenessDescription":"A 1% of environmental significance criterion, as calculated by the impact assessment method, was used to test the sensitivity of the results to assumptions and data substitutions made.","dataSelectionDescription":"The data is derived from ChemInfo 2016 report Carbon Footprints for Canadian Crops:\n\nCanadian Fertilizer Production Data. Carbon dioxide equivalent values are calculated using the 100 year global warming potential (GWP) from both the United Nations Framework Convention on Climate Change (UNFCCC) - Intergovernmental Panel on Climate Change (IPCC) Fourth (2007) and Fifth Assessment (2013) Reports (AR4 and AR5) reports This assumes that process is the same across provinces.","dataTreatmentDescription":"No allocation procedure was performed for K Fertilizer, CRSC Average {CA}","modelingConstantsDescription":"Functional Unit: 1 kg of fertiliser, potassium (K2O).","restrictionsDescription":"© His Majesty the King in Right of Canada, as represented by the Minister of Environment and Climate Change, 2024","isCopyrightProtected":true,"intendedApplication":"The Government of Canada\u0027s Fuel Life Cycle Assessment (LCA) Model (the Model) is a tool to calculate the life cycle carbon intensity (CI) of fuels and energy sources used and produced in Canada.\n\nThe Model consists of the following three components:\n1) the Fuel LCA Model Database: Contains a library of CI datasets and fuel pathways developed to model a CI specific to a fuel or an energy source.\n2) the Fuel LCA Model Methodology: Describes the methodology, data sources and assumptions that were used in the development of the Model, and provides the rationale supporting the methodological approach.\n3) the Fuel LCA Model User Manual: Provides information on general definitions and concepts related to LCA as it relates to the Model. Also provides technical guidance on how to perform basic operations in the openLCA software that are required for CI calculations.\n\nThe Fuel LCA Model is designed in conformity with ISO 14040 and ISO 14044 guidelines.","projectDescription":"Current version of the Fuel LCA Model: August 2024","geographyDescription":"This process was developed for the Canadian context but can be used regardless of geographical location","creationDate":"2020-01-28T16:42:28.463","validFrom":"2007-01-01","validUntil":"2013-12-31","dataDocumentor":{"@type":"Actor","@id":"c165abbd-3ce5-4150-a998-455a05028457","name":"Environment and Climate Change Canada"},"dataGenerator":{"@type":"Actor","@id":"c165abbd-3ce5-4150-a998-455a05028457","name":"Environment and Climate Change Canada"},"dataSetOwner":{"@type":"Actor","@id":"c165abbd-3ce5-4150-a998-455a05028457","name":"Environment and Climate Change Canada"},"publication":{"@type":"Source","@id":"534615eb-bab6-4cda-85db-1e0c92e2e29e","name":"Fuel LCA Model Methodology"},"sources":[{"@type":"Source","@id":"31f298be-d67b-11ea-87d0-0242ac130003","name":"Cheminfo (2016)"}]},"lastInternalId":7,"parameters":[],"exchanges":[{"@type":"Exchange","isAvoidedProduct":false,"isInput":false,"amount":1.0,"internalId":4,"flow":{"@type":"Flow","@id":"e762939c-ffd1-4e8e-9a4e-604b57bc9741","name":"Potassium fertilizer","category":"Intermediate flows/Data Library/Chemical Inputs/Agrochemicals","flowType":"PRODUCT_FLOW","refUnit":"kg"},"unit":{"@type":"Unit","@id":"1aad5937-9d99-4528-8883-925d477809ba","name":"kg"},"flowProperty":{"@type":"FlowProperty","@id":"3747a7c9-e423-4d1d-88a2-21d3473660d3","name":"Mass","category":"Technical flow properties","refUnit":"kg"},"isQuantitativeReference":true},{"@type":"Exchange","isAvoidedProduct":false,"isInput":false,"amount":0.334,"description":"Life cycle emissions","internalId":7,"flow":{"@type":"Flow","@id":"32d9ba8e-2923-423b-a98a-acdba4bbe8db","name":"Carbon dioxide equivalent (CO2e)","category":"Elementary flows/Emission to air","flowType":"ELEMENTARY_FLOW","refUnit":"kg"},"unit":{"@type":"Unit","@id":"1aad5937-9d99-4528-8883-925d477809ba","name":"kg"},"flowProperty":{"@type":"FlowProperty","@id":"3747a7c9-e423-4d1d-88a2-21d3473660d3","name":"Mass","category":"Technical flow properties","refUnit":"kg"}}],"socialAspects":[],"allocationFactors":[]}