{"@type":"Process","@id":"76fb600a-aa84-404b-a415-19a7c7e55760","name":"Sustainable aviation fuel (SAF) combustion, from non-biomass feedstock","description":"GHG emissions from combustion of Sustainable aviation fuel (SAF). Included emissions are from combustion of the fuel. \r\n\r\nFunctional unit: 1 MJ of Sustainable aviation fuel combusted \r\n\r\nProcess Scope:\r\n-Fuel combustion: combustion of sustainable aviation fuel\r\n\r\nModelling Overview:\r\n\r\nIn most cases for the combustion of LCIF, methane and nitrous oxide are possible from the combustion. In these cases, the emission factors were obtained from the NIR (1990-2016) using aviation fuel as a proxy. Emission factors are derived by weighting NIR emission factors according to sector specific supply and demand data. This report was published in 2018. Fossil carbon dioxide is included because it is produced from a non-biomass feedstock.","category":"Data Library/Combustion emission factors/Combustion from non-biomass feedstock","version":"00.00.032","lastChange":"2024-06-21T04:00:00Z","processType":"LCI_RESULT","isInfrastructureProcess":false,"processDocumentation":{"timeDescription":"Sustainable aviation fuel CH4 and N2O emission factors are taken from the NIR (1990-2016) published in 2018.","technologyDescription":"Sustainable aviation fuel combsution (no upstream)","dataCollectionDescription":"Please refer to the Time section (in General information tab)","completenessDescription":"During the completeness and sensitivity check, a 1% cut-off criteria has been apply on the environmental significance, as calculated by the impact assessment method.","dataSelectionDescription":"In most cases for the combustion of LCIF, methane and nitrous oxide are possible from the combustion. In these cases, the emission factors were obtained from the NIR (1990-2016). This report was published in 2018. Using the EF of aviation fuel as a proxy for the CH4 and NO2.","dataTreatmentDescription":"No allocation","modelingConstantsDescription":"Functional unit: 1 MJ of SAF combusted","restrictionsDescription":"© His Majesty the King in Right of Canada, as represented by the Minister of Environment and Climate Change, 2024","isCopyrightProtected":true,"intendedApplication":"The Government of Canada\u0027s Fuel Life Cycle Assessment (LCA) Model (the Model) is a tool to calculate the life cycle carbon intensity (CI) of fuels and energy sources used and produced in Canada.\n\nThe Model consists of the following three components:\n1) the Fuel LCA Model Database: Contains a library of CI datasets and fuel pathways developed to model a CI specific to a fuel or an energy source.\n2) the Fuel LCA Model Methodology: Describes the methodology, data sources and assumptions that were used in the development of the Model, and provides the rationale supporting the methodological approach.\n3) the Fuel LCA Model User Manual: Provides information on general definitions and concepts related to LCA as it relates to the Model. Also provides technical guidance on how to perform basic operations in the openLCA software that are required for CI calculations.\n\nThe Fuel LCA Model is designed in conformity with ISO 14040 and ISO 14044 guidelines.","projectDescription":"Current version of the Fuel LCA Model: August 2024","geographyDescription":"This process was developed for the Canadian context but can be used regardless of geographical location.","creationDate":"2021-07-29T15:47:16.346","dataDocumentor":{"@type":"Actor","@id":"c165abbd-3ce5-4150-a998-455a05028457","name":"Environment and Climate Change Canada"},"dataGenerator":{"@type":"Actor","@id":"c165abbd-3ce5-4150-a998-455a05028457","name":"Environment and Climate Change Canada"},"dataSetOwner":{"@type":"Actor","@id":"c165abbd-3ce5-4150-a998-455a05028457","name":"Environment and Climate Change Canada"},"publication":{"@type":"Source","@id":"534615eb-bab6-4cda-85db-1e0c92e2e29e","name":"Fuel LCA Model Methodology"},"sources":[{"@type":"Source","@id":"e20640db-3ff1-46e0-889e-93936f90f760","name":"National Inventory Report (2018)"}]},"lastInternalId":12,"parameters":[],"exchanges":[{"@type":"Exchange","isAvoidedProduct":false,"isInput":false,"amount":1.0,"internalId":9,"flow":{"@type":"Flow","@id":"18fc7088-f18d-4072-b9d1-eea0f1fd3f6b","name":"Sustainable aviation fuel (SAF) combustion, from non-biomass feedstock","category":"Intermediate flows/Data Library/Combustion emission factors/Combustion from non-biomass feedstock","flowType":"PRODUCT_FLOW","refUnit":"MJ"},"unit":{"@type":"Unit","@id":"52765a6c-3896-43c2-b2f4-c679acf13efe","name":"MJ"},"flowProperty":{"@type":"FlowProperty","@id":"f6811440-ee37-11de-8a39-0800200c9a66","name":"Energy","category":"Technical flow properties","refUnit":"MJ"},"isQuantitativeReference":true},{"@type":"Exchange","isAvoidedProduct":false,"isInput":false,"amount":1.89839572E-6,"internalId":12,"flow":{"@type":"Flow","@id":"2eb95720-1e38-48ba-8ba8-4aa4d13ccf1e","name":"Nitrous oxide (N2O)","category":"Elementary flows/Emission to air","flowType":"ELEMENTARY_FLOW","refUnit":"kg"},"unit":{"@type":"Unit","@id":"1aad5937-9d99-4528-8883-925d477809ba","name":"kg"},"flowProperty":{"@type":"FlowProperty","@id":"3747a7c9-e423-4d1d-88a2-21d3473660d3","name":"Mass","category":"Technical flow properties","refUnit":"kg"}},{"@type":"Exchange","isAvoidedProduct":false,"isInput":false,"amount":5.8823529E-7,"internalId":11,"flow":{"@type":"Flow","@id":"79493961-5010-4e8b-b646-9bcfe695816a","name":"Methane (CH4), fossil","category":"Elementary flows/Emission to air","flowType":"ELEMENTARY_FLOW","refUnit":"kg"},"unit":{"@type":"Unit","@id":"1aad5937-9d99-4528-8883-925d477809ba","name":"kg"},"flowProperty":{"@type":"FlowProperty","@id":"3747a7c9-e423-4d1d-88a2-21d3473660d3","name":"Mass","category":"Technical flow properties","refUnit":"kg"}},{"@type":"Exchange","isAvoidedProduct":false,"isInput":false,"amount":0.06844919786,"internalId":10,"flow":{"@type":"Flow","@id":"a554da52-adc8-4d57-8853-17dce4428ce8","name":"Carbon dioxide (CO2), fossil","category":"Elementary flows/Emission to air","flowType":"ELEMENTARY_FLOW","refUnit":"kg"},"unit":{"@type":"Unit","@id":"1aad5937-9d99-4528-8883-925d477809ba","name":"kg"},"flowProperty":{"@type":"FlowProperty","@id":"3747a7c9-e423-4d1d-88a2-21d3473660d3","name":"Mass","category":"Technical flow properties","refUnit":"kg"}}],"socialAspects":[],"allocationFactors":[]}