{"@type":"Process","@id":"81c39838-54fe-40c0-8a79-a659ff3aabd7","name":"1- Hydrogen production, at hydrogen production plant","description":"Model users can use this unit process to enter data related to hydrogen production in the Inputs/Ouputs tab. \n\nProcess Scope: Data entered by model users should cover the following:\n- feedstock quantities transported to the hydrogen plant\n- energy inputs consumed at the hydrogen plant\n- other emissions related to hydrogen production\n- quantities of hydrogen fuel produced\n\nWhen the hydrogen production facility relies on multiple technologies to produce hydrogen, the Fuel LCA Model considers that each technology produces a distinct hydrogen fuel. The unit process already includes several output hydrogen flows, each one corresponding to a distinct technology and feedstock type. Model users must only enter hydrogen quantities for the relevant output hydrogen flows included in this unit process.","category":"Fuel Pathways/Hydrogen pathway/Energy basis","version":"00.00.001","lastChange":"2024-06-21T18:35:27.188Z","processType":"UNIT_PROCESS","defaultAllocationMethod":"CAUSAL_ALLOCATION","isInfrastructureProcess":false,"processDocumentation":{"timeDescription":"","technologyDescription":"","dataCollectionDescription":"","completenessDescription":"","dataSelectionDescription":"","dataTreatmentDescription":"","modelingConstantsDescription":"","restrictionsDescription":"© His Majesty the King in Right of Canada, as represented by the Minister of Environment and Climate Change, 2024","isCopyrightProtected":true,"intendedApplication":"The Government of Canada\u0027s Fuel Life Cycle Assessment (LCA) Model (the Model) is a tool to calculate the life cycle carbon intensity (CI) of fuels and energy sources used and produced in Canada.\n\nThe Model consists of the following three components:\n1) the Fuel LCA Model Database: Contains a library of CI datasets and fuel pathways developed to model a CI specific to a fuel or an energy source.\n2) the Fuel LCA Model Methodology: Describes the methodology, data sources and assumptions that were used in the development of the Model, and provides the rationale supporting the methodological approach.\n3) the Fuel LCA Model User Manual: Provides information on general definitions and concepts related to LCA as it relates to the Model. Also provides technical guidance on how to perform basic operations in the openLCA software that are required for CI calculations.\n\nThe Fuel LCA Model is designed in conformity with ISO 14040 and ISO 14044 guidelines.","projectDescription":"Current version of the Fuel LCA Model: August 2024","geographyDescription":"","creationDate":"2021-06-22T19:19:19.967","dataDocumentor":{"@type":"Actor","@id":"c165abbd-3ce5-4150-a998-455a05028457","name":"Environment and Climate Change Canada"},"dataGenerator":{"@type":"Actor","@id":"c165abbd-3ce5-4150-a998-455a05028457","name":"Environment and Climate Change Canada"},"dataSetOwner":{"@type":"Actor","@id":"c165abbd-3ce5-4150-a998-455a05028457","name":"Environment and Climate Change Canada"},"publication":{"@type":"Source","@id":"534615eb-bab6-4cda-85db-1e0c92e2e29e","name":"Fuel LCA Model Methodology"}},"lastInternalId":46,"parameters":[],"exchanges":[{"@type":"Exchange","isAvoidedProduct":false,"isInput":false,"amount":0.0,"internalId":1,"flow":{"@type":"Flow","@id":"965299f5-6f58-4fb2-a244-1214a39b6fe3","name":"1- Hydrogen, gaseous, from electrolysis","category":"Intermediate flows/Fuel Pathways/Hydrogen pathway/Energy basis/1- Hydrogen production, at hydrogen production plant","flowType":"PRODUCT_FLOW","refUnit":"MJ"},"unit":{"@type":"Unit","@id":"52765a6c-3896-43c2-b2f4-c679acf13efe","name":"MJ"},"flowProperty":{"@type":"FlowProperty","@id":"f6811440-ee37-11de-8a39-0800200c9a66","name":"Energy","category":"Technical flow properties","refUnit":"MJ"},"isQuantitativeReference":true},{"@type":"Exchange","isAvoidedProduct":false,"isInput":false,"amount":0.0,"internalId":32,"flow":{"@type":"Flow","@id":"13f0bf85-a4f5-4dc0-8a73-ce323f1ad5b4","name":"1- Hydrogen, gaseous, from steam methane reforming, feedstock C (energy)","category":"Intermediate flows/Fuel Pathways/Hydrogen pathway/Energy basis/1- Hydrogen production, at hydrogen production plant","flowType":"PRODUCT_FLOW","refUnit":"MJ"},"unit":{"@type":"Unit","@id":"52765a6c-3896-43c2-b2f4-c679acf13efe","name":"MJ"},"flowProperty":{"@type":"FlowProperty","@id":"f6811440-ee37-11de-8a39-0800200c9a66","name":"Energy","category":"Technical flow properties","refUnit":"MJ"}},{"@type":"Exchange","isAvoidedProduct":false,"isInput":false,"amount":0.0,"internalId":28,"flow":{"@type":"Flow","@id":"b6d2d255-57f7-43ef-aacb-c06b2e7362ff","name":"1- Hydrogen, gaseous, from reforming of biomass derived syngas, feedstock B (mass)","category":"Intermediate flows/Fuel Pathways/Hydrogen pathway/Energy basis/1- Hydrogen production, at hydrogen production plant","flowType":"PRODUCT_FLOW","refUnit":"MJ"},"unit":{"@type":"Unit","@id":"52765a6c-3896-43c2-b2f4-c679acf13efe","name":"MJ"},"flowProperty":{"@type":"FlowProperty","@id":"f6811440-ee37-11de-8a39-0800200c9a66","name":"Energy","category":"Technical flow properties","refUnit":"MJ"}},{"@type":"Exchange","isAvoidedProduct":false,"isInput":true,"amount":0.0,"internalId":46,"flow":{"@type":"Flow","@id":"3717aaf0-028f-4541-af8c-59df2dcf075a","name":"Electricity use for electrolysis","category":"Intermediate flows/Fuel Pathways/Hydrogen pathway/Energy basis/Other inputs for hydrogen production","flowType":"PRODUCT_FLOW","refUnit":"MJ"},"unit":{"@type":"Unit","@id":"52765a6c-3896-43c2-b2f4-c679acf13efe","name":"MJ"},"flowProperty":{"@type":"FlowProperty","@id":"f6811440-ee37-11de-8a39-0800200c9a66","name":"Energy","category":"Technical flow properties","refUnit":"MJ"},"defaultProvider":{"@type":"Process","@id":"b7cd7feb-0261-450a-9435-d351434c6d1d","name":"Electricity use for electrolysis","category":"Fuel Pathways/Hydrogen pathway/Energy basis/Other inputs for hydrogen production","processType":"UNIT_PROCESS","flowType":"PRODUCT_FLOW"}},{"@type":"Exchange","isAvoidedProduct":false,"isInput":false,"amount":0.0,"internalId":30,"flow":{"@type":"Flow","@id":"6ff04223-142e-48df-b335-b1c7654fe914","name":"1- Hydrogen, gaseous, from steam methane reforming, feedstock A (energy)","category":"Intermediate flows/Fuel Pathways/Hydrogen pathway/Energy basis/1- Hydrogen production, at hydrogen production plant","flowType":"PRODUCT_FLOW","refUnit":"MJ"},"unit":{"@type":"Unit","@id":"52765a6c-3896-43c2-b2f4-c679acf13efe","name":"MJ"},"flowProperty":{"@type":"FlowProperty","@id":"f6811440-ee37-11de-8a39-0800200c9a66","name":"Energy","category":"Technical flow properties","refUnit":"MJ"}},{"@type":"Exchange","isAvoidedProduct":false,"isInput":false,"amount":0.0,"internalId":31,"flow":{"@type":"Flow","@id":"5cb85ac5-e719-4972-8e5d-3a855ac032d9","name":"1- Hydrogen, gaseous, from steam methane reforming, feedstock B (energy)","category":"Intermediate flows/Fuel Pathways/Hydrogen pathway/Energy basis/1- Hydrogen production, at hydrogen production plant","flowType":"PRODUCT_FLOW","refUnit":"MJ"},"unit":{"@type":"Unit","@id":"52765a6c-3896-43c2-b2f4-c679acf13efe","name":"MJ"},"flowProperty":{"@type":"FlowProperty","@id":"f6811440-ee37-11de-8a39-0800200c9a66","name":"Energy","category":"Technical flow properties","refUnit":"MJ"}},{"@type":"Exchange","isAvoidedProduct":false,"isInput":false,"amount":0.0,"internalId":27,"flow":{"@type":"Flow","@id":"6f344334-0942-4654-9334-eea8492cbbd1","name":"1- Hydrogen, gaseous, from reforming of biomass derived syngas, feedstock A (mass)","category":"Intermediate flows/Fuel Pathways/Hydrogen pathway/Energy basis/1- Hydrogen production, at hydrogen production plant","flowType":"PRODUCT_FLOW","refUnit":"MJ"},"unit":{"@type":"Unit","@id":"52765a6c-3896-43c2-b2f4-c679acf13efe","name":"MJ"},"flowProperty":{"@type":"FlowProperty","@id":"f6811440-ee37-11de-8a39-0800200c9a66","name":"Energy","category":"Technical flow properties","refUnit":"MJ"}},{"@type":"Exchange","isAvoidedProduct":false,"isInput":false,"amount":0.0,"internalId":29,"flow":{"@type":"Flow","@id":"f498ce5c-fc11-4d58-b910-64eab386c36c","name":"1- Hydrogen, gaseous, from reforming of biomass derived syngas, feedstock C (mass)","category":"Intermediate flows/Fuel Pathways/Hydrogen pathway/Energy basis/1- Hydrogen production, at hydrogen production plant","flowType":"PRODUCT_FLOW","refUnit":"MJ"},"unit":{"@type":"Unit","@id":"52765a6c-3896-43c2-b2f4-c679acf13efe","name":"MJ"},"flowProperty":{"@type":"FlowProperty","@id":"f6811440-ee37-11de-8a39-0800200c9a66","name":"Energy","category":"Technical flow properties","refUnit":"MJ"}}],"socialAspects":[],"allocationFactors":[{"allocationType":"PHYSICAL_ALLOCATION","product":{"@type":"Flow","@id":"b6d2d255-57f7-43ef-aacb-c06b2e7362ff","name":"1- Hydrogen, gaseous, from reforming of biomass derived syngas, feedstock B (mass)","category":"Intermediate flows/Fuel Pathways/Hydrogen pathway/Energy basis/1- Hydrogen production, at hydrogen production plant","flowType":"PRODUCT_FLOW","refUnit":"MJ"},"value":0.0},{"allocationType":"ECONOMIC_ALLOCATION","product":{"@type":"Flow","@id":"6f344334-0942-4654-9334-eea8492cbbd1","name":"1- Hydrogen, gaseous, from reforming of biomass derived syngas, feedstock A (mass)","category":"Intermediate flows/Fuel Pathways/Hydrogen pathway/Energy basis/1- Hydrogen production, at hydrogen production plant","flowType":"PRODUCT_FLOW","refUnit":"MJ"},"value":0.0},{"allocationType":"ECONOMIC_ALLOCATION","product":{"@type":"Flow","@id":"5cb85ac5-e719-4972-8e5d-3a855ac032d9","name":"1- Hydrogen, gaseous, from steam methane reforming, feedstock B (energy)","category":"Intermediate flows/Fuel Pathways/Hydrogen pathway/Energy basis/1- Hydrogen production, at hydrogen production plant","flowType":"PRODUCT_FLOW","refUnit":"MJ"},"value":0.0},{"allocationType":"PHYSICAL_ALLOCATION","product":{"@type":"Flow","@id":"5cb85ac5-e719-4972-8e5d-3a855ac032d9","name":"1- Hydrogen, gaseous, from steam methane reforming, feedstock B (energy)","category":"Intermediate flows/Fuel Pathways/Hydrogen pathway/Energy basis/1- Hydrogen production, at hydrogen production plant","flowType":"PRODUCT_FLOW","refUnit":"MJ"},"value":0.0},{"allocationType":"CAUSAL_ALLOCATION","exchange":{"@type":"Exchange","internalId":46,"flow":{"@type":"Flow","@id":"3717aaf0-028f-4541-af8c-59df2dcf075a","name":"Electricity use for electrolysis","category":"Intermediate flows/Fuel Pathways/Hydrogen pathway/Energy basis/Other inputs for hydrogen production","flowType":"PRODUCT_FLOW","refUnit":"MJ"}},"product":{"@type":"Flow","@id":"6f344334-0942-4654-9334-eea8492cbbd1","name":"1- Hydrogen, gaseous, from reforming of biomass derived syngas, feedstock A (mass)","category":"Intermediate flows/Fuel Pathways/Hydrogen pathway/Energy basis/1- Hydrogen production, at hydrogen production plant","flowType":"PRODUCT_FLOW","refUnit":"MJ"},"value":0.0},{"allocationType":"CAUSAL_ALLOCATION","exchange":{"@type":"Exchange","internalId":46,"flow":{"@type":"Flow","@id":"3717aaf0-028f-4541-af8c-59df2dcf075a","name":"Electricity use for electrolysis","category":"Intermediate flows/Fuel Pathways/Hydrogen pathway/Energy basis/Other inputs for hydrogen production","flowType":"PRODUCT_FLOW","refUnit":"MJ"}},"product":{"@type":"Flow","@id":"5cb85ac5-e719-4972-8e5d-3a855ac032d9","name":"1- Hydrogen, gaseous, from steam methane reforming, feedstock B (energy)","category":"Intermediate flows/Fuel Pathways/Hydrogen pathway/Energy basis/1- Hydrogen production, at hydrogen production plant","flowType":"PRODUCT_FLOW","refUnit":"MJ"},"value":0.0},{"allocationType":"ECONOMIC_ALLOCATION","product":{"@type":"Flow","@id":"b6d2d255-57f7-43ef-aacb-c06b2e7362ff","name":"1- Hydrogen, gaseous, from reforming of biomass derived syngas, feedstock B (mass)","category":"Intermediate flows/Fuel Pathways/Hydrogen pathway/Energy basis/1- Hydrogen production, at hydrogen production plant","flowType":"PRODUCT_FLOW","refUnit":"MJ"},"value":0.0},{"allocationType":"CAUSAL_ALLOCATION","exchange":{"@type":"Exchange","internalId":46,"flow":{"@type":"Flow","@id":"3717aaf0-028f-4541-af8c-59df2dcf075a","name":"Electricity use for electrolysis","category":"Intermediate flows/Fuel Pathways/Hydrogen pathway/Energy basis/Other inputs for hydrogen production","flowType":"PRODUCT_FLOW","refUnit":"MJ"}},"product":{"@type":"Flow","@id":"13f0bf85-a4f5-4dc0-8a73-ce323f1ad5b4","name":"1- Hydrogen, gaseous, from steam methane reforming, feedstock C (energy)","category":"Intermediate flows/Fuel Pathways/Hydrogen pathway/Energy basis/1- Hydrogen production, at hydrogen production plant","flowType":"PRODUCT_FLOW","refUnit":"MJ"},"value":0.0},{"allocationType":"PHYSICAL_ALLOCATION","product":{"@type":"Flow","@id":"6f344334-0942-4654-9334-eea8492cbbd1","name":"1- Hydrogen, gaseous, from reforming of biomass derived syngas, feedstock A (mass)","category":"Intermediate flows/Fuel Pathways/Hydrogen pathway/Energy basis/1- Hydrogen production, at hydrogen production plant","flowType":"PRODUCT_FLOW","refUnit":"MJ"},"value":0.0},{"allocationType":"PHYSICAL_ALLOCATION","product":{"@type":"Flow","@id":"6ff04223-142e-48df-b335-b1c7654fe914","name":"1- Hydrogen, gaseous, from steam methane reforming, feedstock A (energy)","category":"Intermediate flows/Fuel Pathways/Hydrogen pathway/Energy basis/1- Hydrogen production, at hydrogen production plant","flowType":"PRODUCT_FLOW","refUnit":"MJ"},"value":0.0},{"allocationType":"CAUSAL_ALLOCATION","exchange":{"@type":"Exchange","internalId":46,"flow":{"@type":"Flow","@id":"3717aaf0-028f-4541-af8c-59df2dcf075a","name":"Electricity use for electrolysis","category":"Intermediate flows/Fuel Pathways/Hydrogen pathway/Energy basis/Other inputs for hydrogen production","flowType":"PRODUCT_FLOW","refUnit":"MJ"}},"product":{"@type":"Flow","@id":"f498ce5c-fc11-4d58-b910-64eab386c36c","name":"1- Hydrogen, gaseous, from reforming of biomass derived syngas, feedstock C (mass)","category":"Intermediate flows/Fuel Pathways/Hydrogen pathway/Energy basis/1- Hydrogen production, at hydrogen production plant","flowType":"PRODUCT_FLOW","refUnit":"MJ"},"value":0.0},{"allocationType":"ECONOMIC_ALLOCATION","product":{"@type":"Flow","@id":"6ff04223-142e-48df-b335-b1c7654fe914","name":"1- Hydrogen, gaseous, from steam methane reforming, feedstock A (energy)","category":"Intermediate flows/Fuel Pathways/Hydrogen pathway/Energy basis/1- Hydrogen production, at hydrogen production plant","flowType":"PRODUCT_FLOW","refUnit":"MJ"},"value":0.0},{"allocationType":"PHYSICAL_ALLOCATION","product":{"@type":"Flow","@id":"13f0bf85-a4f5-4dc0-8a73-ce323f1ad5b4","name":"1- Hydrogen, gaseous, from steam methane reforming, feedstock C (energy)","category":"Intermediate flows/Fuel Pathways/Hydrogen pathway/Energy basis/1- Hydrogen production, at hydrogen production plant","flowType":"PRODUCT_FLOW","refUnit":"MJ"},"value":0.0},{"allocationType":"PHYSICAL_ALLOCATION","product":{"@type":"Flow","@id":"965299f5-6f58-4fb2-a244-1214a39b6fe3","name":"1- Hydrogen, gaseous, from electrolysis","category":"Intermediate flows/Fuel Pathways/Hydrogen pathway/Energy basis/1- Hydrogen production, at hydrogen production plant","flowType":"PRODUCT_FLOW","refUnit":"MJ"},"value":1.0},{"allocationType":"ECONOMIC_ALLOCATION","product":{"@type":"Flow","@id":"965299f5-6f58-4fb2-a244-1214a39b6fe3","name":"1- Hydrogen, gaseous, from electrolysis","category":"Intermediate flows/Fuel Pathways/Hydrogen pathway/Energy basis/1- Hydrogen production, at hydrogen production plant","flowType":"PRODUCT_FLOW","refUnit":"MJ"},"value":1.0},{"allocationType":"PHYSICAL_ALLOCATION","product":{"@type":"Flow","@id":"f498ce5c-fc11-4d58-b910-64eab386c36c","name":"1- Hydrogen, gaseous, from reforming of biomass derived syngas, feedstock C (mass)","category":"Intermediate flows/Fuel Pathways/Hydrogen pathway/Energy basis/1- Hydrogen production, at hydrogen production plant","flowType":"PRODUCT_FLOW","refUnit":"MJ"},"value":0.0},{"allocationType":"CAUSAL_ALLOCATION","exchange":{"@type":"Exchange","internalId":46,"flow":{"@type":"Flow","@id":"3717aaf0-028f-4541-af8c-59df2dcf075a","name":"Electricity use for electrolysis","category":"Intermediate flows/Fuel Pathways/Hydrogen pathway/Energy basis/Other inputs for hydrogen production","flowType":"PRODUCT_FLOW","refUnit":"MJ"}},"product":{"@type":"Flow","@id":"b6d2d255-57f7-43ef-aacb-c06b2e7362ff","name":"1- Hydrogen, gaseous, from reforming of biomass derived syngas, feedstock B (mass)","category":"Intermediate flows/Fuel Pathways/Hydrogen pathway/Energy basis/1- Hydrogen production, at hydrogen production plant","flowType":"PRODUCT_FLOW","refUnit":"MJ"},"value":0.0},{"allocationType":"ECONOMIC_ALLOCATION","product":{"@type":"Flow","@id":"f498ce5c-fc11-4d58-b910-64eab386c36c","name":"1- Hydrogen, gaseous, from reforming of biomass derived syngas, feedstock C (mass)","category":"Intermediate flows/Fuel Pathways/Hydrogen pathway/Energy basis/1- Hydrogen production, at hydrogen production plant","flowType":"PRODUCT_FLOW","refUnit":"MJ"},"value":0.0},{"allocationType":"CAUSAL_ALLOCATION","exchange":{"@type":"Exchange","internalId":46,"flow":{"@type":"Flow","@id":"3717aaf0-028f-4541-af8c-59df2dcf075a","name":"Electricity use for electrolysis","category":"Intermediate flows/Fuel Pathways/Hydrogen pathway/Energy basis/Other inputs for hydrogen production","flowType":"PRODUCT_FLOW","refUnit":"MJ"}},"product":{"@type":"Flow","@id":"965299f5-6f58-4fb2-a244-1214a39b6fe3","name":"1- Hydrogen, gaseous, from electrolysis","category":"Intermediate flows/Fuel Pathways/Hydrogen pathway/Energy basis/1- Hydrogen production, at hydrogen production plant","flowType":"PRODUCT_FLOW","refUnit":"MJ"},"value":0.0},{"allocationType":"ECONOMIC_ALLOCATION","product":{"@type":"Flow","@id":"13f0bf85-a4f5-4dc0-8a73-ce323f1ad5b4","name":"1- Hydrogen, gaseous, from steam methane reforming, feedstock C (energy)","category":"Intermediate flows/Fuel Pathways/Hydrogen pathway/Energy basis/1- Hydrogen production, at hydrogen production plant","flowType":"PRODUCT_FLOW","refUnit":"MJ"},"value":0.0},{"allocationType":"CAUSAL_ALLOCATION","exchange":{"@type":"Exchange","internalId":46,"flow":{"@type":"Flow","@id":"3717aaf0-028f-4541-af8c-59df2dcf075a","name":"Electricity use for electrolysis","category":"Intermediate flows/Fuel Pathways/Hydrogen pathway/Energy basis/Other inputs for hydrogen production","flowType":"PRODUCT_FLOW","refUnit":"MJ"}},"product":{"@type":"Flow","@id":"6ff04223-142e-48df-b335-b1c7654fe914","name":"1- Hydrogen, gaseous, from steam methane reforming, feedstock A (energy)","category":"Intermediate flows/Fuel Pathways/Hydrogen pathway/Energy basis/1- Hydrogen production, at hydrogen production plant","flowType":"PRODUCT_FLOW","refUnit":"MJ"},"value":0.0}]}