{"@type":"Process","@id":"8261319f-9a56-41fa-be71-388ca32e796b","name":"F- Hydrogen with heat adjustment (AM)","description":"This unit process covers the production of hydrogen for the advanced modelling (AM) approach after the heat adjustment procedure has been applied. The unit process should include the hydrogen production stage (i.e. “A- Hydrogen production, at HPS (AM)”), as well as flows of steam, as applicable (“purchased steam”, “Net generated steam, from electricity and heat generation system”).\n\nThe hydrogen efficiency factor should be applied in this step on only the purchased steam flow if hydrogen is used internally to produce energy used by the hydrogen product system. If all hydrogen is used by another product system, the hydrogen efficiency factor is considered to be equal to 1. \n\nFunctional unit: total quantity (in kg) of hydrogen produced at the plant gate and exported to other product systems, with heat adjustment.\nProcess scope:\nData entered by model users should cover the following:\n-Quantities of hydrogen produced, accounting for hydrogen consumed internally\n-Quantities of steam\n\nAllocation:\nNo allocation is performed.","category":"Fuel Pathways/Hydrogen pathway/Mass basis/Hydrogen production, advanced modelling (AM)","version":"00.00.009","lastChange":"2024-05-28T04:00:00Z","processType":"UNIT_PROCESS","isInfrastructureProcess":false,"processDocumentation":{"timeDescription":"","technologyDescription":"","dataCollectionDescription":"","completenessDescription":"","dataSelectionDescription":"","dataTreatmentDescription":"","modelingConstantsDescription":"","restrictionsDescription":"© His Majesty the King in Right of Canada, as represented by the Minister of Environment and Climate Change, 2024","isCopyrightProtected":true,"intendedApplication":"The Government of Canada\u0027s Fuel Life Cycle Assessment (LCA) Model (the Model) is a tool to calculate the life cycle carbon intensity (CI) of fuels and energy sources used and produced in Canada.\n\nThe Model consists of the following three components:\n1) the Fuel LCA Model Database: Contains a library of CI datasets and fuel pathways developed to model a CI specific to a fuel or an energy source.\n2) the Fuel LCA Model Methodology: Describes the methodology, data sources and assumptions that were used in the development of the Model, and provides the rationale supporting the methodological approach.\n3) the Fuel LCA Model User Manual: Provides information on general definitions and concepts related to LCA as it relates to the Model. Also provides technical guidance on how to perform basic operations in the openLCA software that are required for CI calculations.\n\nThe Fuel LCA Model is designed in conformity with ISO 14040 and ISO 14044 guidelines.","projectDescription":"Current version of the Fuel LCA Model: August 2024","geographyDescription":"","creationDate":"2024-04-26T16:08:54.465"},"lastInternalId":2,"parameters":[],"exchanges":[{"@type":"Exchange","isAvoidedProduct":false,"isInput":false,"amount":1.0,"internalId":1,"flow":{"@type":"Flow","@id":"d84cbf60-ca07-4c0a-a765-cc87a0a44c79","name":"F- Hydrogen with heat adjustment (AM)","category":"Intermediate flows/Fuel Pathways/Hydrogen pathway/Mass basis/Hydrogen production, advanced modelling (AM)","flowType":"PRODUCT_FLOW","refUnit":"kg"},"unit":{"@type":"Unit","@id":"1aad5937-9d99-4528-8883-925d477809ba","name":"kg"},"flowProperty":{"@type":"FlowProperty","@id":"3747a7c9-e423-4d1d-88a2-21d3473660d3","name":"Mass","category":"Technical flow properties","refUnit":"kg"},"isQuantitativeReference":true}],"socialAspects":[],"allocationFactors":[]}