{"@type":"Process","@id":"8723aa68-1499-4f21-b9af-c1633e8d66ae","name":"Pipeline transport, of hydrogen, injected in natural gas pipeline","description":"The process covers the transport of 1 tonne-km of hydrogen injected in a natutal gas pipeline.\n\nFunctional Unit: Transport of 1 tonne-km of hydrogen by pipeline (injection in natural gas pipeline)\nThe process covers the energy inputs to transport 1 tonne-kilometer of hydrogen by pipeline. The process does not cover the transportation infrastructure (e.g. mechanical components of the pipeline).\n\nModelling Overview: 2021 GREET  natural gas pipeline model has been used as a proxy for hydrogen injected in a natural gas pipeline. Weighted average electricity to transport 1 barrel over a distance of 1 km by pipeline was used to model the electricity use. Natural Gas is responsible for the 98% of the energy needed for combustion. The remainder is coming from electricity. Natural gas pipeline compressors are assumed to have an inlet pressure of 200 psia, outlet pressure of 1200 psia, inlet temrperature of 70 F, 2.1 compression ratios per stage (3 stages), and a compressor adiabatic efficiency of 80%. (GREET 2021)\n\nAllocation: No allocation procedure was performed.","category":"Data Library/Transport/Hydrogen transport","version":"00.00.028","lastChange":"2024-06-21T04:00:00Z","processType":"LCI_RESULT","isInfrastructureProcess":false,"processDocumentation":{"timeDescription":"Energy input data and process emission data for the process is based on a 2013 U.S. study from National Renewable Energy Technology (NREL) (Ramsden et al. 2013). The data in (Ramsden et al, 2013) relies on modeling data from 2009 (Ruth et al., 2009) and 2012 (Mann and Steward 2012).","technologyDescription":"The GREET 2021 model for natural gas pipeline has been used as a proxy for hydrogen injected in a natural gas pipeline. Weighted average electricity to transport 1 barrel over a distance of 1 km by pipeline was used to model the electricity use. Natural Gas is responsible for the 98% of the energy needed for combustion. The remainder is coming from electricity.","dataCollectionDescription":"Please refer to the Time section (in General information tab)","completenessDescription":"A 1% of environmental significance criterion, as calculated by the impact assessment method, was used to test the sensitivity of the results to assumptions and data substitutions made.","dataSelectionDescription":"The GREET 2021 model for natural gas pipeline has been used as a proxy for hydrogen transport by pipeline. Weighted average electricity to transport 1 barrel over a distance of 1 km by pipeline was used to model the electricity use. Natural Gas is responsible for the 98% of the energy needed for combustion. The remainder is coming from electricity.","dataTreatmentDescription":"No allocation procedure was performed.","inventoryMethodDescription":"N/A","modelingConstantsDescription":"Functional Unit: Transport of 1 tonne-km of hydrogen by pipeline (injection in natural gas pipeline)","restrictionsDescription":"© His Majesty the King in Right of Canada, as represented by the Minister of Environment and Climate Change, 2024","isCopyrightProtected":true,"intendedApplication":"The Government of Canada\u0027s Fuel Life Cycle Assessment (LCA) Model (the Model) is a tool to calculate the life cycle carbon intensity (CI) of fuels and energy sources used and produced in Canada.\n\nThe Model consists of the following three components:\n1) the Fuel LCA Model Database: Contains a library of CI datasets and fuel pathways developed to model a CI specific to a fuel or an energy source.\n2) the Fuel LCA Model Methodology: Describes the methodology, data sources and assumptions that were used in the development of the Model, and provides the rationale supporting the methodological approach.\n3) the Fuel LCA Model User Manual: Provides information on general definitions and concepts related to LCA as it relates to the Model. Also provides technical guidance on how to perform basic operations in the openLCA software that are required for CI calculations.\n\nThe Fuel LCA Model is designed in conformity with ISO 14040 and ISO 14044 guidelines.","projectDescription":"Current version of the Fuel LCA Model: August 2024","geographyDescription":"This process was developed for the Canadian context but can be used regardless of the location.","creationDate":"2020-01-24T10:57:42.584","validFrom":"2015-01-01","validUntil":"2015-12-31","dataDocumentor":{"@type":"Actor","@id":"c165abbd-3ce5-4150-a998-455a05028457","name":"Environment and Climate Change Canada"},"dataGenerator":{"@type":"Actor","@id":"c165abbd-3ce5-4150-a998-455a05028457","name":"Environment and Climate Change Canada"},"dataSetOwner":{"@type":"Actor","@id":"c165abbd-3ce5-4150-a998-455a05028457","name":"Environment and Climate Change Canada"},"publication":{"@type":"Source","@id":"534615eb-bab6-4cda-85db-1e0c92e2e29e","name":"Fuel LCA Model Methodology"},"sources":[{"@type":"Source","@id":"0775e210-8b13-11eb-8dcd-0242ac130003","name":"California Air Ressources Board (2018)"},{"@type":"Source","@id":"bee7d0e2-db3f-4911-bbc9-c95e2d349e1d","name":"Argonne National Lab. (2021). GREET."},{"@type":"Source","@id":"31f293f0-d67b-11ea-87d0-0242ac130003","name":"Argonne National Lab. (2018). GREET."},{"@type":"Source","@id":"31f2acf0-d67b-11ea-87d0-0242ac130003","name":"Ramsden et al. (2013)"}]},"lastInternalId":26,"parameters":[],"exchanges":[{"@type":"Exchange","isAvoidedProduct":false,"isInput":false,"amount":1.0,"internalId":7,"flow":{"@type":"Flow","@id":"23861af3-14da-4ebb-a8a0-6f4dd2ea22af","name":"Pipeline transport, of hydrogen, injected in natural gas pipeline","category":"Intermediate flows/Data Library/Transport/Hydrogen transport","flowType":"PRODUCT_FLOW","refUnit":"t*km"},"unit":{"@type":"Unit","@id":"0dea4ed8-bb6b-4049-b2b4-b2c413ef2180","name":"t*km"},"flowProperty":{"@type":"FlowProperty","@id":"838aaa20-0117-11db-92e3-0800200c9a66","name":"Goods transport (mass*length)","category":"Technical flow properties","refUnit":"t*km"},"isQuantitativeReference":true},{"@type":"Exchange","isAvoidedProduct":false,"isInput":false,"amount":0.06553677521284391,"description":"Life cycle emissions","internalId":20,"flow":{"@type":"Flow","@id":"a554da52-adc8-4d57-8853-17dce4428ce8","name":"Carbon dioxide (CO2), fossil","category":"Elementary flows/Emission to air","flowType":"ELEMENTARY_FLOW","refUnit":"kg"},"unit":{"@type":"Unit","@id":"1aad5937-9d99-4528-8883-925d477809ba","name":"kg"},"flowProperty":{"@type":"FlowProperty","@id":"3747a7c9-e423-4d1d-88a2-21d3473660d3","name":"Mass","category":"Technical flow properties","refUnit":"kg"}},{"@type":"Exchange","isAvoidedProduct":false,"isInput":false,"amount":1.0538102259747902E-6,"description":"Life cycle emissions","internalId":23,"flow":{"@type":"Flow","@id":"897ff98a-c48a-4099-9a44-65ddc71c521d","name":"Methane (CH4), biogenic","category":"Elementary flows/Emission to air","flowType":"ELEMENTARY_FLOW","refUnit":"kg"},"unit":{"@type":"Unit","@id":"1aad5937-9d99-4528-8883-925d477809ba","name":"kg"},"flowProperty":{"@type":"FlowProperty","@id":"3747a7c9-e423-4d1d-88a2-21d3473660d3","name":"Mass","category":"Technical flow properties","refUnit":"kg"}},{"@type":"Exchange","isAvoidedProduct":false,"isInput":false,"amount":1.6502398569232982E-4,"description":"Life cycle emissions","internalId":24,"flow":{"@type":"Flow","@id":"79493961-5010-4e8b-b646-9bcfe695816a","name":"Methane (CH4), fossil","category":"Elementary flows/Emission to air","flowType":"ELEMENTARY_FLOW","refUnit":"kg"},"unit":{"@type":"Unit","@id":"1aad5937-9d99-4528-8883-925d477809ba","name":"kg"},"flowProperty":{"@type":"FlowProperty","@id":"3747a7c9-e423-4d1d-88a2-21d3473660d3","name":"Mass","category":"Technical flow properties","refUnit":"kg"}},{"@type":"Exchange","isAvoidedProduct":false,"isInput":false,"amount":8.568776718440437E-11,"description":"Life cycle emissions","internalId":26,"flow":{"@type":"Flow","@id":"b8c498e5-9afd-4b88-b7c7-b8567f323c86","name":"Sulphur hexafluoride (SF6)","category":"Elementary flows/Emission to air","flowType":"ELEMENTARY_FLOW","refUnit":"kg"},"unit":{"@type":"Unit","@id":"1aad5937-9d99-4528-8883-925d477809ba","name":"kg"},"flowProperty":{"@type":"FlowProperty","@id":"3747a7c9-e423-4d1d-88a2-21d3473660d3","name":"Mass","category":"Technical flow properties","refUnit":"kg"}},{"@type":"Exchange","isAvoidedProduct":false,"isInput":false,"amount":1.5732158304853967E-6,"description":"Life cycle emissions","internalId":25,"flow":{"@type":"Flow","@id":"2eb95720-1e38-48ba-8ba8-4aa4d13ccf1e","name":"Nitrous oxide (N2O)","category":"Elementary flows/Emission to air","flowType":"ELEMENTARY_FLOW","refUnit":"kg"},"unit":{"@type":"Unit","@id":"1aad5937-9d99-4528-8883-925d477809ba","name":"kg"},"flowProperty":{"@type":"FlowProperty","@id":"3747a7c9-e423-4d1d-88a2-21d3473660d3","name":"Mass","category":"Technical flow properties","refUnit":"kg"}},{"@type":"Exchange","isAvoidedProduct":false,"isInput":false,"amount":3.542450524438989E-6,"description":"Life cycle emissions","internalId":22,"flow":{"@type":"Flow","@id":"32d9ba8e-2923-423b-a98a-acdba4bbe8db","name":"Carbon dioxide equivalent (CO2e)","category":"Elementary flows/Emission to air","flowType":"ELEMENTARY_FLOW","refUnit":"kg"},"unit":{"@type":"Unit","@id":"1aad5937-9d99-4528-8883-925d477809ba","name":"kg"},"flowProperty":{"@type":"FlowProperty","@id":"3747a7c9-e423-4d1d-88a2-21d3473660d3","name":"Mass","category":"Technical flow properties","refUnit":"kg"}},{"@type":"Exchange","isAvoidedProduct":false,"isInput":false,"amount":5.995816809680711E-5,"description":"Life cycle emissions","internalId":21,"flow":{"@type":"Flow","@id":"35c7ea56-7f09-406f-9070-301c4a701c1d","name":"Carbon dioxide (CO2), land transformation","category":"Elementary flows/Emission to air","flowType":"ELEMENTARY_FLOW","refUnit":"kg"},"unit":{"@type":"Unit","@id":"1aad5937-9d99-4528-8883-925d477809ba","name":"kg"},"flowProperty":{"@type":"FlowProperty","@id":"3747a7c9-e423-4d1d-88a2-21d3473660d3","name":"Mass","category":"Technical flow properties","refUnit":"kg"}}],"socialAspects":[],"allocationFactors":[]}