{"@type":"Process","@id":"8cc83224-1caf-40c5-882f-ea67bacdfb8c","name":"Electricity, from solar, photovoltaic, offsite generation","description":"This process covers emissions from the generation and distribution of 1 kWh of electricity  from photovoltaic solar power.\n\nFunctional unit: Distribution of 1 kWh of electricity from photovoltaic solar power, at user.\n\nProcess Scope: \n-Electricity generation\n-Electricity transmission and distribution\n\nExclusions:\n- To improve the alignment with the rest of the Fuel LCA Model, infrastructure and waste management from the Conceptual and Analytical Frameworks for Environmental Evaluation of Electricity Generation in Canada (CAFE3) are excluded. \n- Infrastructure and waste management are excluded.\n\nModelling Overview:\n- Electricity generation: Emissions were modelled using the CAFE3 model, version 1.1.3, developed by Environment and Climate Change Canada. The CAFE3 tool provides distinct emission intensities on a technology basis for each electricity pathway. The CAFE3 results were filtered to provide cradle-to-gate data that has the same scope as other background data in the Fuel LCA Model.  \nCAFE3 life cycle stage models use data from various sources. Most of the background data and some foreground parameter data was taken from the ecoinvent v3.6 database. Other data sources included but were not limited to the National Energy Board and Statistics Canada data. Operation stage data relies mostly on ecoinvent v3.4, the National Pollutant Release Inventory (NPRI) and US EPA. \nThe life cycle inventory of non-feedstock supply is largely based from ecoinvent v3.6 data. Feedstock inputs are relinked to the Fuel LCA Model for increased coherence with the rest of the model.  \n- Electricity distribution: Both the losses and the SF6 emissions are calculated directly from the National Inventory Report (2021), Table A13-1. \n\nAllocation: \nGeneration: Allocation in background data stemming from ecoinvent is based on the “Cut-off by classification” approach.\nDistribution: N/A","category":"Data Library/Electricity/Technology specific electricity/Offsite generation","version":"00.00.021","lastChange":"2024-06-21T04:00:00Z","processType":"LCI_RESULT","isInfrastructureProcess":false,"processDocumentation":{"timeDescription":"Generation: Data are from Environment and Climate change Canada\u0027s Conceptual and Analytical Frameworks for Environmental Evaluation of Electricity Generation in Canada (CAFE3) model. The last update to the CAFE3 model was in 2020. The parameter and background data in the model varies in age, refer to the model documentation for more details. \n- Distribution: The data for both losses and emissions are taken directly from the National inventory report Table A13-1 for year 2018. \nECCC. 2021. “National Inventory Report 1990 –2019: Greenhouse Gas Sources and Sinks in Canada.” ECCC.","technologyDescription":"This process represents average photovoltaic solar electricity generation technologies and average electricity distibution technologies in Canada.","dataCollectionDescription":"Please refer to the Time section (in General information tab)","completenessDescription":"During the completeness and sensitivity check, a 1% cut-off criteria has been apply on the environmental significance, as calculated by the impact assessment method.","dataSelectionDescription":"Generation: Emissions were modelled using the CAFE3 model, version 1.1.3, developed by Environment and Climate Change Canada. The CAFE3 tool provides distinct emission intensities on a technology basis for each electricity pathway. The CAFE3 results were filtered to provide cradle-to-gate data that has the same scope as other background data in the Fuel LCA Model. CAFE3 life cycle stage models use data from various sources. Most of the background data and some foreground parameter data was taken from the ecoinvent v3.6 database. Other data sources included but were not limited to the National Energy Board and Statistics Canada data. Operation stage data relies mostly on ecoinvent v3.4, the National Pollutant Release Inventory (NPRI) and US EPA. The life cycle inventory of non-feedstock supply is largely based from ecoinvent v3.6 data.\n- Distribution: Both the losses and the SF6 emissions are calculated directly from the National Inventory Report (2021), Table A13-1.","dataTreatmentDescription":"Allocation method: \nAllocation in background data stemming from ecoinvent is based on the “Cut-off by classification” approach. ","modelingConstantsDescription":"Functional unit: Distribution of 1 kWh of electricity from photovoltaic solar power, at user.","restrictionsDescription":"© His Majesty the King in Right of Canada, as represented by the Minister of Environment and Climate Change, 2024","isCopyrightProtected":true,"intendedApplication":"The Government of Canada\u0027s Fuel Life Cycle Assessment (LCA) Model (the Model) is a tool to calculate the life cycle carbon intensity (CI) of fuels and energy sources used and produced in Canada.\n\nThe Model consists of the following three components:\n1) the Fuel LCA Model Database: Contains a library of CI datasets and fuel pathways developed to model a CI specific to a fuel or an energy source.\n2) the Fuel LCA Model Methodology: Describes the methodology, data sources and assumptions that were used in the development of the Model, and provides the rationale supporting the methodological approach.\n3) the Fuel LCA Model User Manual: Provides information on general definitions and concepts related to LCA as it relates to the Model. Also provides technical guidance on how to perform basic operations in the openLCA software that are required for CI calculations.\n\nThe Fuel LCA Model is designed in conformity with ISO 14040 and ISO 14044 guidelines.","projectDescription":"Current version of the Fuel LCA Model: August 2024","geographyDescription":"This process was developed for the Canadian context but can be used regardless of geographical location.","creationDate":"2021-07-15T12:26:31.157","validFrom":"2018-01-01","validUntil":"2018-12-31","dataDocumentor":{"@type":"Actor","@id":"c165abbd-3ce5-4150-a998-455a05028457","name":"Environment and Climate Change Canada"},"dataGenerator":{"@type":"Actor","@id":"c165abbd-3ce5-4150-a998-455a05028457","name":"Environment and Climate Change Canada"},"dataSetOwner":{"@type":"Actor","@id":"c165abbd-3ce5-4150-a998-455a05028457","name":"Environment and Climate Change Canada"},"publication":{"@type":"Source","@id":"534615eb-bab6-4cda-85db-1e0c92e2e29e","name":"Fuel LCA Model Methodology"},"sources":[{"@type":"Source","@id":"0a8c6cf6-186a-45ee-8040-edd7bba55675","name":"CAFE3 (2021)"},{"@type":"Source","@id":"2cb6b5c6-2d63-41b6-ac78-585ff7d9c9e5","name":"National Inventory Report (2021)"}]},"lastInternalId":19,"parameters":[],"exchanges":[{"@type":"Exchange","isAvoidedProduct":false,"isInput":false,"amount":1.0,"description":"","internalId":1,"flow":{"@type":"Flow","@id":"fe42882f-bdcd-43eb-8d1f-4644d0359d69","name":"Electricity, from solar, photovoltaic, offsite generation","category":"Intermediate flows/Data Library/Electricity/Technology specific electricity/Offsite generation","flowType":"PRODUCT_FLOW","refUnit":"MJ"},"unit":{"@type":"Unit","@id":"86ad2244-1f0e-4912-af53-7865283103e4","name":"kWh"},"flowProperty":{"@type":"FlowProperty","@id":"f6811440-ee37-11de-8a39-0800200c9a66","name":"Energy","category":"Technical flow properties","refUnit":"MJ"},"isQuantitativeReference":true},{"@type":"Exchange","isAvoidedProduct":false,"isInput":false,"amount":1.2560855820501968E-9,"description":"Life cycle emissions","internalId":19,"flow":{"@type":"Flow","@id":"b8c498e5-9afd-4b88-b7c7-b8567f323c86","name":"Sulphur hexafluoride (SF6)","category":"Elementary flows/Emission to air","flowType":"ELEMENTARY_FLOW","refUnit":"kg"},"unit":{"@type":"Unit","@id":"1aad5937-9d99-4528-8883-925d477809ba","name":"kg"},"flowProperty":{"@type":"FlowProperty","@id":"3747a7c9-e423-4d1d-88a2-21d3473660d3","name":"Mass","category":"Technical flow properties","refUnit":"kg"}},{"@type":"Exchange","isAvoidedProduct":false,"isInput":false,"amount":1.5277805547904902E-10,"description":"Life cycle emissions","internalId":18,"flow":{"@type":"Flow","@id":"2eb95720-1e38-48ba-8ba8-4aa4d13ccf1e","name":"Nitrous oxide (N2O)","category":"Elementary flows/Emission to air","flowType":"ELEMENTARY_FLOW","refUnit":"kg"},"unit":{"@type":"Unit","@id":"1aad5937-9d99-4528-8883-925d477809ba","name":"kg"},"flowProperty":{"@type":"FlowProperty","@id":"3747a7c9-e423-4d1d-88a2-21d3473660d3","name":"Mass","category":"Technical flow properties","refUnit":"kg"}},{"@type":"Exchange","isAvoidedProduct":false,"isInput":false,"amount":3.7930746105858717E-6,"description":"Life cycle emissions","internalId":16,"flow":{"@type":"Flow","@id":"a554da52-adc8-4d57-8853-17dce4428ce8","name":"Carbon dioxide (CO2), fossil","category":"Elementary flows/Emission to air","flowType":"ELEMENTARY_FLOW","refUnit":"kg"},"unit":{"@type":"Unit","@id":"1aad5937-9d99-4528-8883-925d477809ba","name":"kg"},"flowProperty":{"@type":"FlowProperty","@id":"3747a7c9-e423-4d1d-88a2-21d3473660d3","name":"Mass","category":"Technical flow properties","refUnit":"kg"}},{"@type":"Exchange","isAvoidedProduct":false,"isInput":false,"amount":1.0067711432634572E-8,"description":"Life cycle emissions","internalId":17,"flow":{"@type":"Flow","@id":"79493961-5010-4e8b-b646-9bcfe695816a","name":"Methane (CH4), fossil","category":"Elementary flows/Emission to air","flowType":"ELEMENTARY_FLOW","refUnit":"kg"},"unit":{"@type":"Unit","@id":"1aad5937-9d99-4528-8883-925d477809ba","name":"kg"},"flowProperty":{"@type":"FlowProperty","@id":"3747a7c9-e423-4d1d-88a2-21d3473660d3","name":"Mass","category":"Technical flow properties","refUnit":"kg"}}],"socialAspects":[],"allocationFactors":[]}