{"@type":"Process","@id":"8d4166d2-2a8a-43dd-b2a4-7d204cc494e5","name":"Biogas combustion","description":"GHG emissions from the combustion of biogas for electricity generation. \n\nFunctional unit: 1 MJ of biogas combusted \n\nProcess Scope:\n-biogas combustion emissions \n\nModelling Overview:\nThe CH4 and N2O combustion emission factors are based on the emission factors for natural gas combustion. CO2 emissions have been excluded because they are biogenic and the CH4 emission flow is biogenic. \n\nMarketable natural gas combustion emissions factors for carbon dioxide, methane and nitrous oxide are sourced from Canada’s National Inventory Report (Government of Canada, 2018), collected for years 1990 to 2016. Sector supply and demand data are sourced from Statistics Canada, (Table 25-10-0030-01 Supply and demand of primary and secondary energy in natural units), for the 2016 reference year.   ","category":"Data Library/Combustion emission factors/Combustion from biomass feedstock","version":"00.00.019","lastChange":"2024-06-21T04:00:00Z","processType":"LCI_RESULT","isInfrastructureProcess":false,"processDocumentation":{"timeDescription":"Marketable natural gas combustion emissions factors for carbon dioxide, methane and nitrous oxide are sourced from Canada’s National Inventory Report (Government of Canada, 2018), collected for years 1990 to 2016. Sector supply and demand data are sourced from Statistics Canada, (Table 25-10-0030-01 Supply and demand of primary and secondary energy in natural units), for the 2016 reference year.  \n","technologyDescription":"Biogas is assumed to be combusted for electricity generation.  ","dataCollectionDescription":"Please refer to the Time section (in General information tab)","completenessDescription":"A 1% of environmental significance criterion, as calculated by the impact assessment method, was used to test the sensitivity of the results to assumptions and data substitutions made.","dataSelectionDescription":"The CH4 and N2O combustion emission factors are based on the emission factors for natural gas combustion. CO2 emissions have been excluded because they are biogenic and the CH4 emission flow is biogenic. ","dataTreatmentDescription":"Allocation method:","modelingConstantsDescription":"Functional unit: 1 MJ biogas combusted (excluding biogas production and distribution)","restrictionsDescription":"© His Majesty the King in Right of Canada, as represented by the Minister of Environment and Climate Change, 2024","isCopyrightProtected":true,"intendedApplication":"The Government of Canada\u0027s Fuel Life Cycle Assessment (LCA) Model (the Model) is a tool to calculate the life cycle carbon intensity (CI) of fuels and energy sources used and produced in Canada.\n\nThe Model consists of the following three components:\n1) the Fuel LCA Model Database: Contains a library of CI datasets and fuel pathways developed to model a CI specific to a fuel or an energy source.\n2) the Fuel LCA Model Methodology: Describes the methodology, data sources and assumptions that were used in the development of the Model, and provides the rationale supporting the methodological approach.\n3) the Fuel LCA Model User Manual: Provides information on general definitions and concepts related to LCA as it relates to the Model. Also provides technical guidance on how to perform basic operations in the openLCA software that are required for CI calculations.\n\nThe Fuel LCA Model is designed in conformity with ISO 14040 and ISO 14044 guidelines.","projectDescription":"Current version of the Fuel LCA Model: August 2024","geographyDescription":"This process was developed for the Canadian context but can be used regardless of geographical location.","validFrom":"2016-01-01","validUntil":"2016-12-31","dataDocumentor":{"@type":"Actor","@id":"c165abbd-3ce5-4150-a998-455a05028457","name":"Environment and Climate Change Canada"},"dataGenerator":{"@type":"Actor","@id":"c165abbd-3ce5-4150-a998-455a05028457","name":"Environment and Climate Change Canada"},"dataSetOwner":{"@type":"Actor","@id":"c165abbd-3ce5-4150-a998-455a05028457","name":"Environment and Climate Change Canada"},"publication":{"@type":"Source","@id":"534615eb-bab6-4cda-85db-1e0c92e2e29e","name":"Fuel LCA Model Methodology"},"sources":[{"@type":"Source","@id":"0775f6ba-8b13-11eb-8dcd-0242ac130003","name":"Statistics Canada (2016; Table 25-10-0030-01)"},{"@type":"Source","@id":"e20640db-3ff1-46e0-889e-93936f90f760","name":"National Inventory Report (2018)"}]},"lastInternalId":6,"parameters":[],"exchanges":[{"@type":"Exchange","isAvoidedProduct":false,"isInput":false,"amount":1.0,"internalId":4,"flow":{"@type":"Flow","@id":"a7027220-6479-448b-9940-4efcf5cc4563","name":"Biogas combustion","category":"Intermediate flows/Data Library/Combustion emission factors/Combustion from biomass feedstock","flowType":"PRODUCT_FLOW","refUnit":"MJ"},"unit":{"@type":"Unit","@id":"52765a6c-3896-43c2-b2f4-c679acf13efe","name":"MJ"},"flowProperty":{"@type":"FlowProperty","@id":"f6811440-ee37-11de-8a39-0800200c9a66","name":"Energy","category":"Technical flow properties","refUnit":"MJ"},"isQuantitativeReference":true},{"@type":"Exchange","isAvoidedProduct":false,"isInput":false,"amount":9.56719E-7,"internalId":6,"flow":{"@type":"Flow","@id":"2eb95720-1e38-48ba-8ba8-4aa4d13ccf1e","name":"Nitrous oxide (N2O)","category":"Elementary flows/Emission to air","flowType":"ELEMENTARY_FLOW","refUnit":"kg"},"unit":{"@type":"Unit","@id":"1aad5937-9d99-4528-8883-925d477809ba","name":"kg"},"flowProperty":{"@type":"FlowProperty","@id":"3747a7c9-e423-4d1d-88a2-21d3473660d3","name":"Mass","category":"Technical flow properties","refUnit":"kg"}},{"@type":"Exchange","isAvoidedProduct":false,"isInput":false,"amount":5.23539E-6,"internalId":5,"flow":{"@type":"Flow","@id":"897ff98a-c48a-4099-9a44-65ddc71c521d","name":"Methane (CH4), biogenic","category":"Elementary flows/Emission to air","flowType":"ELEMENTARY_FLOW","refUnit":"kg"},"unit":{"@type":"Unit","@id":"1aad5937-9d99-4528-8883-925d477809ba","name":"kg"},"flowProperty":{"@type":"FlowProperty","@id":"3747a7c9-e423-4d1d-88a2-21d3473660d3","name":"Mass","category":"Technical flow properties","refUnit":"kg"}}],"socialAspects":[],"allocationFactors":[]}