{"@type":"Process","@id":"8f3c5df6-1235-458e-8d4d-c8fac94bd894","name":"Electricity, excess to grid [US-TN]","description":"This system process models the lifecycle emissions from the displacement of 1 kWh of electricity to the grid when a production facility exports its excess electricity on the grid. \nFunctional unit: 1 kWh of electricity on the grid.\n\nProcess Scope: \n• Electricity generation from a reference natural gas boiler with cogeneration.\n• Natural gas production.\n• Extraction of input material and energy.\n\nExclusions: \nIn addition to the exclusions listed in Chapter 2.3.1 of the Fuel LCA Model Methodology that are applied to all processes in the Fuel LCA Model, the following activities are also excluded:\n• Inter-state and international trade.\n• Electricity losses from electricity transmission and distribution.\n• SF6 emissions produced from equipment used in electricity transmission and distribution.\n\nModelling Overview: \nDirect emissions were set to 250 g CO2e/kWh (natural gas boiler with a 72% efficiency). The input amount of natural gas was determined using the same efficiency (1.39 MJ natural gas/MJ electricity, or 4.99 MJ natural gas/kWh electricity).\n\nAllocation method:\nNo allocation procedure was performed.","category":"Data Library/Electricity/Excess electricity to grid/American grid electricity","version":"00.00.014","lastChange":"2024-06-21T04:00:00Z","processType":"LCI_RESULT","isInfrastructureProcess":false,"processDocumentation":{"timeDescription":"","technologyDescription":"This process is representative of the average emissions intensity for a natural gas boiler with co-generation.","dataCollectionDescription":"Please refer to the Time section (in General information tab)","completenessDescription":"A 1% of environmental significance criterion, as calculated by the impact assessment method, was used to test the sensitivity of the results to assumptions and data substitutions made.","dataSelectionDescription":"Direct emissions were set to 250 g CO2e/kWh (natural gas boiler with a 72% efficiency). The input amount of natural gas was determined using the same efficiency (1.39 MJ natural gas/MJ electricity, or 4.99 MJ natural gas/kWh electricity).\n\nData treatment\n\nAllocation method:\nNo allocation procedure was performed.","dataTreatmentDescription":"","modelingConstantsDescription":"Functional unit: 1 kWh of electricity on the grid.","restrictionsDescription":"© His Majesty the King in Right of Canada, as represented by the Minister of Environment and Climate Change, 2024","isCopyrightProtected":true,"intendedApplication":"The Government of Canada\u0027s Fuel Life Cycle Assessment (LCA) Model (the Model) is a tool to calculate the life cycle carbon intensity (CI) of fuels and energy sources used and produced in Canada.\n\nThe Model consists of the following three components:\n1) the Fuel LCA Model Database: Contains a library of CI datasets and fuel pathways developed to model a CI specific to a fuel or an energy source.\n2) the Fuel LCA Model Methodology: Describes the methodology, data sources and assumptions that were used in the development of the Model, and provides the rationale supporting the methodological approach.\n3) the Fuel LCA Model User Manual: Provides information on general definitions and concepts related to LCA as it relates to the Model. Also provides technical guidance on how to perform basic operations in the openLCA software that are required for CI calculations.\n\nThe Fuel LCA Model is designed in conformity with ISO 14040 and ISO 14044 guidelines.","projectDescription":"Current version of the Fuel LCA Model: August 2024","geographyDescription":"This process is intended to be representative of Tennessee","validFrom":"2013-01-01","validUntil":"2021-12-31","dataDocumentor":{"@type":"Actor","@id":"c165abbd-3ce5-4150-a998-455a05028457","name":"Environment and Climate Change Canada"},"dataGenerator":{"@type":"Actor","@id":"c165abbd-3ce5-4150-a998-455a05028457","name":"Environment and Climate Change Canada"},"dataSetOwner":{"@type":"Actor","@id":"c165abbd-3ce5-4150-a998-455a05028457","name":"Environment and Climate Change Canada"},"publication":{"@type":"Source","@id":"534615eb-bab6-4cda-85db-1e0c92e2e29e","name":"Fuel LCA Model Methodology"}},"lastInternalId":5,"parameters":[],"exchanges":[{"@type":"Exchange","isAvoidedProduct":false,"isInput":false,"amount":1.0,"internalId":3,"flow":{"@type":"Flow","@id":"3ee0b124-c33d-4289-b31a-80436594d36a","name":"Electricity, excess to grid [US-TN]","category":"Intermediate flows/Data Library/Electricity/Excess electricity to grid/American grid electricity","flowType":"PRODUCT_FLOW","refUnit":"MJ"},"unit":{"@type":"Unit","@id":"86ad2244-1f0e-4912-af53-7865283103e4","name":"kWh"},"flowProperty":{"@type":"FlowProperty","@id":"f6811440-ee37-11de-8a39-0800200c9a66","name":"Energy","category":"Technical flow properties","refUnit":"MJ"},"isQuantitativeReference":true},{"@type":"Exchange","isAvoidedProduct":false,"isInput":false,"amount":0.3014,"description":"Life cycle emissions","internalId":5,"flow":{"@type":"Flow","@id":"32d9ba8e-2923-423b-a98a-acdba4bbe8db","name":"Carbon dioxide equivalent (CO2e)","category":"Elementary flows/Emission to air","flowType":"ELEMENTARY_FLOW","refUnit":"kg"},"unit":{"@type":"Unit","@id":"1aad5937-9d99-4528-8883-925d477809ba","name":"kg"},"flowProperty":{"@type":"FlowProperty","@id":"3747a7c9-e423-4d1d-88a2-21d3473660d3","name":"Mass","category":"Technical flow properties","refUnit":"kg"}}],"socialAspects":[],"allocationFactors":[]}