{"@type":"Process","@id":"c2738e51-1410-4e87-a158-7aca185076d9","name":"Direct emissions, digester leakage, per MJ of RNG","description":"If an RNG pathway involves an anerobic digester, model users can use this process to enter data on the emissions related to the methane (CH4) leakage from the digester in the Inputs/Outputs tab. \n\n \n\nProcess Scope: The unit process covers the emissions related to methane leakage from the anaerobic digester to produce 1 MJ of fuel.  \n\n \n\nFunctional Unit: Emissions from digester leakage to produce 1 MJ of fuel. \n\n \n\nModelling overview: The quantity of emissions (in g CH4) should be entered as a value for the “Methane (CH4), biogenic” output flow.  ","category":"Fuel Pathways/Renewable natural gas pathway/Other inputs for RNG production","version":"00.00.002","lastChange":"2024-07-29T21:21:06.582Z","processType":"UNIT_PROCESS","isInfrastructureProcess":false,"processDocumentation":{"timeDescription":"","technologyDescription":"","dataCollectionDescription":"","completenessDescription":"","dataSelectionDescription":"","dataTreatmentDescription":"","modelingConstantsDescription":"","restrictionsDescription":"© His Majesty the King in Right of Canada, as represented by the Minister of Environment and Climate Change, 2024","isCopyrightProtected":true,"intendedApplication":"The Government of Canada\u0027s Fuel Life Cycle Assessment (LCA) Model (the Model) is a tool to calculate the life cycle carbon intensity (CI) of fuels and energy sources used and produced in Canada.\n\nThe Model consists of the following three components:\n1) the Fuel LCA Model Database: Contains a library of CI datasets and fuel pathways developed to model a CI specific to a fuel or an energy source.\n2) the Fuel LCA Model Methodology: Describes the methodology, data sources and assumptions that were used in the development of the Model, and provides the rationale supporting the methodological approach.\n3) the Fuel LCA Model User Manual: Provides information on general definitions and concepts related to LCA as it relates to the Model. Also provides technical guidance on how to perform basic operations in the openLCA software that are required for CI calculations.\n\nThe Fuel LCA Model is designed in conformity with ISO 14040 and ISO 14044 guidelines.","projectDescription":"Current version of the Fuel LCA Model: August 2024","geographyDescription":"","creationDate":"2024-06-11T08:52:55.215"},"lastInternalId":2,"parameters":[],"exchanges":[{"@type":"Exchange","isAvoidedProduct":false,"isInput":false,"amount":1.0,"internalId":2,"flow":{"@type":"Flow","@id":"5f76addd-e993-4584-bf60-9de989298bc6","name":"Direct emissions, digester leakage, per MJ of RNG","category":"Intermediate flows/Fuel Pathways/Renewable natural gas pathway/Other inputs for RNG production","flowType":"PRODUCT_FLOW","refUnit":"MJ"},"unit":{"@type":"Unit","@id":"52765a6c-3896-43c2-b2f4-c679acf13efe","name":"MJ"},"flowProperty":{"@type":"FlowProperty","@id":"f6811440-ee37-11de-8a39-0800200c9a66","name":"Energy","category":"Technical flow properties","refUnit":"MJ"},"isQuantitativeReference":true}],"socialAspects":[],"allocationFactors":[]}