{"@type":"Process","@id":"d22a73b0-6cf4-4f36-b165-54a3d8436f28","name":"Renewable natural gas CI from anaerobic digestion of Feedstock B","description":"This unit process covers the full life cycle of renewable natural gas produced from feedstock B, including the main life cycle stages: feedstock production and transportation to the renewable natural gas plant, renewable natural gas production, renewable natural gas distribution to end-users and renewable natural gas combustion at the end-user. The unit process is already structured to include all life cycle stages of the renewable natural gas life cycle. The input flow for the fuel production stage (i.e. “1-Renewable natural gas from feedstock B”) corresponds to the renewable natural gas portion produced from feedstock B.\n\nFunctional unit: 1 MJ of renewable natural gas produced from feedstock B delivered to the end-user and used for its energy content.\n\nProcess Scope: The unit process covers the full life cycle of renewable natural gas produced from feedstock B, including the main life cycle stages: feedstock production and transportation to the renewable natural gas plant, renewable natural gas production, renewable natural gas distribution to end-users and renewable natural gas combustion at the end-user. Portions of renewable natural gas produced from other distinct feedstocks are not covered by this unit process.\n\nModel users do not need to enter any data in the \"Inputs/Ouputs\" tab. All amounts fields already contain values of 1 MJ and model users should not change these amounts.\n\nTo calculate the CI of renewable natural gas produced from feedstock B, model users should create a product system based on this unit process. ","category":"Fuel Pathways/Renewable natural gas pathway/Renewable natural gas CI","version":"00.00.016","lastChange":"2022-07-05T04:00:00Z","processType":"UNIT_PROCESS","isInfrastructureProcess":false,"processDocumentation":{"timeDescription":"","technologyDescription":"","dataCollectionDescription":"","completenessDescription":"","dataSelectionDescription":"","dataTreatmentDescription":"","modelingConstantsDescription":"","restrictionsDescription":"© His Majesty the King in Right of Canada, as represented by the Minister of Environment and Climate Change, 2024","isCopyrightProtected":true,"intendedApplication":"The Government of Canada\u0027s Fuel Life Cycle Assessment (LCA) Model (the Model) is a tool to calculate the life cycle carbon intensity (CI) of fuels and energy sources used and produced in Canada.\n\nThe Model consists of the following three components:\n1) the Fuel LCA Model Database: Contains a library of CI datasets and fuel pathways developed to model a CI specific to a fuel or an energy source.\n2) the Fuel LCA Model Methodology: Describes the methodology, data sources and assumptions that were used in the development of the Model, and provides the rationale supporting the methodological approach.\n3) the Fuel LCA Model User Manual: Provides information on general definitions and concepts related to LCA as it relates to the Model. Also provides technical guidance on how to perform basic operations in the openLCA software that are required for CI calculations.\n\nThe Fuel LCA Model is designed in conformity with ISO 14040 and ISO 14044 guidelines.","projectDescription":"Current version of the Fuel LCA Model: August 2024","geographyDescription":"","creationDate":"2021-08-24T21:53:17.775","dataDocumentor":{"@type":"Actor","@id":"c165abbd-3ce5-4150-a998-455a05028457","name":"Environment and Climate Change Canada"},"dataGenerator":{"@type":"Actor","@id":"c165abbd-3ce5-4150-a998-455a05028457","name":"Environment and Climate Change Canada"},"dataSetOwner":{"@type":"Actor","@id":"c165abbd-3ce5-4150-a998-455a05028457","name":"Environment and Climate Change Canada"},"publication":{"@type":"Source","@id":"534615eb-bab6-4cda-85db-1e0c92e2e29e","name":"Fuel LCA Model Methodology"}},"lastInternalId":5,"parameters":[],"exchanges":[{"@type":"Exchange","isAvoidedProduct":false,"isInput":false,"amount":1.0,"internalId":1,"flow":{"@type":"Flow","@id":"3dfb1e14-7883-4c87-a8dd-df07676b5c6e","name":"Renewable natural gas CI from anaerobic digestion of Feedstock B","category":"Intermediate flows/Fuel Pathways/Renewable natural gas pathway/Renewable natural gas CI","flowType":"PRODUCT_FLOW","refUnit":"MJ"},"unit":{"@type":"Unit","@id":"52765a6c-3896-43c2-b2f4-c679acf13efe","name":"MJ"},"flowProperty":{"@type":"FlowProperty","@id":"f6811440-ee37-11de-8a39-0800200c9a66","name":"Energy","category":"Technical flow properties","refUnit":"MJ"},"isQuantitativeReference":true},{"@type":"Exchange","isAvoidedProduct":false,"isInput":true,"amount":1.0,"internalId":2,"flow":{"@type":"Flow","@id":"9cbb4260-8800-45ee-a894-3458eb285d20","name":"1- RNG from anaerobic digestion of Feedstock B","category":"Intermediate flows/Fuel Pathways/Renewable natural gas pathway/1- Renewable natural gas production, at RNG plant","flowType":"PRODUCT_FLOW","refUnit":"MJ"},"unit":{"@type":"Unit","@id":"52765a6c-3896-43c2-b2f4-c679acf13efe","name":"MJ"},"flowProperty":{"@type":"FlowProperty","@id":"f6811440-ee37-11de-8a39-0800200c9a66","name":"Energy","category":"Technical flow properties","refUnit":"MJ"},"defaultProvider":{"@type":"Process","@id":"ba86a6cd-f403-4e29-994d-4b81ca67a343","name":"1- Renewable natural gas production, at RNG plant","category":"Fuel Pathways/Renewable natural gas pathway","processType":"UNIT_PROCESS","flowType":"PRODUCT_FLOW"}},{"@type":"Exchange","isAvoidedProduct":false,"isInput":true,"amount":1.0,"internalId":4,"flow":{"@type":"Flow","@id":"35603e53-61c6-478f-8f3d-c11f387be23a","name":"3- Renewable natural gas combustion, at end-user","category":"Intermediate flows/Fuel Pathways/Renewable natural gas pathway","flowType":"PRODUCT_FLOW","refUnit":"MJ"},"unit":{"@type":"Unit","@id":"52765a6c-3896-43c2-b2f4-c679acf13efe","name":"MJ"},"flowProperty":{"@type":"FlowProperty","@id":"f6811440-ee37-11de-8a39-0800200c9a66","name":"Energy","category":"Technical flow properties","refUnit":"MJ"},"defaultProvider":{"@type":"Process","@id":"5007a2ea-72c2-429f-8fb2-8b28678ff500","name":"3- Renewable natural gas combustion, at end-user","category":"Fuel Pathways/Renewable natural gas pathway","processType":"UNIT_PROCESS","flowType":"PRODUCT_FLOW"}},{"@type":"Exchange","isAvoidedProduct":false,"isInput":true,"amount":1.0,"internalId":3,"flow":{"@type":"Flow","@id":"b3b8e062-f15c-4e01-b62e-b60a6c47b224","name":"2- Renewable natural gas distribution, to end-user","category":"Intermediate flows/Fuel Pathways/Renewable natural gas pathway","flowType":"PRODUCT_FLOW","refUnit":"MJ"},"unit":{"@type":"Unit","@id":"52765a6c-3896-43c2-b2f4-c679acf13efe","name":"MJ"},"flowProperty":{"@type":"FlowProperty","@id":"f6811440-ee37-11de-8a39-0800200c9a66","name":"Energy","category":"Technical flow properties","refUnit":"MJ"},"defaultProvider":{"@type":"Process","@id":"03986d01-5f32-41a6-89b7-126167a160fe","name":"2- Renewable natural gas distribution, to end-user","category":"Fuel Pathways/Renewable natural gas pathway","processType":"UNIT_PROCESS","flowType":"PRODUCT_FLOW"}}],"socialAspects":[],"allocationFactors":[]}