{"@type":"Process","@id":"d3c3e6ed-911a-409c-a53e-2fc119dfdb4b","name":"1- Biodiesel production, at biodiesel plant","description":"Model users can use this process to enter data related to biodiesel production in the Inputs/Ouputs tab. \n\nProcess Scope: The unit process covers:\n- feedstock quantities transported to the biodiesel plant\n- energy and material inputs consumed at the biodiesel plant\n- other emissions related to the biodiesel production\n- biodiesel quantities produced at the biodiesel plant\n- co-product quantities produced at the biodiesel plant\n\nIf the biodiesel production process generates co-product(s) or consumes more than one distinct feedstock, the model user must select an allocation method in the Allocation tab. \n","category":"Fuel Pathways/Biodiesel pathway","version":"00.00.060","lastChange":"2022-06-21T04:00:00Z","processType":"UNIT_PROCESS","defaultAllocationMethod":"CAUSAL_ALLOCATION","isInfrastructureProcess":false,"processDocumentation":{"timeDescription":"","technologyDescription":"","dataCollectionDescription":"","completenessDescription":"","dataSelectionDescription":"","dataTreatmentDescription":"","modelingConstantsDescription":"","restrictionsDescription":"© His Majesty the King in Right of Canada, as represented by the Minister of Environment and Climate Change, 2024","isCopyrightProtected":true,"intendedApplication":"The Government of Canada\u0027s Fuel Life Cycle Assessment (LCA) Model (the Model) is a tool to calculate the life cycle carbon intensity (CI) of fuels and energy sources used and produced in Canada.\n\nThe Model consists of the following three components:\n1) the Fuel LCA Model Database: Contains a library of CI datasets and fuel pathways developed to model a CI specific to a fuel or an energy source.\n2) the Fuel LCA Model Methodology: Describes the methodology, data sources and assumptions that were used in the development of the Model, and provides the rationale supporting the methodological approach.\n3) the Fuel LCA Model User Manual: Provides information on general definitions and concepts related to LCA as it relates to the Model. Also provides technical guidance on how to perform basic operations in the openLCA software that are required for CI calculations.\n\nThe Fuel LCA Model is designed in conformity with ISO 14040 and ISO 14044 guidelines.","projectDescription":"Current version of the Fuel LCA Model: August 2024","geographyDescription":"","creationDate":"2021-04-20T02:46:25.990","dataDocumentor":{"@type":"Actor","@id":"c165abbd-3ce5-4150-a998-455a05028457","name":"Environment and Climate Change Canada"},"dataGenerator":{"@type":"Actor","@id":"c165abbd-3ce5-4150-a998-455a05028457","name":"Environment and Climate Change Canada"},"dataSetOwner":{"@type":"Actor","@id":"c165abbd-3ce5-4150-a998-455a05028457","name":"Environment and Climate Change Canada"},"publication":{"@type":"Source","@id":"534615eb-bab6-4cda-85db-1e0c92e2e29e","name":"Fuel LCA Model Methodology"}},"lastInternalId":66,"parameters":[],"exchanges":[{"@type":"Exchange","isAvoidedProduct":false,"isInput":false,"amount":0.0,"internalId":58,"flow":{"@type":"Flow","@id":"c9bd28c4-6a0e-41e3-b9f6-47e5167cd118","name":"1- Biodiesel from Feedstock A","category":"Intermediate flows/Fuel Pathways/Biodiesel pathway/1- Biodiesel production, at biodiesel plant/Biodiesel","flowType":"PRODUCT_FLOW","refUnit":"MJ"},"unit":{"@type":"Unit","@id":"52765a6c-3896-43c2-b2f4-c679acf13efe","name":"MJ"},"flowProperty":{"@type":"FlowProperty","@id":"f6811440-ee37-11de-8a39-0800200c9a66","name":"Energy","category":"Technical flow properties","refUnit":"MJ"},"isQuantitativeReference":true},{"@type":"Exchange","isAvoidedProduct":false,"isInput":false,"amount":0.0,"internalId":59,"flow":{"@type":"Flow","@id":"3006cbb9-f3dc-4558-808b-d4979f909df3","name":"1- Biodiesel from Feedstock B","category":"Intermediate flows/Fuel Pathways/Biodiesel pathway/1- Biodiesel production, at biodiesel plant/Biodiesel","flowType":"PRODUCT_FLOW","refUnit":"MJ"},"unit":{"@type":"Unit","@id":"52765a6c-3896-43c2-b2f4-c679acf13efe","name":"MJ"},"flowProperty":{"@type":"FlowProperty","@id":"f6811440-ee37-11de-8a39-0800200c9a66","name":"Energy","category":"Technical flow properties","refUnit":"MJ"}},{"@type":"Exchange","isAvoidedProduct":false,"isInput":false,"amount":0.0,"internalId":60,"flow":{"@type":"Flow","@id":"9bb96907-a411-46a4-a890-28f015fee401","name":"1- Biodiesel from Feedstock C","category":"Intermediate flows/Fuel Pathways/Biodiesel pathway/1- Biodiesel production, at biodiesel plant/Biodiesel","flowType":"PRODUCT_FLOW","refUnit":"MJ"},"unit":{"@type":"Unit","@id":"52765a6c-3896-43c2-b2f4-c679acf13efe","name":"MJ"},"flowProperty":{"@type":"FlowProperty","@id":"f6811440-ee37-11de-8a39-0800200c9a66","name":"Energy","category":"Technical flow properties","refUnit":"MJ"}}],"socialAspects":[],"allocationFactors":[{"allocationType":"ECONOMIC_ALLOCATION","product":{"@type":"Flow","@id":"c9bd28c4-6a0e-41e3-b9f6-47e5167cd118","name":"1- Biodiesel from Feedstock A","category":"Intermediate flows/Fuel Pathways/Biodiesel pathway/1- Biodiesel production, at biodiesel plant/Biodiesel","flowType":"PRODUCT_FLOW","refUnit":"MJ"},"value":0.0},{"allocationType":"PHYSICAL_ALLOCATION","product":{"@type":"Flow","@id":"9bb96907-a411-46a4-a890-28f015fee401","name":"1- Biodiesel from Feedstock C","category":"Intermediate flows/Fuel Pathways/Biodiesel pathway/1- Biodiesel production, at biodiesel plant/Biodiesel","flowType":"PRODUCT_FLOW","refUnit":"MJ"},"value":0.0},{"allocationType":"PHYSICAL_ALLOCATION","product":{"@type":"Flow","@id":"c9bd28c4-6a0e-41e3-b9f6-47e5167cd118","name":"1- Biodiesel from Feedstock A","category":"Intermediate flows/Fuel Pathways/Biodiesel pathway/1- Biodiesel production, at biodiesel plant/Biodiesel","flowType":"PRODUCT_FLOW","refUnit":"MJ"},"value":0.0},{"allocationType":"ECONOMIC_ALLOCATION","product":{"@type":"Flow","@id":"9bb96907-a411-46a4-a890-28f015fee401","name":"1- Biodiesel from Feedstock C","category":"Intermediate flows/Fuel Pathways/Biodiesel pathway/1- Biodiesel production, at biodiesel plant/Biodiesel","flowType":"PRODUCT_FLOW","refUnit":"MJ"},"value":0.0},{"allocationType":"ECONOMIC_ALLOCATION","product":{"@type":"Flow","@id":"3006cbb9-f3dc-4558-808b-d4979f909df3","name":"1- Biodiesel from Feedstock B","category":"Intermediate flows/Fuel Pathways/Biodiesel pathway/1- Biodiesel production, at biodiesel plant/Biodiesel","flowType":"PRODUCT_FLOW","refUnit":"MJ"},"value":0.0},{"allocationType":"PHYSICAL_ALLOCATION","product":{"@type":"Flow","@id":"3006cbb9-f3dc-4558-808b-d4979f909df3","name":"1- Biodiesel from Feedstock B","category":"Intermediate flows/Fuel Pathways/Biodiesel pathway/1- Biodiesel production, at biodiesel plant/Biodiesel","flowType":"PRODUCT_FLOW","refUnit":"MJ"},"value":0.0}]}