{"@type":"Process","@id":"d56311c5-066f-4cf1-9b76-4ed529adb8e4","name":"Wood chips, from unmerchantable logs, roadside chipping [CA]","description":"This process covers the harvest and roadside chipping of unmerchantable logs using a mobile chipper.\n\nFunctional unit: 1 kg of wood chips from unmerchantable logs (oven-dry mass)\n\nProcess scope:\n-Feedstock extraction: fossil fuel consumption for felling and skidding of unmerchantable logs\n-Roadside chipping of unmerchantable logs using a mobile chipper: the process only includes the diesel consumption to convert unmerchantable logs into wood chips. \n\nmodelling overview:\nHarvest: The process excludes any other material or chemical inputs related to sylviculture.  In the case of wood fibre feedstocks, since the existing Canadian forest sources require no conversion for bioenergy production, land use change emissions are not included in the LCI of wood feedstocks.\nChipping:  The unit process for roadside chipping of wood biomass is based on an average diesel consumption value per amount of wood chipped based on the literature. ","category":"Data Library/Feedstocks/Wood fibre","version":"00.00.015","lastChange":"2024-06-21T04:00:00Z","processType":"LCI_RESULT","isInfrastructureProcess":false,"processDocumentation":{"timeDescription":"Harvest: The modelling relies on U.S. data from the Consortium for Research on Renewable Industrial Materials (CORRIM) in a 2012 LCA study on wood biomass collection and processing in the Southeast United States (Johnson et al., 2012).\nChipping: The default fuel consumption value for roadside chipping of forest harvest residues and unmerchantable logs is based on a 2012 study of wood biomass energy in Ontario (McKenchie et al., 2012).","technologyDescription":"Canadian-specific data were not available for the harvesting of unmerchantable trees which may be harvested as part of a clear cut or during more selective cutting operations such as thinning. The modelling relies on U.S. data from the Consortium for Research on Renewable Industrial Materials (CORRIM) in a 2012 LCA study on wood biomass collection and processing in the Southeast United States (Johnson et al., 2012).\n\nWood is chipped in a mobile chipper\n","dataCollectionDescription":"Please refer to the Time section (in General information tab)\n","completenessDescription":"During the completeness and sensitivity check, a 1% cut-off criteria has been apply on the environmental significance, as calculated by the impact assessment method.\n","dataSelectionDescription":"The default fuel consumption value for roadside chipping of forest harvest residues and unmerchantable logs is based on a 2012 study of wood biomass energy in Ontario (McKenchie et al., 2012). The default fuel consumption value for roadside chipping of whole trees is assumed to be the same as chipping of harvest residues. \nCanadian-specific data were not available for the harvesting of unmerchantable trees which may be harvested as part of a clear cut or during more selective cutting operations such as thinning. The modelling relies on U.S. data from the Consortium for Research on Renewable Industrial Materials (CORRIM) in a 2012 LCA study on wood biomass collection and processing in the Southeast United States (Johnson et al., 2012).","dataTreatmentDescription":"No allocation procedure was performed for this process.\n","modelingConstantsDescription":"Functional unit: 1 kg of wood chips from unmerchantable logs (oven-dry mass)","restrictionsDescription":"© His Majesty the King in Right of Canada, as represented by the Minister of Environment and Climate Change, 2024","isCopyrightProtected":true,"intendedApplication":"The Government of Canada\u0027s Fuel Life Cycle Assessment (LCA) Model (the Model) is a tool to calculate the life cycle carbon intensity (CI) of fuels and energy sources used and produced in Canada.\n\nThe Model consists of the following three components:\n1) the Fuel LCA Model Database: Contains a library of CI datasets and fuel pathways developed to model a CI specific to a fuel or an energy source.\n2) the Fuel LCA Model Methodology: Describes the methodology, data sources and assumptions that were used in the development of the Model, and provides the rationale supporting the methodological approach.\n3) the Fuel LCA Model User Manual: Provides information on general definitions and concepts related to LCA as it relates to the Model. Also provides technical guidance on how to perform basic operations in the openLCA software that are required for CI calculations.\n\nThe Fuel LCA Model is designed in conformity with ISO 14040 and ISO 14044 guidelines.","projectDescription":"Current version of the Fuel LCA Model: August 2024","geographyDescription":"This process is representative of Canada.\n","creationDate":"2021-08-09T13:39:05.639","dataDocumentor":{"@type":"Actor","@id":"c165abbd-3ce5-4150-a998-455a05028457","name":"Environment and Climate Change Canada"},"dataGenerator":{"@type":"Actor","@id":"c165abbd-3ce5-4150-a998-455a05028457","name":"Environment and Climate Change Canada"},"dataSetOwner":{"@type":"Actor","@id":"c165abbd-3ce5-4150-a998-455a05028457","name":"Environment and Climate Change Canada"},"publication":{"@type":"Source","@id":"534615eb-bab6-4cda-85db-1e0c92e2e29e","name":"Fuel LCA Model Methodology"},"sources":[{"@type":"Source","@id":"31f29fd0-d67b-11ea-87d0-0242ac130003","name":"Johnson et al. (2012)"},{"@type":"Source","@id":"31f2a656-d67b-11ea-87d0-0242ac130003","name":"McKechnie et al. (2012)"}]},"lastInternalId":33,"parameters":[],"exchanges":[{"@type":"Exchange","isAvoidedProduct":false,"isInput":false,"amount":1.0,"internalId":1,"flow":{"@type":"Flow","@id":"a7ae4a60-710e-40cb-adc8-b84c9af21bd1","name":"Wood chips, from unmerchantable logs, roadside chipping [CA]","category":"Intermediate flows/Data Library/Feedstocks/Wood fibre","flowType":"PRODUCT_FLOW","refUnit":"kg"},"unit":{"@type":"Unit","@id":"1aad5937-9d99-4528-8883-925d477809ba","name":"kg"},"flowProperty":{"@type":"FlowProperty","@id":"3747a7c9-e423-4d1d-88a2-21d3473660d3","name":"Mass","category":"Technical flow properties","refUnit":"kg"},"isQuantitativeReference":true},{"@type":"Exchange","isAvoidedProduct":false,"isInput":false,"amount":5.5547139637437E-4,"description":"Life cycle emissions","internalId":29,"flow":{"@type":"Flow","@id":"32d9ba8e-2923-423b-a98a-acdba4bbe8db","name":"Carbon dioxide equivalent (CO2e)","category":"Elementary flows/Emission to air","flowType":"ELEMENTARY_FLOW","refUnit":"kg"},"unit":{"@type":"Unit","@id":"1aad5937-9d99-4528-8883-925d477809ba","name":"kg"},"flowProperty":{"@type":"FlowProperty","@id":"3747a7c9-e423-4d1d-88a2-21d3473660d3","name":"Mass","category":"Technical flow properties","refUnit":"kg"}},{"@type":"Exchange","isAvoidedProduct":false,"isInput":false,"amount":1.7376259927556876E-6,"description":"Life cycle emissions","internalId":28,"flow":{"@type":"Flow","@id":"35c7ea56-7f09-406f-9070-301c4a701c1d","name":"Carbon dioxide (CO2), land transformation","category":"Elementary flows/Emission to air","flowType":"ELEMENTARY_FLOW","refUnit":"kg"},"unit":{"@type":"Unit","@id":"1aad5937-9d99-4528-8883-925d477809ba","name":"kg"},"flowProperty":{"@type":"FlowProperty","@id":"3747a7c9-e423-4d1d-88a2-21d3473660d3","name":"Mass","category":"Technical flow properties","refUnit":"kg"}},{"@type":"Exchange","isAvoidedProduct":false,"isInput":false,"amount":3.054009316544219E-8,"description":"Life cycle emissions","internalId":30,"flow":{"@type":"Flow","@id":"897ff98a-c48a-4099-9a44-65ddc71c521d","name":"Methane (CH4), biogenic","category":"Elementary flows/Emission to air","flowType":"ELEMENTARY_FLOW","refUnit":"kg"},"unit":{"@type":"Unit","@id":"1aad5937-9d99-4528-8883-925d477809ba","name":"kg"},"flowProperty":{"@type":"FlowProperty","@id":"3747a7c9-e423-4d1d-88a2-21d3473660d3","name":"Mass","category":"Technical flow properties","refUnit":"kg"}},{"@type":"Exchange","isAvoidedProduct":false,"isInput":false,"amount":1.5789456244633877E-6,"description":"Life cycle emissions","internalId":32,"flow":{"@type":"Flow","@id":"2eb95720-1e38-48ba-8ba8-4aa4d13ccf1e","name":"Nitrous oxide (N2O)","category":"Elementary flows/Emission to air","flowType":"ELEMENTARY_FLOW","refUnit":"kg"},"unit":{"@type":"Unit","@id":"1aad5937-9d99-4528-8883-925d477809ba","name":"kg"},"flowProperty":{"@type":"FlowProperty","@id":"3747a7c9-e423-4d1d-88a2-21d3473660d3","name":"Mass","category":"Technical flow properties","refUnit":"kg"}},{"@type":"Exchange","isAvoidedProduct":false,"isInput":false,"amount":0.026225348483803514,"description":"Life cycle emissions","internalId":27,"flow":{"@type":"Flow","@id":"a554da52-adc8-4d57-8853-17dce4428ce8","name":"Carbon dioxide (CO2), fossil","category":"Elementary flows/Emission to air","flowType":"ELEMENTARY_FLOW","refUnit":"kg"},"unit":{"@type":"Unit","@id":"1aad5937-9d99-4528-8883-925d477809ba","name":"kg"},"flowProperty":{"@type":"FlowProperty","@id":"3747a7c9-e423-4d1d-88a2-21d3473660d3","name":"Mass","category":"Technical flow properties","refUnit":"kg"}},{"@type":"Exchange","isAvoidedProduct":false,"isInput":false,"amount":2.007325100850514E-5,"description":"Life cycle emissions","internalId":31,"flow":{"@type":"Flow","@id":"79493961-5010-4e8b-b646-9bcfe695816a","name":"Methane (CH4), fossil","category":"Elementary flows/Emission to air","flowType":"ELEMENTARY_FLOW","refUnit":"kg"},"unit":{"@type":"Unit","@id":"1aad5937-9d99-4528-8883-925d477809ba","name":"kg"},"flowProperty":{"@type":"FlowProperty","@id":"3747a7c9-e423-4d1d-88a2-21d3473660d3","name":"Mass","category":"Technical flow properties","refUnit":"kg"}},{"@type":"Exchange","isAvoidedProduct":false,"isInput":false,"amount":2.4858968825074722E-12,"description":"Life cycle emissions","internalId":33,"flow":{"@type":"Flow","@id":"b8c498e5-9afd-4b88-b7c7-b8567f323c86","name":"Sulphur hexafluoride (SF6)","category":"Elementary flows/Emission to air","flowType":"ELEMENTARY_FLOW","refUnit":"kg"},"unit":{"@type":"Unit","@id":"1aad5937-9d99-4528-8883-925d477809ba","name":"kg"},"flowProperty":{"@type":"FlowProperty","@id":"3747a7c9-e423-4d1d-88a2-21d3473660d3","name":"Mass","category":"Technical flow properties","refUnit":"kg"}}],"socialAspects":[],"allocationFactors":[]}