{"@type":"Process","@id":"d59f2b4f-ee98-4151-b931-8dc615a75bfc","name":"Natural gas, at fuel production gate","description":"This unit process models the life cycle emissions released from natural gas extraction to the gas plant gate for Canada and from the U.S. propane supply chain.\n\nFunctional unit: 1 MJ of natural gas produced at the natural gas plant.\n\nProcess scope:\n• Natural gas produced in the US.\n• Natural gas produced and processed in Canada.\n\nModelling Overview:\n• Extraction: Emissions for natural gas extraction are taken from the National Inventory Report (NIR). Extraction modelling is based on natural gas production and conventional light oil sectors in Alberta, British Columbia, and Saskatchewan. Included sources are fugitive, venting, flaring and stationary combustion. Emissions modelling differs from one province to another (NIR, Part2, 2023). In all sources, local gas composition is used. Emissions are matched with production volumes from Petrinex (2023). Energy allocation is performed in conventional light oil sector stage to allocate emissions between oil and natural gas.\n\n• Processing: Emissions for natural gas processing are taken from the NIR. Processing modelling is based on gas plants located in Alberta, British Columbia and Saskatchewan. Included sources are fugitive, venting, flaring, stationary combustion and cogeneration. Emissions modelling differs from one province to another (NIR, Part2, 2023). In all sources, local gas composition is used. Emissions are matched with provincial marketable volumes from Statistics Canada (2023). Energy allocation is performed at the processing stage to allocate emissions between natural gas, ethane, propane and butane.\n\n• US Import: modelling considers 20% of US natural gas in Canadian consumption. GREET (2022) is used to represent US natural gas impacts. \n\nAllocation:\nEnergy allocation is performed to allocate emissions to the natural gas system where co-production occurs: conventional oil extraction (oil and natural gas) and between natural gas and natural gas processing (ethane, propane, butane and natural gas).","category":"Data Library/Fossil fuels/Non-combusted fossil fuels, at production gate","version":"00.00.017","lastChange":"2024-06-21T04:00:00Z","processType":"LCI_RESULT","isInfrastructureProcess":false,"processDocumentation":{"timeDescription":"Data used in this process is based on :\nNational Inventory Report, 2023, emissions for 2021\nStatistics Canada, 2023, Volumes of production for 2021\nPETRINEX, 2023, Volumes of production for 2021\nGREET, Argonne National Laboratory, 2022\nEnergy Fact Book, NRCAN, 2023, value for 2021","technologyDescription":"See Description in General Information. For more details on the sources considered and associated technology, refer to NIR, Part 2 (2023).","dataCollectionDescription":"Please refer to the Time section (in General information tab).","completenessDescription":"The following activities are included in the process scope:\n• Natural gas extraction: This process involves the extraction of natural gas from both associated and non-associated resources.\n• Natural gas processing:  Natural gas processing at gas plant. \n• US Imports","dataSelectionDescription":"Extraction: energy flows are from PETRINEX (2023) \nProcessing, tansmission and distribution: energy flows are from Statistics Canasa (2023).\nFor the whole supply chain in Canada, emissions are from National Inventory Report (2023)\nU.S. imports: emissions and energy flows from GREET (2022)\n","dataTreatmentDescription":"Allocation method:\nEnergy allocation is performed to allocate emissions to the natural gas system where co-production occurs: conventional oil extraction (oil and natural gas) and between natural gas and natural gas processing (ethane, propane, butane and natural gas).","inventoryMethodDescription":"N/A","modelingConstantsDescription":"Functional unit: 1 MJ of natural gas produced at the natural gas plant.","samplingDescription":"N/A","restrictionsDescription":"© His Majesty the King in Right of Canada, as represented by the Minister of Environment and Climate Change, 2024","isCopyrightProtected":true,"intendedApplication":"The Government of Canada\u0027s Fuel Life Cycle Assessment (LCA) Model (the Model) is a tool to calculate the life cycle carbon intensity (CI) of fuels and energy sources used and produced in Canada.\n\nThe Model consists of the following three components:\n1) the Fuel LCA Model Database: Contains a library of CI datasets and fuel pathways developed to model a CI specific to a fuel or an energy source.\n2) the Fuel LCA Model Methodology: Describes the methodology, data sources and assumptions that were used in the development of the Model, and provides the rationale supporting the methodological approach.\n3) the Fuel LCA Model User Manual: Provides information on general definitions and concepts related to LCA as it relates to the Model. Also provides technical guidance on how to perform basic operations in the openLCA software that are required for CI calculations.\n\nThe Fuel LCA Model is designed in conformity with ISO 14040 and ISO 14044 guidelines.","projectDescription":"Current version of the Fuel LCA Model: August 2024","geographyDescription":"This process was developed for the Canadian context but can be used regardless of geographical location. Alberta, British Columbia and Saskatchewan represent more than 95% of natural gas domestic production and processing in 2021. They were utilized to model the Canadian average natural gas CI for these stages. GREET (2022) was used to represent imported natural gas from the US.","creationDate":"2021-09-24T15:16:07.844","validFrom":"2021-01-01","validUntil":"2021-12-31","dataDocumentor":{"@type":"Actor","@id":"c165abbd-3ce5-4150-a998-455a05028457","name":"Environment and Climate Change Canada"},"dataGenerator":{"@type":"Actor","@id":"c165abbd-3ce5-4150-a998-455a05028457","name":"Environment and Climate Change Canada"},"dataSetOwner":{"@type":"Actor","@id":"c165abbd-3ce5-4150-a998-455a05028457","name":"Environment and Climate Change Canada"},"publication":{"@type":"Source","@id":"534615eb-bab6-4cda-85db-1e0c92e2e29e","name":"Fuel LCA Model Methodology"}},"lastInternalId":23,"parameters":[],"exchanges":[{"@type":"Exchange","isAvoidedProduct":false,"isInput":false,"amount":1.0,"internalId":9,"flow":{"@type":"Flow","@id":"a08ae72a-e343-4aa5-9726-9297d4505b9c","name":"Natural gas, at fuel production gate","category":"Intermediate flows/Data Library/Fossil fuels/Non-combusted fossil fuels, at production gate","flowType":"PRODUCT_FLOW","refUnit":"MJ"},"unit":{"@type":"Unit","@id":"52765a6c-3896-43c2-b2f4-c679acf13efe","name":"MJ"},"flowProperty":{"@type":"FlowProperty","@id":"f6811440-ee37-11de-8a39-0800200c9a66","name":"Energy","category":"Technical flow properties","refUnit":"MJ"},"isQuantitativeReference":true},{"@type":"Exchange","isAvoidedProduct":false,"isInput":false,"amount":1.2281040331275817E-12,"description":"Life cycle emissions","internalId":23,"flow":{"@type":"Flow","@id":"b8c498e5-9afd-4b88-b7c7-b8567f323c86","name":"Sulphur hexafluoride (SF6)","category":"Elementary flows/Emission to air","flowType":"ELEMENTARY_FLOW","refUnit":"kg"},"unit":{"@type":"Unit","@id":"1aad5937-9d99-4528-8883-925d477809ba","name":"kg"},"flowProperty":{"@type":"FlowProperty","@id":"3747a7c9-e423-4d1d-88a2-21d3473660d3","name":"Mass","category":"Technical flow properties","refUnit":"kg"}},{"@type":"Exchange","isAvoidedProduct":false,"isInput":false,"amount":2.2461374346978302E-6,"description":"Life cycle emissions","internalId":19,"flow":{"@type":"Flow","@id":"32d9ba8e-2923-423b-a98a-acdba4bbe8db","name":"Carbon dioxide equivalent (CO2e)","category":"Elementary flows/Emission to air","flowType":"ELEMENTARY_FLOW","refUnit":"kg"},"unit":{"@type":"Unit","@id":"1aad5937-9d99-4528-8883-925d477809ba","name":"kg"},"flowProperty":{"@type":"FlowProperty","@id":"3747a7c9-e423-4d1d-88a2-21d3473660d3","name":"Mass","category":"Technical flow properties","refUnit":"kg"}},{"@type":"Exchange","isAvoidedProduct":false,"isInput":false,"amount":9.12624628454229E-7,"description":"Life cycle emissions","internalId":18,"flow":{"@type":"Flow","@id":"35c7ea56-7f09-406f-9070-301c4a701c1d","name":"Carbon dioxide (CO2), land transformation","category":"Elementary flows/Emission to air","flowType":"ELEMENTARY_FLOW","refUnit":"kg"},"unit":{"@type":"Unit","@id":"1aad5937-9d99-4528-8883-925d477809ba","name":"kg"},"flowProperty":{"@type":"FlowProperty","@id":"3747a7c9-e423-4d1d-88a2-21d3473660d3","name":"Mass","category":"Technical flow properties","refUnit":"kg"}},{"@type":"Exchange","isAvoidedProduct":false,"isInput":false,"amount":1.6040069394171406E-8,"description":"Life cycle emissions","internalId":20,"flow":{"@type":"Flow","@id":"897ff98a-c48a-4099-9a44-65ddc71c521d","name":"Methane (CH4), biogenic","category":"Elementary flows/Emission to air","flowType":"ELEMENTARY_FLOW","refUnit":"kg"},"unit":{"@type":"Unit","@id":"1aad5937-9d99-4528-8883-925d477809ba","name":"kg"},"flowProperty":{"@type":"FlowProperty","@id":"3747a7c9-e423-4d1d-88a2-21d3473660d3","name":"Mass","category":"Technical flow properties","refUnit":"kg"}},{"@type":"Exchange","isAvoidedProduct":false,"isInput":false,"amount":0.005199864571836759,"description":"Life cycle emissions","internalId":17,"flow":{"@type":"Flow","@id":"a554da52-adc8-4d57-8853-17dce4428ce8","name":"Carbon dioxide (CO2), fossil","category":"Elementary flows/Emission to air","flowType":"ELEMENTARY_FLOW","refUnit":"kg"},"unit":{"@type":"Unit","@id":"1aad5937-9d99-4528-8883-925d477809ba","name":"kg"},"flowProperty":{"@type":"FlowProperty","@id":"3747a7c9-e423-4d1d-88a2-21d3473660d3","name":"Mass","category":"Technical flow properties","refUnit":"kg"}},{"@type":"Exchange","isAvoidedProduct":false,"isInput":false,"amount":3.4381320675483944E-7,"description":"Life cycle emissions","internalId":22,"flow":{"@type":"Flow","@id":"2eb95720-1e38-48ba-8ba8-4aa4d13ccf1e","name":"Nitrous oxide (N2O)","category":"Elementary flows/Emission to air","flowType":"ELEMENTARY_FLOW","refUnit":"kg"},"unit":{"@type":"Unit","@id":"1aad5937-9d99-4528-8883-925d477809ba","name":"kg"},"flowProperty":{"@type":"FlowProperty","@id":"3747a7c9-e423-4d1d-88a2-21d3473660d3","name":"Mass","category":"Technical flow properties","refUnit":"kg"}},{"@type":"Exchange","isAvoidedProduct":false,"isInput":false,"amount":1.1938548159847317E-4,"description":"Life cycle emissions","internalId":21,"flow":{"@type":"Flow","@id":"79493961-5010-4e8b-b646-9bcfe695816a","name":"Methane (CH4), fossil","category":"Elementary flows/Emission to air","flowType":"ELEMENTARY_FLOW","refUnit":"kg"},"unit":{"@type":"Unit","@id":"1aad5937-9d99-4528-8883-925d477809ba","name":"kg"},"flowProperty":{"@type":"FlowProperty","@id":"3747a7c9-e423-4d1d-88a2-21d3473660d3","name":"Mass","category":"Technical flow properties","refUnit":"kg"}}],"socialAspects":[],"allocationFactors":[]}