{"@type":"Process","@id":"d6cb54d0-80c8-47af-bf11-00e91f9c6201","name":"3- Biodiesel combustion, at end-user","description":"Model users can enter data related to biodiesel combustion in the Inputs/Ouputs tab. \n\nFunctional unit: 1 MJ of biodiesel combusted (excluding biodiesel production and distribution).\n\nProcess Scope: The unit process only covers the emissions related to the combustion of 1 MJ of biodiesel; biodiesel production and distribution are not included.","category":"Fuel Pathways/Biodiesel pathway","version":"00.00.041","lastChange":"2022-05-17T04:00:00Z","processType":"UNIT_PROCESS","isInfrastructureProcess":false,"processDocumentation":{"timeDescription":"","technologyDescription":"","dataCollectionDescription":"","completenessDescription":"","dataSelectionDescription":"","dataTreatmentDescription":"","modelingConstantsDescription":"","restrictionsDescription":"© His Majesty the King in Right of Canada, as represented by the Minister of Environment and Climate Change, 2024","isCopyrightProtected":true,"intendedApplication":"The Government of Canada\u0027s Fuel Life Cycle Assessment (LCA) Model (the Model) is a tool to calculate the life cycle carbon intensity (CI) of fuels and energy sources used and produced in Canada.\n\nThe Model consists of the following three components:\n1) the Fuel LCA Model Database: Contains a library of CI datasets and fuel pathways developed to model a CI specific to a fuel or an energy source.\n2) the Fuel LCA Model Methodology: Describes the methodology, data sources and assumptions that were used in the development of the Model, and provides the rationale supporting the methodological approach.\n3) the Fuel LCA Model User Manual: Provides information on general definitions and concepts related to LCA as it relates to the Model. Also provides technical guidance on how to perform basic operations in the openLCA software that are required for CI calculations.\n\nThe Fuel LCA Model is designed in conformity with ISO 14040 and ISO 14044 guidelines.","projectDescription":"Current version of the Fuel LCA Model: August 2024","geographyDescription":"","creationDate":"2020-11-12T09:17:31.501","dataDocumentor":{"@type":"Actor","@id":"c165abbd-3ce5-4150-a998-455a05028457","name":"Environment and Climate Change Canada"},"dataGenerator":{"@type":"Actor","@id":"c165abbd-3ce5-4150-a998-455a05028457","name":"Environment and Climate Change Canada"},"dataSetOwner":{"@type":"Actor","@id":"c165abbd-3ce5-4150-a998-455a05028457","name":"Environment and Climate Change Canada"},"publication":{"@type":"Source","@id":"534615eb-bab6-4cda-85db-1e0c92e2e29e","name":"Fuel LCA Model Methodology"}},"lastInternalId":5,"parameters":[],"exchanges":[{"@type":"Exchange","isAvoidedProduct":false,"isInput":false,"amount":1.0,"internalId":1,"flow":{"@type":"Flow","@id":"05116b61-ce72-4c1d-98a6-cab408453d12","name":"3- Biodiesel combustion, at end-user","category":"Intermediate flows/Fuel Pathways/Biodiesel pathway","flowType":"PRODUCT_FLOW","refUnit":"MJ"},"unit":{"@type":"Unit","@id":"52765a6c-3896-43c2-b2f4-c679acf13efe","name":"MJ"},"flowProperty":{"@type":"FlowProperty","@id":"f6811440-ee37-11de-8a39-0800200c9a66","name":"Energy","category":"Technical flow properties","refUnit":"MJ"},"isQuantitativeReference":true}],"socialAspects":[],"allocationFactors":[]}