{"@type":"Process","@id":"d73642bd-e018-4d1a-820a-226c2074b980","name":"Landfill gas, at RNG plant","description":"Model users can enter data related to landfill gas in the Inputs/Ouputs tab. \n\nProcess Scope: The unit process covers the production of 1 MJ of landfill gas and transportation to the renewable natural gas plant. \n\nFunctional Unit: 1 MJ of landfill gas transported at the renewable natural gas plant.\n\nThe Data Library does not include unit processes for landfill gas. Only transportation should be added in the Inputs/Ouputs tab, as well as the process for avoided emissions as described below. \n\nAny additional feedstock should be modeled using another unit process. \n\nFor cases where the use of landfill gas to produce RNG can prevent emissions that would have occurred if landfill gas was not used as feedstock for RNG production, model users should enter the avoided emissions in one of the unit processes found in the \"Avoided emissions\" folder. Once filled out, the unit process for avoided emissions (e.g. “Avoided emissions (per MJ of feedstock)”) should be entered as an input in the Inputs/Ouputs tab if emissions are quantitied per MJ of landfill gas.","category":"Fuel Pathways/Renewable natural gas pathway/Feedstock at RNG plant","version":"00.00.001","lastChange":"2022-05-09T04:00:00Z","processType":"UNIT_PROCESS","isInfrastructureProcess":false,"processDocumentation":{"timeDescription":"","technologyDescription":"","dataCollectionDescription":"","completenessDescription":"","dataSelectionDescription":"","dataTreatmentDescription":"","modelingConstantsDescription":"","restrictionsDescription":"© His Majesty the King in Right of Canada, as represented by the Minister of Environment and Climate Change, 2024","isCopyrightProtected":true,"intendedApplication":"The Government of Canada\u0027s Fuel Life Cycle Assessment (LCA) Model (the Model) is a tool to calculate the life cycle carbon intensity (CI) of fuels and energy sources used and produced in Canada.\n\nThe Model consists of the following three components:\n1) the Fuel LCA Model Database: Contains a library of CI datasets and fuel pathways developed to model a CI specific to a fuel or an energy source.\n2) the Fuel LCA Model Methodology: Describes the methodology, data sources and assumptions that were used in the development of the Model, and provides the rationale supporting the methodological approach.\n3) the Fuel LCA Model User Manual: Provides information on general definitions and concepts related to LCA as it relates to the Model. Also provides technical guidance on how to perform basic operations in the openLCA software that are required for CI calculations.\n\nThe Fuel LCA Model is designed in conformity with ISO 14040 and ISO 14044 guidelines.","projectDescription":"Current version of the Fuel LCA Model: August 2024","geographyDescription":"","creationDate":"2022-03-25T11:15:15.830","dataDocumentor":{"@type":"Actor","@id":"c165abbd-3ce5-4150-a998-455a05028457","name":"Environment and Climate Change Canada"},"dataGenerator":{"@type":"Actor","@id":"c165abbd-3ce5-4150-a998-455a05028457","name":"Environment and Climate Change Canada"},"dataSetOwner":{"@type":"Actor","@id":"c165abbd-3ce5-4150-a998-455a05028457","name":"Environment and Climate Change Canada"},"publication":{"@type":"Source","@id":"534615eb-bab6-4cda-85db-1e0c92e2e29e","name":"Fuel LCA Model Methodology"}},"lastInternalId":1,"parameters":[],"exchanges":[{"@type":"Exchange","isAvoidedProduct":false,"isInput":false,"amount":1.0,"internalId":1,"flow":{"@type":"Flow","@id":"57b02899-1f99-4c94-bdbe-a27c08e43d0e","name":"Landfill gas, at RNG plant","category":"Intermediate flows/Fuel Pathways/Renewable natural gas pathway/Feedstock at RNG plant","flowType":"PRODUCT_FLOW","refUnit":"MJ"},"unit":{"@type":"Unit","@id":"52765a6c-3896-43c2-b2f4-c679acf13efe","name":"MJ"},"flowProperty":{"@type":"FlowProperty","@id":"f6811440-ee37-11de-8a39-0800200c9a66","name":"Energy","category":"Technical flow properties","refUnit":"MJ"},"isQuantitativeReference":true}],"socialAspects":[],"allocationFactors":[]}