{"@type":"Process","@id":"d7873a96-9c48-4259-b524-b39e76265f3e","name":"Electricity, from grid [US-KS]","description":"This system process models lifecycle emissions from the generation, transmission and distribution of 1 kWh of electricity to the US grid.\n\nFunctional unit: 1 kWh of electricity on the grid, at end user.\n\nProcess Scope: \n• Combustion emissions from fuel used for electricity generation.\n• Cradle-to-gate GHG emissions for fossil fuels and uranium used for electricity generation.\n• Reservoir emissions related to hydroelectricity.\n• Electricity losses from electricity transmission and distribution.\n• SF6 emissions produced from equipment used in electricity transmission and distribution.\n\nExclusions: \nIn addition to the exclusions listed in Chapter 2.3.1 of the Fuel LCA Model Methodology that are applied to all processes in the Fuel LCA Model, the following activities are also excluded:\n• Inter-state and international trade.\n\nModelling Overview: \nState-level emission factors were directly taken from eGrid for the year 2021. Feedstock amounts per kWh were calculated using plant-level fuel consumption data, per state, in eGrid 2021. Reservoir emissions are based on the world average factors provided in Hertwich 2013. The share of hydroelectricity coming from reservoir power plants is assumed to be 20%, as per ecoinvent data. SF6 emissions are taken from the US National Inventory Report Table 2-11 and scaled per kWh using eGrid data. All emissions and feedstock amounts were scaled to account for losses in transmission and distribution using 2021 eGrid data on losses. The process also includes the upstream emissions for fuel inputs to electricity generation, including bituminous coal, lignite coal, sub-bituminous coal, diesel, aviation fuel, petcoke, kerosene, natural gas, and uranium (nuclear). The upstream emissions for fuel inputs were modelled using the Canadian values as a proxy.\n\nAllocation method: \neGrid applies energy allocation for cogeneration plants.","category":"Data Library/Electricity/Grid electricity/American grid electricity","version":"00.00.024","lastChange":"2024-06-21T04:00:00Z","processType":"LCI_RESULT","isInfrastructureProcess":false,"processDocumentation":{"timeDescription":"• Data from eGrid using the 2021 reference year was used to model this process.\n• Data from Hertwich et al. (2013) was used to model this process.\n• Data from Itten et al. (2014) was used to model this process.\n• Data from the Inventory of U.S. Greenhouse Gas Emissions and Sinks: 1990-2021, Table 2-11 using the 2021 reference year.","technologyDescription":"This process is representative of electricity generation technologies in Kansas","dataCollectionDescription":"Please refer to the Time section (in General information tab)","completenessDescription":"A 1% of environmental significance criterion, as calculated by the impact assessment method, was used to test the sensitivity of the results to assumptions and data substitutions made.","dataSelectionDescription":"The principal data source is eGrid (2021 data). The direct emissions per state were taken directly from the eGrid state-level results. These were divided by (1-loss for NERC region) to account for losses on the grid.\n\nhttps://www.epa.gov/egrid/download-data \n\nReservoir emissions were estimated using:\n- World average emission factors, in g/kWh, published in Hertwich (2013). \n- An estimation of the ratio of hydroelectricity from reservoir to run-of-river of 1:5, based on Itten et al, 2014.\n\nThese values were used with the share of hydroelectricity in each state, as well as the losses on the grid, to calculate emissions per kWh at consumer.  \n\nTotal 2021 SF6 emissions attributable to the power sector were taken from the Inventory of U.S. Greenhouse Gas Emissions and Sinks: 1990-2021 , Table 2-11.\n\nFor the fuel inputs for electricity generation, the existing Canadian fuel input processes in the Fuel LCA Model database were used as a proxy to model the life cycle emissions related to upstream activities including fuel extraction, fuel transportation, fuel conversion, fuel distribution, and fuel combustion.","dataTreatmentDescription":"Allocation method: \neGrid applies energy allocation for cogeneration plants.","modelingConstantsDescription":"Functional unit: 1 kWh of electricity on the grid, at consumer.","restrictionsDescription":"© His Majesty the King in Right of Canada, as represented by the Minister of Environment and Climate Change, 2024","isCopyrightProtected":true,"intendedApplication":"The Government of Canada\u0027s Fuel Life Cycle Assessment (LCA) Model (the Model) is a tool to calculate the life cycle carbon intensity (CI) of fuels and energy sources used and produced in Canada.\n\nThe Model consists of the following three components:\n1) the Fuel LCA Model Database: Contains a library of CI datasets and fuel pathways developed to model a CI specific to a fuel or an energy source.\n2) the Fuel LCA Model Methodology: Describes the methodology, data sources and assumptions that were used in the development of the Model, and provides the rationale supporting the methodological approach.\n3) the Fuel LCA Model User Manual: Provides information on general definitions and concepts related to LCA as it relates to the Model. Also provides technical guidance on how to perform basic operations in the openLCA software that are required for CI calculations.\n\nThe Fuel LCA Model is designed in conformity with ISO 14040 and ISO 14044 guidelines.","projectDescription":"Current version of the Fuel LCA Model: August 2024","geographyDescription":"This process is intended to be representative of Kansas","validFrom":"2013-01-01","validUntil":"2021-12-31","dataDocumentor":{"@type":"Actor","@id":"c165abbd-3ce5-4150-a998-455a05028457","name":"Environment and Climate Change Canada"},"dataGenerator":{"@type":"Actor","@id":"c165abbd-3ce5-4150-a998-455a05028457","name":"Environment and Climate Change Canada"},"dataSetOwner":{"@type":"Actor","@id":"c165abbd-3ce5-4150-a998-455a05028457","name":"Environment and Climate Change Canada"},"publication":{"@type":"Source","@id":"534615eb-bab6-4cda-85db-1e0c92e2e29e","name":"Fuel LCA Model Methodology"},"sources":[{"@type":"Source","@id":"81704b74-0662-42cf-bead-b299474eb194","name":"Hertwich, Edgar G. (2013)"},{"@type":"Source","@id":"9c8e0f20-3af0-4262-82bc-61aefa70661c","name":"US EPA (2021)"},{"@type":"Source","@id":"d4042864-4bc6-4c0b-9b81-f4d8a6edf016","name":"Itten et al. (2014)"},{"@type":"Source","@id":"b2836d36-3b13-4bf3-a4fb-3348d71e0d84","name":"eGrid (2021)"}]},"lastInternalId":43,"parameters":[],"exchanges":[{"@type":"Exchange","isAvoidedProduct":false,"isInput":false,"amount":1.0,"internalId":24,"flow":{"@type":"Flow","@id":"c7b18512-e8a5-11eb-9a03-0242ac130003","name":"Electricity, from grid [US-KS]","category":"Intermediate flows/Data Library/Electricity/Grid electricity/American grid electricity","flowType":"PRODUCT_FLOW","refUnit":"MJ"},"unit":{"@type":"Unit","@id":"86ad2244-1f0e-4912-af53-7865283103e4","name":"kWh"},"flowProperty":{"@type":"FlowProperty","@id":"f6811440-ee37-11de-8a39-0800200c9a66","name":"Energy","category":"Technical flow properties","refUnit":"MJ"},"isQuantitativeReference":true},{"@type":"Exchange","isAvoidedProduct":false,"isInput":false,"amount":7.224327837747808E-11,"description":"Life cycle emissions","internalId":43,"flow":{"@type":"Flow","@id":"b8c498e5-9afd-4b88-b7c7-b8567f323c86","name":"Sulphur hexafluoride (SF6)","category":"Elementary flows/Emission to air","flowType":"ELEMENTARY_FLOW","refUnit":"kg"},"unit":{"@type":"Unit","@id":"1aad5937-9d99-4528-8883-925d477809ba","name":"kg"},"flowProperty":{"@type":"FlowProperty","@id":"3747a7c9-e423-4d1d-88a2-21d3473660d3","name":"Mass","category":"Technical flow properties","refUnit":"kg"}},{"@type":"Exchange","isAvoidedProduct":false,"isInput":false,"amount":1.2975639802244408E-5,"description":"Life cycle emissions","internalId":38,"flow":{"@type":"Flow","@id":"35c7ea56-7f09-406f-9070-301c4a701c1d","name":"Carbon dioxide (CO2), land transformation","category":"Elementary flows/Emission to air","flowType":"ELEMENTARY_FLOW","refUnit":"kg"},"unit":{"@type":"Unit","@id":"1aad5937-9d99-4528-8883-925d477809ba","name":"kg"},"flowProperty":{"@type":"FlowProperty","@id":"3747a7c9-e423-4d1d-88a2-21d3473660d3","name":"Mass","category":"Technical flow properties","refUnit":"kg"}},{"@type":"Exchange","isAvoidedProduct":false,"isInput":false,"amount":4.161953980168478E-4,"description":"Life cycle emissions","internalId":41,"flow":{"@type":"Flow","@id":"79493961-5010-4e8b-b646-9bcfe695816a","name":"Methane (CH4), fossil","category":"Elementary flows/Emission to air","flowType":"ELEMENTARY_FLOW","refUnit":"kg"},"unit":{"@type":"Unit","@id":"1aad5937-9d99-4528-8883-925d477809ba","name":"kg"},"flowProperty":{"@type":"FlowProperty","@id":"3747a7c9-e423-4d1d-88a2-21d3473660d3","name":"Mass","category":"Technical flow properties","refUnit":"kg"}},{"@type":"Exchange","isAvoidedProduct":false,"isInput":false,"amount":3.954403359304787E-7,"description":"Life cycle emissions","internalId":40,"flow":{"@type":"Flow","@id":"897ff98a-c48a-4099-9a44-65ddc71c521d","name":"Methane (CH4), biogenic","category":"Elementary flows/Emission to air","flowType":"ELEMENTARY_FLOW","refUnit":"kg"},"unit":{"@type":"Unit","@id":"1aad5937-9d99-4528-8883-925d477809ba","name":"kg"},"flowProperty":{"@type":"FlowProperty","@id":"3747a7c9-e423-4d1d-88a2-21d3473660d3","name":"Mass","category":"Technical flow properties","refUnit":"kg"}},{"@type":"Exchange","isAvoidedProduct":false,"isInput":false,"amount":0.41068875816487904,"description":"Life cycle emissions","internalId":37,"flow":{"@type":"Flow","@id":"a554da52-adc8-4d57-8853-17dce4428ce8","name":"Carbon dioxide (CO2), fossil","category":"Elementary flows/Emission to air","flowType":"ELEMENTARY_FLOW","refUnit":"kg"},"unit":{"@type":"Unit","@id":"1aad5937-9d99-4528-8883-925d477809ba","name":"kg"},"flowProperty":{"@type":"FlowProperty","@id":"3747a7c9-e423-4d1d-88a2-21d3473660d3","name":"Mass","category":"Technical flow properties","refUnit":"kg"}},{"@type":"Exchange","isAvoidedProduct":false,"isInput":false,"amount":2.0163613875639688E-4,"description":"Life cycle emissions","internalId":39,"flow":{"@type":"Flow","@id":"32d9ba8e-2923-423b-a98a-acdba4bbe8db","name":"Carbon dioxide equivalent (CO2e)","category":"Elementary flows/Emission to air","flowType":"ELEMENTARY_FLOW","refUnit":"kg"},"unit":{"@type":"Unit","@id":"1aad5937-9d99-4528-8883-925d477809ba","name":"kg"},"flowProperty":{"@type":"FlowProperty","@id":"3747a7c9-e423-4d1d-88a2-21d3473660d3","name":"Mass","category":"Technical flow properties","refUnit":"kg"}},{"@type":"Exchange","isAvoidedProduct":false,"isInput":false,"amount":7.271577495891056E-6,"description":"Life cycle emissions","internalId":42,"flow":{"@type":"Flow","@id":"2eb95720-1e38-48ba-8ba8-4aa4d13ccf1e","name":"Nitrous oxide (N2O)","category":"Elementary flows/Emission to air","flowType":"ELEMENTARY_FLOW","refUnit":"kg"},"unit":{"@type":"Unit","@id":"1aad5937-9d99-4528-8883-925d477809ba","name":"kg"},"flowProperty":{"@type":"FlowProperty","@id":"3747a7c9-e423-4d1d-88a2-21d3473660d3","name":"Mass","category":"Technical flow properties","refUnit":"kg"}}],"socialAspects":[],"allocationFactors":[]}