{"@type":"Process","@id":"dafc3154-66e4-4afa-9d21-5604f3dc72a9","name":"Electricity, from natural gas, simple cycle, onsite generation","description":"This process covers emissions from the generation of 1 kWh of electricity from natural gas simple cycle.\n\nFunctional unit: Generation of 1 kWh of electricity from from natural gas simple cycle.\n\nProcess Scope: \n-Electricity generation: Direct emissions and aggregated upstream emissions from intermediary input to operation or pollution control. \n\nExclusions: \n- To improve the alignment with the rest of the Fuel LCA Model, infrastructure and waste management from the Conceptual and Analytical Frameworks for Environmental Evaluation of Electricity Generation in Canada (CAFE3) are excluded.\n- Transmission and distribution emissions are excluded.  \n\nModelling Overview: \nEmissions were modelled using the CAFE3 model, version 1.1.3, developed by Environment and Climate Change Canada. The CAFE3 tool provides distinct emission intensities on a technology basis for each electricity pathway. The CAFE3 results were filtered to provide cradle-to-gate data that has the same scope as other background data in the Fuel LCA Model.  \nCAFE3 life cycle stage models use data from various sources. Most of the background data and some foreground parameter data was taken from the ecoinvent v3.6 database. Other data sources included but were not limited to the National Energy Board and Statistics Canada data. Operation stage data relies mostly on ecoinvent v3.4, the National Pollutant Release Inventory (NPRI) and US EPA. \nThe life cycle inventory of non-feedstock supply is largely based from ecoinvent v3.6 data. Feedstock inputs are relinked to the Fuel LCA Model for increased coherence with the rest of the model. \n\nAllocation method: \nAllocation in background data stemming from ecoinvent is based on the “Cut-off by classification” approach.","category":"Data Library/Electricity/Technology specific electricity/Onsite generation","version":"00.00.019","lastChange":"2024-06-21T04:00:00Z","processType":"LCI_RESULT","isInfrastructureProcess":false,"processDocumentation":{"timeDescription":"Data are from Environment and Climate change Canada\u0027s Conceptual and Analytical Frameworks for Environmental Evaluation of Electricity Generation in Canada (CAFE3) model. The last update to the CAFE3 model was in 2020. The parameter and background data in the model varies in age, refer to the model documentation for more details.","technologyDescription":"This process represents average natural gas simple cycle electricity generation technologies in Canada.","dataCollectionDescription":"Please refer to the Time section (in General information tab)","completenessDescription":"During the completeness and sensitivity check, a 1% cut-off criteria has been apply on the environmental significance, as calculated by the impact assessment method.","dataSelectionDescription":"Emissions were modelled using the CAFE3 model, version 1.1.3, developed by Environment and Climate Change Canada. The CAFE3 tool provides distinct emission intensities on a technology basis for each electricity pathway. The CAFE3 results were filtered to provide cradle-to-gate data that has the same scope as other background data in the Fuel LCA Model. CAFE3 life cycle stage models use data from various sources. Most of the background data and some foreground parameter data was taken from the ecoinvent v3.6 database. Other data sources included but were not limited to the National Energy Board and Statistics Canada data. Operation stage data relies mostly on ecoinvent v3.4, the National Pollutant Release Inventory (NPRI) and US EPA. The life cycle inventory of non-feedstock supply is largely based from ecoinvent v3.6 data.","dataTreatmentDescription":"Allocation method: \nAllocation in background data stemming from ecoinvent is based on the “Cut-off by classification” approach.","modelingConstantsDescription":"Functional unit: Generation of 1 kWh of electricity from from natural gas simple cycle.","restrictionsDescription":"© His Majesty the King in Right of Canada, as represented by the Minister of Environment and Climate Change, 2024","isCopyrightProtected":true,"intendedApplication":"The Government of Canada\u0027s Fuel Life Cycle Assessment (LCA) Model (the Model) is a tool to calculate the life cycle carbon intensity (CI) of fuels and energy sources used and produced in Canada.\n\nThe Model consists of the following three components:\n1) the Fuel LCA Model Database: Contains a library of CI datasets and fuel pathways developed to model a CI specific to a fuel or an energy source.\n2) the Fuel LCA Model Methodology: Describes the methodology, data sources and assumptions that were used in the development of the Model, and provides the rationale supporting the methodological approach.\n3) the Fuel LCA Model User Manual: Provides information on general definitions and concepts related to LCA as it relates to the Model. Also provides technical guidance on how to perform basic operations in the openLCA software that are required for CI calculations.\n\nThe Fuel LCA Model is designed in conformity with ISO 14040 and ISO 14044 guidelines.","projectDescription":"Current version of the Fuel LCA Model: August 2024","geographyDescription":"This process was developed for the Canadian context but can be used regardless of geographical location.","creationDate":"2021-07-16T14:34:50.022","validFrom":"2018-01-01","validUntil":"2018-12-31","dataDocumentor":{"@type":"Actor","@id":"c165abbd-3ce5-4150-a998-455a05028457","name":"Environment and Climate Change Canada"},"dataGenerator":{"@type":"Actor","@id":"c165abbd-3ce5-4150-a998-455a05028457","name":"Environment and Climate Change Canada"},"dataSetOwner":{"@type":"Actor","@id":"c165abbd-3ce5-4150-a998-455a05028457","name":"Environment and Climate Change Canada"},"publication":{"@type":"Source","@id":"534615eb-bab6-4cda-85db-1e0c92e2e29e","name":"Fuel LCA Model Methodology"},"sources":[{"@type":"Source","@id":"0a8c6cf6-186a-45ee-8040-edd7bba55675","name":"CAFE3 (2021)"}]},"lastInternalId":28,"parameters":[],"exchanges":[{"@type":"Exchange","isAvoidedProduct":false,"isInput":false,"amount":1.0,"internalId":1,"flow":{"@type":"Flow","@id":"dfd15677-dced-4b08-a35d-1392b69a61af","name":"Electricity, from natural gas, simple cycle, onsite generation","category":"Intermediate flows/Data Library/Electricity/Technology specific electricity/Onsite generation","flowType":"PRODUCT_FLOW","refUnit":"MJ"},"unit":{"@type":"Unit","@id":"86ad2244-1f0e-4912-af53-7865283103e4","name":"kWh"},"flowProperty":{"@type":"FlowProperty","@id":"f6811440-ee37-11de-8a39-0800200c9a66","name":"Energy","category":"Technical flow properties","refUnit":"MJ"},"isQuantitativeReference":true},{"@type":"Exchange","isAvoidedProduct":false,"isInput":false,"amount":2.368971385047457E-5,"description":"Life cycle emissions","internalId":24,"flow":{"@type":"Flow","@id":"32d9ba8e-2923-423b-a98a-acdba4bbe8db","name":"Carbon dioxide equivalent (CO2e)","category":"Elementary flows/Emission to air","flowType":"ELEMENTARY_FLOW","refUnit":"kg"},"unit":{"@type":"Unit","@id":"1aad5937-9d99-4528-8883-925d477809ba","name":"kg"},"flowProperty":{"@type":"FlowProperty","@id":"3747a7c9-e423-4d1d-88a2-21d3473660d3","name":"Mass","category":"Technical flow properties","refUnit":"kg"}},{"@type":"Exchange","isAvoidedProduct":false,"isInput":false,"amount":0.5436205636116767,"description":"Life cycle emissions","internalId":22,"flow":{"@type":"Flow","@id":"a554da52-adc8-4d57-8853-17dce4428ce8","name":"Carbon dioxide (CO2), fossil","category":"Elementary flows/Emission to air","flowType":"ELEMENTARY_FLOW","refUnit":"kg"},"unit":{"@type":"Unit","@id":"1aad5937-9d99-4528-8883-925d477809ba","name":"kg"},"flowProperty":{"@type":"FlowProperty","@id":"3747a7c9-e423-4d1d-88a2-21d3473660d3","name":"Mass","category":"Technical flow properties","refUnit":"kg"}},{"@type":"Exchange","isAvoidedProduct":false,"isInput":false,"amount":9.472112062484844E-6,"description":"Life cycle emissions","internalId":27,"flow":{"@type":"Flow","@id":"2eb95720-1e38-48ba-8ba8-4aa4d13ccf1e","name":"Nitrous oxide (N2O)","category":"Elementary flows/Emission to air","flowType":"ELEMENTARY_FLOW","refUnit":"kg"},"unit":{"@type":"Unit","@id":"1aad5937-9d99-4528-8883-925d477809ba","name":"kg"},"flowProperty":{"@type":"FlowProperty","@id":"3747a7c9-e423-4d1d-88a2-21d3473660d3","name":"Mass","category":"Technical flow properties","refUnit":"kg"}},{"@type":"Exchange","isAvoidedProduct":false,"isInput":false,"amount":0.0014141855693795085,"description":"Life cycle emissions","internalId":26,"flow":{"@type":"Flow","@id":"79493961-5010-4e8b-b646-9bcfe695816a","name":"Methane (CH4), fossil","category":"Elementary flows/Emission to air","flowType":"ELEMENTARY_FLOW","refUnit":"kg"},"unit":{"@type":"Unit","@id":"1aad5937-9d99-4528-8883-925d477809ba","name":"kg"},"flowProperty":{"@type":"FlowProperty","@id":"3747a7c9-e423-4d1d-88a2-21d3473660d3","name":"Mass","category":"Technical flow properties","refUnit":"kg"}},{"@type":"Exchange","isAvoidedProduct":false,"isInput":false,"amount":4.644155894519189E-5,"description":"Life cycle emissions","internalId":23,"flow":{"@type":"Flow","@id":"35c7ea56-7f09-406f-9070-301c4a701c1d","name":"Carbon dioxide (CO2), land transformation","category":"Elementary flows/Emission to air","flowType":"ELEMENTARY_FLOW","refUnit":"kg"},"unit":{"@type":"Unit","@id":"1aad5937-9d99-4528-8883-925d477809ba","name":"kg"},"flowProperty":{"@type":"FlowProperty","@id":"3747a7c9-e423-4d1d-88a2-21d3473660d3","name":"Mass","category":"Technical flow properties","refUnit":"kg"}},{"@type":"Exchange","isAvoidedProduct":false,"isInput":false,"amount":2.1636423253524188E-10,"description":"Life cycle emissions","internalId":28,"flow":{"@type":"Flow","@id":"b8c498e5-9afd-4b88-b7c7-b8567f323c86","name":"Sulphur hexafluoride (SF6)","category":"Elementary flows/Emission to air","flowType":"ELEMENTARY_FLOW","refUnit":"kg"},"unit":{"@type":"Unit","@id":"1aad5937-9d99-4528-8883-925d477809ba","name":"kg"},"flowProperty":{"@type":"FlowProperty","@id":"3747a7c9-e423-4d1d-88a2-21d3473660d3","name":"Mass","category":"Technical flow properties","refUnit":"kg"}},{"@type":"Exchange","isAvoidedProduct":false,"isInput":false,"amount":8.162455823114631E-7,"description":"Life cycle emissions","internalId":25,"flow":{"@type":"Flow","@id":"897ff98a-c48a-4099-9a44-65ddc71c521d","name":"Methane (CH4), biogenic","category":"Elementary flows/Emission to air","flowType":"ELEMENTARY_FLOW","refUnit":"kg"},"unit":{"@type":"Unit","@id":"1aad5937-9d99-4528-8883-925d477809ba","name":"kg"},"flowProperty":{"@type":"FlowProperty","@id":"3747a7c9-e423-4d1d-88a2-21d3473660d3","name":"Mass","category":"Technical flow properties","refUnit":"kg"}}],"socialAspects":[],"allocationFactors":[]}