{"@type":"Process","@id":"e34c6974-7ab4-47fc-84c1-c96115028cd9","name":"1 - Fuel production","description":"Model users can use this process to enter data related to FOESV production in the Inputs/Ouputs tab. \n\nProcess Scope: Data entered by model users should cover the following:\n- FOESV produced","category":"Fuel Pathways/For vehicles/Gaseous fuel for vehicles","version":"00.00.033","lastChange":"2022-04-05T04:00:00Z","processType":"UNIT_PROCESS","isInfrastructureProcess":false,"processDocumentation":{"timeDescription":"","technologyDescription":"","dataCollectionDescription":"","completenessDescription":"","dataSelectionDescription":"","dataTreatmentDescription":"","modelingConstantsDescription":"","restrictionsDescription":"© His Majesty the King in Right of Canada, as represented by the Minister of Environment and Climate Change, 2024","isCopyrightProtected":true,"intendedApplication":"The Government of Canada\u0027s Fuel Life Cycle Assessment (LCA) Model (the Model) is a tool to calculate the life cycle carbon intensity (CI) of fuels and energy sources used and produced in Canada.\n\nThe Model consists of the following three components:\n1) the Fuel LCA Model Database: Contains a library of CI datasets and fuel pathways developed to model a CI specific to a fuel or an energy source.\n2) the Fuel LCA Model Methodology: Describes the methodology, data sources and assumptions that were used in the development of the Model, and provides the rationale supporting the methodological approach.\n3) the Fuel LCA Model User Manual: Provides information on general definitions and concepts related to LCA as it relates to the Model. Also provides technical guidance on how to perform basic operations in the openLCA software that are required for CI calculations.\n\nThe Fuel LCA Model is designed in conformity with ISO 14040 and ISO 14044 guidelines.","projectDescription":"Current version of the Fuel LCA Model: August 2024","geographyDescription":"","creationDate":"2021-09-15T16:02:07.101","dataDocumentor":{"@type":"Actor","@id":"c165abbd-3ce5-4150-a998-455a05028457","name":"Environment and Climate Change Canada"},"dataGenerator":{"@type":"Actor","@id":"c165abbd-3ce5-4150-a998-455a05028457","name":"Environment and Climate Change Canada"},"dataSetOwner":{"@type":"Actor","@id":"c165abbd-3ce5-4150-a998-455a05028457","name":"Environment and Climate Change Canada"},"publication":{"@type":"Source","@id":"534615eb-bab6-4cda-85db-1e0c92e2e29e","name":"Fuel LCA Model Methodology"}},"lastInternalId":3,"parameters":[],"exchanges":[{"@type":"Exchange","isAvoidedProduct":false,"isInput":false,"amount":1.0,"internalId":1,"flow":{"@type":"Flow","@id":"3d08ce2a-dbaf-4c6d-bd0b-ecbabb16b7c0","name":"1 - Fuel production","category":"Intermediate flows/Fuel Pathways/For vehicles/Gaseous fuel for vehicles","flowType":"PRODUCT_FLOW","refUnit":"MJ"},"unit":{"@type":"Unit","@id":"52765a6c-3896-43c2-b2f4-c679acf13efe","name":"MJ"},"flowProperty":{"@type":"FlowProperty","@id":"f6811440-ee37-11de-8a39-0800200c9a66","name":"Energy","category":"Technical flow properties","refUnit":"MJ"},"isQuantitativeReference":true},{"@type":"Exchange","isAvoidedProduct":false,"isInput":true,"amount":0.0,"internalId":2,"flow":{"@type":"Flow","@id":"a08ae72a-e343-4aa5-9726-9297d4505b9c","name":"Natural gas, at fuel production gate","category":"Intermediate flows/Data Library/Fossil fuels/Non-combusted fossil fuels, at production gate","flowType":"PRODUCT_FLOW","refUnit":"MJ"},"unit":{"@type":"Unit","@id":"52765a6c-3896-43c2-b2f4-c679acf13efe","name":"MJ"},"flowProperty":{"@type":"FlowProperty","@id":"f6811440-ee37-11de-8a39-0800200c9a66","name":"Energy","category":"Technical flow properties","refUnit":"MJ"},"defaultProvider":{"@type":"Process","@id":"d59f2b4f-ee98-4151-b931-8dc615a75bfc","name":"Natural gas, at fuel production gate","category":"Data Library/Fossil fuels/Non-combusted fossil fuels, at production gate","processType":"LCI_RESULT","flowType":"PRODUCT_FLOW"}},{"@type":"Exchange","isAvoidedProduct":false,"isInput":true,"amount":0.0,"internalId":3,"flow":{"@type":"Flow","@id":"c3eb254b-7039-45d5-a925-980e30ea738e","name":"Propane, at fuel production gate","category":"Intermediate flows/Data Library/Fossil fuels/Non-combusted fossil fuels, at production gate","flowType":"PRODUCT_FLOW","refUnit":"MJ"},"unit":{"@type":"Unit","@id":"52765a6c-3896-43c2-b2f4-c679acf13efe","name":"MJ"},"flowProperty":{"@type":"FlowProperty","@id":"f6811440-ee37-11de-8a39-0800200c9a66","name":"Energy","category":"Technical flow properties","refUnit":"MJ"},"defaultProvider":{"@type":"Process","@id":"af9457d8-2ac3-4d85-8ddf-889036edf765","name":"Propane, at fuel production gate","category":"Data Library/Fossil fuels/Non-combusted fossil fuels, at production gate","processType":"LCI_RESULT","flowType":"PRODUCT_FLOW"}}],"socialAspects":[],"allocationFactors":[]}