{"@type":"Process","@id":"e688c3f1-b53b-4252-835e-81ee5ed3bd36","name":"1- Bioethanol production, at bioethanol plant","description":"Model users can use this process to enter data related to bioethanol production in the Inputs/Ouputs tab. \n\nProcess Scope: Data entered by model users should cover the following:\n- feedstock quantities transported to the bioethanol plant\n- energy and material inputs consumed at the bioethanol plant\n- other emissions related to the bioethanol production\n- bioethanol quantities produced at the bioethanol plant\n- co-product quantities produced at the bioethanol plant\n\nIf the bioethanol production process generates co-product(s) or consumes more than one distinct feedstock, the model user must select an allocation method in the Allocation tab. ","category":"Fuel Pathways/Bioethanol pathway","version":"00.00.016","lastChange":"2021-12-16T05:00:00Z","processType":"UNIT_PROCESS","isInfrastructureProcess":false,"processDocumentation":{"timeDescription":"","technologyDescription":"","dataCollectionDescription":"","completenessDescription":"","dataSelectionDescription":"","dataTreatmentDescription":"","modelingConstantsDescription":"","restrictionsDescription":"© His Majesty the King in Right of Canada, as represented by the Minister of Environment and Climate Change, 2024","isCopyrightProtected":true,"intendedApplication":"The Government of Canada\u0027s Fuel Life Cycle Assessment (LCA) Model (the Model) is a tool to calculate the life cycle carbon intensity (CI) of fuels and energy sources used and produced in Canada.\n\nThe Model consists of the following three components:\n1) the Fuel LCA Model Database: Contains a library of CI datasets and fuel pathways developed to model a CI specific to a fuel or an energy source.\n2) the Fuel LCA Model Methodology: Describes the methodology, data sources and assumptions that were used in the development of the Model, and provides the rationale supporting the methodological approach.\n3) the Fuel LCA Model User Manual: Provides information on general definitions and concepts related to LCA as it relates to the Model. Also provides technical guidance on how to perform basic operations in the openLCA software that are required for CI calculations.\n\nThe Fuel LCA Model is designed in conformity with ISO 14040 and ISO 14044 guidelines.","projectDescription":"Current version of the Fuel LCA Model: August 2024","geographyDescription":"","creationDate":"2021-07-05T15:36:22.401","dataDocumentor":{"@type":"Actor","@id":"c165abbd-3ce5-4150-a998-455a05028457","name":"Environment and Climate Change Canada"},"dataGenerator":{"@type":"Actor","@id":"c165abbd-3ce5-4150-a998-455a05028457","name":"Environment and Climate Change Canada"},"dataSetOwner":{"@type":"Actor","@id":"c165abbd-3ce5-4150-a998-455a05028457","name":"Environment and Climate Change Canada"},"publication":{"@type":"Source","@id":"534615eb-bab6-4cda-85db-1e0c92e2e29e","name":"Fuel LCA Model Methodology"}},"lastInternalId":7,"parameters":[],"exchanges":[{"@type":"Exchange","isAvoidedProduct":false,"isInput":false,"amount":0.0,"internalId":2,"flow":{"@type":"Flow","@id":"fb55f8fb-fe55-4411-880b-94e35ef97fe2","name":"1- Bioethanol from Feedstock A","category":"Intermediate flows/Fuel Pathways/Bioethanol pathway/1- Bioethanol production, at bioethanol plant/Bioethanol","flowType":"PRODUCT_FLOW","refUnit":"MJ"},"unit":{"@type":"Unit","@id":"52765a6c-3896-43c2-b2f4-c679acf13efe","name":"MJ"},"flowProperty":{"@type":"FlowProperty","@id":"f6811440-ee37-11de-8a39-0800200c9a66","name":"Energy","category":"Technical flow properties","refUnit":"MJ"},"isQuantitativeReference":true},{"@type":"Exchange","isAvoidedProduct":false,"isInput":false,"amount":0.0,"internalId":3,"flow":{"@type":"Flow","@id":"b031a201-f56c-44d6-b20c-427ac53c9fbe","name":"1- Bioethanol from Feedstock B","category":"Intermediate flows/Fuel Pathways/Bioethanol pathway/1- Bioethanol production, at bioethanol plant/Bioethanol","flowType":"PRODUCT_FLOW","refUnit":"MJ"},"unit":{"@type":"Unit","@id":"52765a6c-3896-43c2-b2f4-c679acf13efe","name":"MJ"},"flowProperty":{"@type":"FlowProperty","@id":"f6811440-ee37-11de-8a39-0800200c9a66","name":"Energy","category":"Technical flow properties","refUnit":"MJ"}},{"@type":"Exchange","isAvoidedProduct":false,"isInput":false,"amount":0.0,"internalId":4,"flow":{"@type":"Flow","@id":"e9f98a8d-51ba-4d47-bc4a-4ac040cd7cd9","name":"1- Bioethanol from Feedstock C","category":"Intermediate flows/Fuel Pathways/Bioethanol pathway/1- Bioethanol production, at bioethanol plant/Bioethanol","flowType":"PRODUCT_FLOW","refUnit":"MJ"},"unit":{"@type":"Unit","@id":"52765a6c-3896-43c2-b2f4-c679acf13efe","name":"MJ"},"flowProperty":{"@type":"FlowProperty","@id":"f6811440-ee37-11de-8a39-0800200c9a66","name":"Energy","category":"Technical flow properties","refUnit":"MJ"}}],"socialAspects":[],"allocationFactors":[{"allocationType":"ECONOMIC_ALLOCATION","product":{"@type":"Flow","@id":"fb55f8fb-fe55-4411-880b-94e35ef97fe2","name":"1- Bioethanol from Feedstock A","category":"Intermediate flows/Fuel Pathways/Bioethanol pathway/1- Bioethanol production, at bioethanol plant/Bioethanol","flowType":"PRODUCT_FLOW","refUnit":"MJ"},"value":0.0},{"allocationType":"PHYSICAL_ALLOCATION","product":{"@type":"Flow","@id":"b031a201-f56c-44d6-b20c-427ac53c9fbe","name":"1- Bioethanol from Feedstock B","category":"Intermediate flows/Fuel Pathways/Bioethanol pathway/1- Bioethanol production, at bioethanol plant/Bioethanol","flowType":"PRODUCT_FLOW","refUnit":"MJ"},"value":0.0},{"allocationType":"PHYSICAL_ALLOCATION","product":{"@type":"Flow","@id":"e9f98a8d-51ba-4d47-bc4a-4ac040cd7cd9","name":"1- Bioethanol from Feedstock C","category":"Intermediate flows/Fuel Pathways/Bioethanol pathway/1- Bioethanol production, at bioethanol plant/Bioethanol","flowType":"PRODUCT_FLOW","refUnit":"MJ"},"value":0.0},{"allocationType":"ECONOMIC_ALLOCATION","product":{"@type":"Flow","@id":"e9f98a8d-51ba-4d47-bc4a-4ac040cd7cd9","name":"1- Bioethanol from Feedstock C","category":"Intermediate flows/Fuel Pathways/Bioethanol pathway/1- Bioethanol production, at bioethanol plant/Bioethanol","flowType":"PRODUCT_FLOW","refUnit":"MJ"},"value":0.0},{"allocationType":"ECONOMIC_ALLOCATION","product":{"@type":"Flow","@id":"b031a201-f56c-44d6-b20c-427ac53c9fbe","name":"1- Bioethanol from Feedstock B","category":"Intermediate flows/Fuel Pathways/Bioethanol pathway/1- Bioethanol production, at bioethanol plant/Bioethanol","flowType":"PRODUCT_FLOW","refUnit":"MJ"},"value":0.0},{"allocationType":"PHYSICAL_ALLOCATION","product":{"@type":"Flow","@id":"fb55f8fb-fe55-4411-880b-94e35ef97fe2","name":"1- Bioethanol from Feedstock A","category":"Intermediate flows/Fuel Pathways/Bioethanol pathway/1- Bioethanol production, at bioethanol plant/Bioethanol","flowType":"PRODUCT_FLOW","refUnit":"MJ"},"value":0.0}]}