{"@type":"Process","@id":"f18da710-1d91-4646-9ff9-8e487f6d70e8","name":"Yellow grease production, from UCO purification, at processor gate [CA-QC]","description":"This system process models lifecycle emissions for the production of 1 kg of yellow grease (assumption: 0% moisture content) from raw used cooking oil (UCO)  at the rendering plant gate. It includes the transportation of raw UCO from the restaurant to the rendering plant.\n\nFunctional unit: 1 kg of yellow grease at the rendering plant. \n\nProcess scope: \n-Emissions from the transport of raw UCO from the restaurant to the rendering plant. \n-Emissions from the production of yellow grease (assumption: 0% water content) at the rendering gate. \nExclusions: \nIn addition to the exclusions listed in Chapter 2.3.1 of the Fuel LCA Model Methodology that are applied to all processes in the Fuel LCA Model, the following activities are also excluded:\n•\tproduction of raw UCO\n•\ttransportation of yellow grease after production\nModelling Overview:\nRaw UCO  is transported from the restaurant to the rendering plant via truck.  The distance traveled considers a direct route approach from the restaurant to the rendering plant, and a bulk-transfer approach, where a bulk transfer tank is used to collect raw UCO prior to being transported to the rendering plant.  The Model assumes an average traveled distance of 313.6 km with an average truck payload of 40 tonnes.  The upstream GHG emissions related to the raw UCO are not included in the dataset since the oil is considered a waste. At the rendering plant,  1.35 kg of raw UCO is purified to produce 1 kg of yellow grease by reducing the water conten via traditional UCO rendering method, consisting of high-temperature cooking and tricanting.\n\nAllocation: No allocation procedure was performed for this process.","category":"Data Library/Feedstocks/UCO and yellow grease","version":"00.00.053","lastChange":"2024-06-21T04:00:00Z","processType":"LCI_RESULT","isInfrastructureProcess":false,"processDocumentation":{"timeDescription":"Process energy and mass input/output data for the rendering process are based on the Xu et al. (2022) study  and the raw UCO transport data are based on the 2022 Greenhouse gases, Regulated Emissions, and Energy use in Technologies (GREET 2022) model. ","technologyDescription":"Raw UCO is transported from the restaurant to the rendering plant via truck.  At the rendering plant, the raw UCO is purified by reducing the water content via traditional UCO rendering method consisting of high-temperature\ncooking and tricanting. ","dataCollectionDescription":"Please refer to the Time section (in General information tab)","completenessDescription":"A 1% of environmental significance criterion, as calculated by the impact assessment method, was used to test the sensitivity of the results to assumptions and data substitutions made.","dataSelectionDescription":"Process energy and material input and output data from the Xu et al. (2022) study representing an average of 61 rendering plants in the United States and transport data 2022 Greenhouse gases, Regulated Emissions, and Energy use in Technologies (GREET) model were used.","reviewDetails":"N/A","dataTreatmentDescription":"No allocation procedures were performed.","inventoryMethodDescription":"N/A","modelingConstantsDescription":"Functional unit: 1kg of yellow grease","samplingDescription":"N/A","restrictionsDescription":"© His Majesty the King in Right of Canada, as represented by the Minister of Environment and Climate Change, 2024","isCopyrightProtected":true,"intendedApplication":"The Government of Canada\u0027s Fuel Life Cycle Assessment (LCA) Model (the Model) is a tool to calculate the life cycle carbon intensity (CI) of fuels and energy sources used and produced in Canada.\n\nThe Model consists of the following three components:\n1) the Fuel LCA Model Database: Contains a library of CI datasets and fuel pathways developed to model a CI specific to a fuel or an energy source.\n2) the Fuel LCA Model Methodology: Describes the methodology, data sources and assumptions that were used in the development of the Model, and provides the rationale supporting the methodological approach.\n3) the Fuel LCA Model User Manual: Provides information on general definitions and concepts related to LCA as it relates to the Model. Also provides technical guidance on how to perform basic operations in the openLCA software that are required for CI calculations.\n\nThe Fuel LCA Model is designed in conformity with ISO 14040 and ISO 14044 guidelines.","projectDescription":"Current version of the Fuel LCA Model: August 2024","geographyDescription":"This process is intended to be representative of North America, with Quebec electricity grid.","creationDate":"2020-05-14T11:11:02.569","validFrom":"2022-01-01","validUntil":"2022-12-31","dataDocumentor":{"@type":"Actor","@id":"c165abbd-3ce5-4150-a998-455a05028457","name":"Environment and Climate Change Canada"},"dataGenerator":{"@type":"Actor","@id":"c165abbd-3ce5-4150-a998-455a05028457","name":"Environment and Climate Change Canada"},"dataSetOwner":{"@type":"Actor","@id":"c165abbd-3ce5-4150-a998-455a05028457","name":"Environment and Climate Change Canada"},"publication":{"@type":"Source","@id":"534615eb-bab6-4cda-85db-1e0c92e2e29e","name":"Fuel LCA Model Methodology"},"sources":[{"@type":"Source","@id":"e5c7c5fe-d1b2-45d1-9a8c-da9a329326c7","name":"Argonne National Lab. (2022). GREET."},{"@type":"Source","@id":"31f252dc-d67b-11ea-87d0-0242ac130003","name":"(S\u0026T)2 Consultants Inc. (2013)"}]},"lastInternalId":27,"parameters":[],"exchanges":[{"@type":"Exchange","isAvoidedProduct":false,"isInput":false,"amount":1.0,"internalId":6,"flow":{"@type":"Flow","@id":"cb4784b4-ea59-11eb-9a03-0242ac130003","name":"Yellow grease production, from UCO purification, at processor gate [CA-QC]","category":"Intermediate flows/Data Library/Feedstocks/UCO and yellow grease","flowType":"PRODUCT_FLOW","refUnit":"kg"},"unit":{"@type":"Unit","@id":"1aad5937-9d99-4528-8883-925d477809ba","name":"kg"},"flowProperty":{"@type":"FlowProperty","@id":"3747a7c9-e423-4d1d-88a2-21d3473660d3","name":"Mass","category":"Technical flow properties","refUnit":"kg"},"isQuantitativeReference":true},{"@type":"Exchange","isAvoidedProduct":false,"isInput":false,"amount":1.107709272712142E-9,"description":"Life cycle emissions","internalId":27,"flow":{"@type":"Flow","@id":"b8c498e5-9afd-4b88-b7c7-b8567f323c86","name":"Sulphur hexafluoride (SF6)","category":"Elementary flows/Emission to air","flowType":"ELEMENTARY_FLOW","refUnit":"kg"},"unit":{"@type":"Unit","@id":"1aad5937-9d99-4528-8883-925d477809ba","name":"kg"},"flowProperty":{"@type":"FlowProperty","@id":"3747a7c9-e423-4d1d-88a2-21d3473660d3","name":"Mass","category":"Technical flow properties","refUnit":"kg"}},{"@type":"Exchange","isAvoidedProduct":false,"isInput":false,"amount":3.127437001760713E-4,"description":"Life cycle emissions","internalId":25,"flow":{"@type":"Flow","@id":"79493961-5010-4e8b-b646-9bcfe695816a","name":"Methane (CH4), fossil","category":"Elementary flows/Emission to air","flowType":"ELEMENTARY_FLOW","refUnit":"kg"},"unit":{"@type":"Unit","@id":"1aad5937-9d99-4528-8883-925d477809ba","name":"kg"},"flowProperty":{"@type":"FlowProperty","@id":"3747a7c9-e423-4d1d-88a2-21d3473660d3","name":"Mass","category":"Technical flow properties","refUnit":"kg"}},{"@type":"Exchange","isAvoidedProduct":false,"isInput":false,"amount":6.956799597436112E-4,"description":"Life cycle emissions","internalId":22,"flow":{"@type":"Flow","@id":"35c7ea56-7f09-406f-9070-301c4a701c1d","name":"Carbon dioxide (CO2), land transformation","category":"Elementary flows/Emission to air","flowType":"ELEMENTARY_FLOW","refUnit":"kg"},"unit":{"@type":"Unit","@id":"1aad5937-9d99-4528-8883-925d477809ba","name":"kg"},"flowProperty":{"@type":"FlowProperty","@id":"3747a7c9-e423-4d1d-88a2-21d3473660d3","name":"Mass","category":"Technical flow properties","refUnit":"kg"}},{"@type":"Exchange","isAvoidedProduct":false,"isInput":false,"amount":0.13716285790333668,"description":"Life cycle emissions","internalId":21,"flow":{"@type":"Flow","@id":"a554da52-adc8-4d57-8853-17dce4428ce8","name":"Carbon dioxide (CO2), fossil","category":"Elementary flows/Emission to air","flowType":"ELEMENTARY_FLOW","refUnit":"kg"},"unit":{"@type":"Unit","@id":"1aad5937-9d99-4528-8883-925d477809ba","name":"kg"},"flowProperty":{"@type":"FlowProperty","@id":"3747a7c9-e423-4d1d-88a2-21d3473660d3","name":"Mass","category":"Technical flow properties","refUnit":"kg"}},{"@type":"Exchange","isAvoidedProduct":false,"isInput":false,"amount":1.2227102296690174E-5,"description":"Life cycle emissions","internalId":24,"flow":{"@type":"Flow","@id":"897ff98a-c48a-4099-9a44-65ddc71c521d","name":"Methane (CH4), biogenic","category":"Elementary flows/Emission to air","flowType":"ELEMENTARY_FLOW","refUnit":"kg"},"unit":{"@type":"Unit","@id":"1aad5937-9d99-4528-8883-925d477809ba","name":"kg"},"flowProperty":{"@type":"FlowProperty","@id":"3747a7c9-e423-4d1d-88a2-21d3473660d3","name":"Mass","category":"Technical flow properties","refUnit":"kg"}},{"@type":"Exchange","isAvoidedProduct":false,"isInput":false,"amount":3.995261250657479E-6,"description":"Life cycle emissions","internalId":26,"flow":{"@type":"Flow","@id":"2eb95720-1e38-48ba-8ba8-4aa4d13ccf1e","name":"Nitrous oxide (N2O)","category":"Elementary flows/Emission to air","flowType":"ELEMENTARY_FLOW","refUnit":"kg"},"unit":{"@type":"Unit","@id":"1aad5937-9d99-4528-8883-925d477809ba","name":"kg"},"flowProperty":{"@type":"FlowProperty","@id":"3747a7c9-e423-4d1d-88a2-21d3473660d3","name":"Mass","category":"Technical flow properties","refUnit":"kg"}},{"@type":"Exchange","isAvoidedProduct":false,"isInput":false,"amount":4.198309246396854E-4,"description":"Life cycle emissions","internalId":23,"flow":{"@type":"Flow","@id":"32d9ba8e-2923-423b-a98a-acdba4bbe8db","name":"Carbon dioxide equivalent (CO2e)","category":"Elementary flows/Emission to air","flowType":"ELEMENTARY_FLOW","refUnit":"kg"},"unit":{"@type":"Unit","@id":"1aad5937-9d99-4528-8883-925d477809ba","name":"kg"},"flowProperty":{"@type":"FlowProperty","@id":"3747a7c9-e423-4d1d-88a2-21d3473660d3","name":"Mass","category":"Technical flow properties","refUnit":"kg"}}],"socialAspects":[],"allocationFactors":[]}