{"@type":"Process","@id":"f4856a13-f9e6-4428-80e9-39690c462eee","name":"Renewable propane CI from Feedstock A","description":"This unit process covers the full life cycle of renewable propane produced from feedstock A, including the main life cycle stages: feedstock production and transportation to the renewable propane plant, renewable propane production, renewable propane distribution to end-users and renewable propane combustion at the end-user. The unit process is already structured to include all life cycle stages of the renewable propane life cycle. The input flow for the fuel production stage (i.e. “1-renewable propane from feedstock A”) corresponds to the renewable propane portion produced from feedstock A.\n\nFunctional unit: 1 MJ of renewable propane produced from feedstock A delivered to the end-user and used for its energy content.\n\nProcess Scope: The unit process covers the full life cycle of renewable propane produced from feedstock A, including the main life cycle stages: feedstock production and transportation to the renewable propane plant, renewable propane production, renewable propane distribution to end-users and renewable propane combustion at the end-user. Portions of renewable propane produced from other distinct feedstocks are not covered by this unit process.\n\nModel users do not need to enter any data in the \"Inputs/Ouputs\" tab. All amounts fields already contain values of 1 MJ and model users should not change these amounts.\n\nTo calculate the CI of renewable propane produced from feedstock A, model users should create a product system based on this unit process. ","category":"Fuel Pathways/Renewable hydrocarbon biofuel pathway/Renewable hydrocarbon biofuel CI","version":"00.00.002","lastChange":"2022-07-05T04:00:00Z","processType":"UNIT_PROCESS","isInfrastructureProcess":false,"processDocumentation":{"timeDescription":"","technologyDescription":"","dataCollectionDescription":"","completenessDescription":"","dataSelectionDescription":"","dataTreatmentDescription":"","modelingConstantsDescription":"","restrictionsDescription":"© His Majesty the King in Right of Canada, as represented by the Minister of Environment and Climate Change, 2024","isCopyrightProtected":true,"intendedApplication":"The Government of Canada\u0027s Fuel Life Cycle Assessment (LCA) Model (the Model) is a tool to calculate the life cycle carbon intensity (CI) of fuels and energy sources used and produced in Canada.\n\nThe Model consists of the following three components:\n1) the Fuel LCA Model Database: Contains a library of CI datasets and fuel pathways developed to model a CI specific to a fuel or an energy source.\n2) the Fuel LCA Model Methodology: Describes the methodology, data sources and assumptions that were used in the development of the Model, and provides the rationale supporting the methodological approach.\n3) the Fuel LCA Model User Manual: Provides information on general definitions and concepts related to LCA as it relates to the Model. Also provides technical guidance on how to perform basic operations in the openLCA software that are required for CI calculations.\n\nThe Fuel LCA Model is designed in conformity with ISO 14040 and ISO 14044 guidelines.","projectDescription":"Current version of the Fuel LCA Model: August 2024","geographyDescription":"","creationDate":"2022-01-18T15:27:43.295","dataDocumentor":{"@type":"Actor","@id":"c165abbd-3ce5-4150-a998-455a05028457","name":"Environment and Climate Change Canada"},"dataGenerator":{"@type":"Actor","@id":"c165abbd-3ce5-4150-a998-455a05028457","name":"Environment and Climate Change Canada"},"dataSetOwner":{"@type":"Actor","@id":"c165abbd-3ce5-4150-a998-455a05028457","name":"Environment and Climate Change Canada"},"publication":{"@type":"Source","@id":"534615eb-bab6-4cda-85db-1e0c92e2e29e","name":"Fuel LCA Model Methodology"}},"lastInternalId":4,"parameters":[],"exchanges":[{"@type":"Exchange","isAvoidedProduct":false,"isInput":false,"amount":1.0,"internalId":1,"flow":{"@type":"Flow","@id":"f603b426-c5a7-413f-b376-1c3b947e90f7","name":"Renewable propane CI from Feedstock A","category":"Intermediate flows/Fuel Pathways/Renewable hydrocarbon biofuel pathway/Renewable hydrocarbon biofuel CI","flowType":"PRODUCT_FLOW","refUnit":"MJ"},"unit":{"@type":"Unit","@id":"52765a6c-3896-43c2-b2f4-c679acf13efe","name":"MJ"},"flowProperty":{"@type":"FlowProperty","@id":"f6811440-ee37-11de-8a39-0800200c9a66","name":"Energy","category":"Technical flow properties","refUnit":"MJ"},"isQuantitativeReference":true},{"@type":"Exchange","isAvoidedProduct":false,"isInput":true,"amount":1.0,"internalId":4,"flow":{"@type":"Flow","@id":"cdfa0b33-d2eb-49bb-be3f-8556e8bef4e1","name":"3- Renewable propane combustion, at end-user","category":"Intermediate flows/Fuel Pathways/Renewable hydrocarbon biofuel pathway/3- Renewable hydrocarbon biofuel combustion, at end-user","flowType":"PRODUCT_FLOW","refUnit":"MJ"},"unit":{"@type":"Unit","@id":"52765a6c-3896-43c2-b2f4-c679acf13efe","name":"MJ"},"flowProperty":{"@type":"FlowProperty","@id":"f6811440-ee37-11de-8a39-0800200c9a66","name":"Energy","category":"Technical flow properties","refUnit":"MJ"},"defaultProvider":{"@type":"Process","@id":"f386425a-7167-45eb-801e-36f2b9f81c7f","name":"3- Renewable propane combustion, at end-user","category":"Fuel Pathways/Renewable hydrocarbon biofuel pathway/3- Renewable hydrocarbon biofuel combustion, at end-user","processType":"UNIT_PROCESS","flowType":"PRODUCT_FLOW"}},{"@type":"Exchange","isAvoidedProduct":false,"isInput":true,"amount":1.0,"internalId":3,"flow":{"@type":"Flow","@id":"558feb4a-77ec-4e62-ab8d-bbcc319d2d44","name":"2- Renewable propane distribution, to end-user","category":"Intermediate flows/Fuel Pathways/Renewable hydrocarbon biofuel pathway/2- Renewable hydrocarbon biofuel distribution, to end-user","flowType":"PRODUCT_FLOW","refUnit":"MJ"},"unit":{"@type":"Unit","@id":"52765a6c-3896-43c2-b2f4-c679acf13efe","name":"MJ"},"flowProperty":{"@type":"FlowProperty","@id":"f6811440-ee37-11de-8a39-0800200c9a66","name":"Energy","category":"Technical flow properties","refUnit":"MJ"},"defaultProvider":{"@type":"Process","@id":"2b188e0a-720f-4c5a-a96e-fac007940711","name":"2- Renewable propane distribution, to end-user","category":"Fuel Pathways/Renewable hydrocarbon biofuel pathway/2- Renewable hydrocarbon biofuel distribution, at end-user","processType":"UNIT_PROCESS","flowType":"PRODUCT_FLOW"}},{"@type":"Exchange","isAvoidedProduct":false,"isInput":true,"amount":1.0,"internalId":2,"flow":{"@type":"Flow","@id":"e729b670-e958-44cc-bd2a-634d8440d49b","name":"1- Renewable propane from Feedstock A","category":"Intermediate flows/Fuel Pathways/Renewable hydrocarbon biofuel pathway/1- Renewable hydrocarbon biofuel production, at biofuel plant/Renewable hydrocarbon biofuels","flowType":"PRODUCT_FLOW","refUnit":"MJ"},"unit":{"@type":"Unit","@id":"52765a6c-3896-43c2-b2f4-c679acf13efe","name":"MJ"},"flowProperty":{"@type":"FlowProperty","@id":"f6811440-ee37-11de-8a39-0800200c9a66","name":"Energy","category":"Technical flow properties","refUnit":"MJ"},"defaultProvider":{"@type":"Process","@id":"0bad81c0-aa13-4541-8d2e-aaa5345720d2","name":"1- Renewable hydrocarbon biofuel production, at biofuel plant","category":"Fuel Pathways/Renewable hydrocarbon biofuel pathway","processType":"UNIT_PROCESS","flowType":"PRODUCT_FLOW"}}],"socialAspects":[],"allocationFactors":[]}