{"@type":"Flow","@id":"02052621-65e9-4222-8621-d79bce7de48f","name":"Animal feed from Wheat (DDGS)","description":"","category":"Intermediate flows/Fuel Pathways/Bioethanol pathway/1- Bioethanol production, at bioethanol plant/Co-products","version":"00.00.003","lastChange":"2024-08-23T16:49:08.310Z","flowType":"PRODUCT_FLOW","isInfrastructureFlow":false,"flowProperties":[{"@type":"FlowPropertyFactor","isRefFlowProperty":true,"flowProperty":{"@type":"FlowProperty","@id":"f6811440-ee37-11de-8a39-0800200c9a66","name":"Energy","category":"Technical flow properties","refUnit":"MJ"},"conversionFactor":1.0}]}