{"@type":"Flow","@id":"04519241-a120-4c71-9c58-a2d25c7bcbce","name":"Animal feed (DDGS) from Wheat (non-durum) (Global)","description":"","category":"Intermediate flows/Fuel Pathways/Bioethanol pathway/1- Bioethanol production, at bioethanol plant/Co-products","version":"00.00.003","lastChange":"2024-07-22T21:23:44.701Z","flowType":"PRODUCT_FLOW","isInfrastructureFlow":false,"flowProperties":[{"@type":"FlowPropertyFactor","isRefFlowProperty":true,"flowProperty":{"@type":"FlowProperty","@id":"f6811440-ee37-11de-8a39-0800200c9a66","name":"Energy","category":"Technical flow properties","refUnit":"MJ"},"conversionFactor":1.0}]}