{"@type":"Flow","@id":"04bfaeb9-29cd-4d1d-9722-f6c288335d38","name":"Bioethanol CI from Wheat (non durum) (Global)","description":"","category":"Intermediate flows/Fuel Pathways/Bioethanol pathway/Bioethanol CI","version":"00.00.029","lastChange":"2024-09-05T17:55:51.418Z","flowType":"PRODUCT_FLOW","isInfrastructureFlow":false,"flowProperties":[{"@type":"FlowPropertyFactor","isRefFlowProperty":true,"flowProperty":{"@type":"FlowProperty","@id":"f6811440-ee37-11de-8a39-0800200c9a66","name":"Energy","category":"Technical flow properties","refUnit":"MJ"},"conversionFactor":1.0}]}