{"@type":"Flow","@id":"3290afc0-8889-4d2a-aa2a-c293475da13c","name":"Electricity, from grid [CA-ON]","description":"","category":"Intermediate flows/Data Library/Electricity/Grid electricity/Canadian grid electricity","version":"00.00.006","lastChange":"2022-04-14T12:52:46.471Z","flowType":"PRODUCT_FLOW","isInfrastructureFlow":false,"flowProperties":[{"@type":"FlowPropertyFactor","isRefFlowProperty":true,"flowProperty":{"@type":"FlowProperty","@id":"f6811440-ee37-11de-8a39-0800200c9a66","name":"Energy","category":"Technical flow properties","refUnit":"MJ"},"conversionFactor":1.0}]}