{"@type":"Flow","@id":"3403d538-0817-4288-8087-8ba22572e0e5","name":"Bioethanol CI from Feedstock C","description":"","category":"Intermediate flows/Fuel Pathways/Bioethanol pathway/Bioethanol CI","version":"00.00.029","lastChange":"2022-05-17T11:55:21.910Z","flowType":"PRODUCT_FLOW","isInfrastructureFlow":false,"flowProperties":[{"@type":"FlowPropertyFactor","isRefFlowProperty":true,"flowProperty":{"@type":"FlowProperty","@id":"f6811440-ee37-11de-8a39-0800200c9a66","name":"Energy","category":"Technical flow properties","refUnit":"MJ"},"conversionFactor":1.0}]}