{"@type":"Flow","@id":"35a6f72b-19c8-4a5f-8f94-30aa5a441671","name":"Bioethanol distribution, delivery point to end-user","description":"","category":"Intermediate flows/Data Library/Transport/Predefined transport scenarios/LCIF distribution/Liquid LCIF distribution/Leg 2-Delivery point to end-user","version":"00.00.027","lastChange":"2024-06-21T16:44:50.221Z","flowType":"PRODUCT_FLOW","isInfrastructureFlow":false,"flowProperties":[{"@type":"FlowPropertyFactor","isRefFlowProperty":true,"flowProperty":{"@type":"FlowProperty","@id":"f6811440-ee37-11de-8a39-0800200c9a66","name":"Energy","category":"Technical flow properties","refUnit":"MJ"},"conversionFactor":1.0}]}