{"@type":"Flow","@id":"4f021a8d-0ab7-46d9-bf7d-f77a4e3588a4","name":"2- Bioethanol distribution, to end-user","description":"","category":"Intermediate flows/Fuel Pathways/Bioethanol pathway","version":"00.00.030","lastChange":"2022-05-17T11:55:21.910Z","flowType":"PRODUCT_FLOW","isInfrastructureFlow":false,"flowProperties":[{"@type":"FlowPropertyFactor","isRefFlowProperty":true,"flowProperty":{"@type":"FlowProperty","@id":"f6811440-ee37-11de-8a39-0800200c9a66","name":"Energy","category":"Technical flow properties","refUnit":"MJ"},"conversionFactor":1.0}]}