{"@type":"Flow","@id":"86616335-2c33-4bb2-a75e-2f15eb0c2c97","name":"Corn (Global), at bioethanol plant","description":"","category":"Intermediate flows/Fuel Pathways/Bioethanol pathway/Feedstock at bioethanol plant","version":"00.00.036","lastChange":"2024-09-05T17:55:09.951Z","flowType":"PRODUCT_FLOW","isInfrastructureFlow":false,"flowProperties":[{"@type":"FlowPropertyFactor","isRefFlowProperty":true,"flowProperty":{"@type":"FlowProperty","@id":"3747a7c9-e423-4d1d-88a2-21d3473660d3","name":"Mass","category":"Technical flow properties","refUnit":"kg"},"conversionFactor":1.0}]}