{"@type":"Flow","@id":"aea68d52-ef0f-4a2f-be51-0d77a7d7ca72","name":"Bioethanol combustion","description":"","category":"Intermediate flows/Data Library/Combustion emission factors/Combustion from biomass feedstock","version":"00.00.009","lastChange":"2022-04-14T12:52:49.051Z","flowType":"PRODUCT_FLOW","isInfrastructureFlow":false,"flowProperties":[{"@type":"FlowPropertyFactor","isRefFlowProperty":true,"flowProperty":{"@type":"FlowProperty","@id":"f6811440-ee37-11de-8a39-0800200c9a66","name":"Energy","category":"Technical flow properties","refUnit":"MJ"},"conversionFactor":1.0}]}