{"@type":"Flow","@id":"b982e41b-ce2f-42d1-a873-9fc87c9db055","name":"Electricity, from solar, photovoltaic, onsite generation","description":"","category":"Intermediate flows/Data Library/Electricity/Technology specific electricity/Onsite generation","version":"00.00.005","lastChange":"2022-04-14T12:52:46.327Z","flowType":"PRODUCT_FLOW","isInfrastructureFlow":false,"flowProperties":[{"@type":"FlowPropertyFactor","isRefFlowProperty":true,"flowProperty":{"@type":"FlowProperty","@id":"f6811440-ee37-11de-8a39-0800200c9a66","name":"Energy","category":"Technical flow properties","refUnit":"MJ"},"conversionFactor":1.0}]}