{"@type":"Flow","@id":"b9e48686-33ee-4dd1-83e1-b94e4f49cb83","name":"Truck transport, diesel, 45 tonnes","description":"","category":"Intermediate flows/Data Library/Transport/Generic transport","version":"00.00.007","lastChange":"2024-06-11T20:24:18.220Z","flowType":"PRODUCT_FLOW","isInfrastructureFlow":false,"flowProperties":[{"@type":"FlowPropertyFactor","isRefFlowProperty":true,"flowProperty":{"@type":"FlowProperty","@id":"838aaa20-0117-11db-92e3-0800200c9a66","name":"Goods transport (mass*length)","category":"Technical flow properties","refUnit":"t*km"},"conversionFactor":1.0}]}