{"@type":"Flow","@id":"ec486b57-3f66-4647-b334-82274c98f110","name":"Lignin from Feedstock A","description":"","category":"Intermediate flows/Fuel Pathways/Bioethanol pathway/1- Bioethanol production, at bioethanol plant/Co-products","version":"00.00.001","lastChange":"2022-04-14T12:52:49.257Z","flowType":"PRODUCT_FLOW","isInfrastructureFlow":false,"flowProperties":[{"@type":"FlowPropertyFactor","isRefFlowProperty":true,"flowProperty":{"@type":"FlowProperty","@id":"f6811440-ee37-11de-8a39-0800200c9a66","name":"Energy","category":"Technical flow properties","refUnit":"MJ"},"conversionFactor":1.0}]}