{"@type":"Flow","@id":"fb677340-62a7-48ba-9893-942b79b3c566","name":"Lignin from Feedstock B","description":"","category":"Intermediate flows/Fuel Pathways/Bioethanol pathway/1- Bioethanol production, at bioethanol plant/Co-products","version":"00.00.001","lastChange":"2022-04-14T12:52:49.253Z","flowType":"PRODUCT_FLOW","isInfrastructureFlow":false,"flowProperties":[{"@type":"FlowPropertyFactor","isRefFlowProperty":true,"flowProperty":{"@type":"FlowProperty","@id":"f6811440-ee37-11de-8a39-0800200c9a66","name":"Energy","category":"Technical flow properties","refUnit":"MJ"},"conversionFactor":1.0}]}