{"@type":"Process","@id":"36a0f850-c082-4e65-9060-858be603c1e6","name":"2- Bioethanol distribution, to end-user","description":"Model users can use this unit process to enter data related to bioethanol distribution in the Inputs/Ouputs tab. \n\nFunctional unit: 1 MJ of bioethanol distributed to end-users (excluding bioethanol production). \n\nProcess Scope: The unit process covers the transportation activities related to the distribution of bioethanol to end-users; bioethanol production is not included.","category":"Fuel Pathways/Bioethanol pathway","version":"00.00.041","lastChange":"2024-09-05T19:17:39.767Z","processType":"UNIT_PROCESS","isInfrastructureProcess":false,"processDocumentation":{"timeDescription":"","technologyDescription":"","dataCollectionDescription":"","completenessDescription":"","dataSelectionDescription":"","dataTreatmentDescription":"","modelingConstantsDescription":"","restrictionsDescription":"© His Majesty the King in Right of Canada, as represented by the Minister of Environment and Climate Change, 2024","isCopyrightProtected":true,"intendedApplication":"The Government of Canada\u0027s Fuel Life Cycle Assessment (LCA) Model (the Model) is a tool to calculate the life cycle carbon intensity (CI) of fuels and energy sources used and produced in Canada.\n\nThe Model consists of the following three components:\n1) the Fuel LCA Model Database: Contains a library of CI datasets and fuel pathways developed to model a CI specific to a fuel or an energy source.\n2) the Fuel LCA Model Methodology: Describes the methodology, data sources and assumptions that were used in the development of the Model, and provides the rationale supporting the methodological approach.\n3) the Fuel LCA Model User Manual: Provides information on general definitions and concepts related to LCA as it relates to the Model. Also provides technical guidance on how to perform basic operations in the openLCA software that are required for CI calculations.\n\nThe Fuel LCA Model is designed in conformity with ISO 14040 and ISO 14044 guidelines.","projectDescription":"Current version of the Fuel LCA Model: August 2024","geographyDescription":"","creationDate":"2020-11-12T09:17:08.310","dataDocumentor":{"@type":"Actor","@id":"c165abbd-3ce5-4150-a998-455a05028457","name":"Environment and Climate Change Canada"},"dataGenerator":{"@type":"Actor","@id":"c165abbd-3ce5-4150-a998-455a05028457","name":"Environment and Climate Change Canada"},"dataSetOwner":{"@type":"Actor","@id":"c165abbd-3ce5-4150-a998-455a05028457","name":"Environment and Climate Change Canada"},"publication":{"@type":"Source","@id":"534615eb-bab6-4cda-85db-1e0c92e2e29e","name":"Fuel LCA Model Methodology"}},"lastInternalId":9,"parameters":[],"exchanges":[{"@type":"Exchange","isAvoidedProduct":false,"isInput":false,"amount":1.0,"internalId":1,"flow":{"@type":"Flow","@id":"4f021a8d-0ab7-46d9-bf7d-f77a4e3588a4","name":"2- Bioethanol distribution, to end-user","category":"Intermediate flows/Fuel Pathways/Bioethanol pathway","flowType":"PRODUCT_FLOW","refUnit":"MJ"},"unit":{"@type":"Unit","@id":"52765a6c-3896-43c2-b2f4-c679acf13efe","name":"MJ"},"flowProperty":{"@type":"FlowProperty","@id":"f6811440-ee37-11de-8a39-0800200c9a66","name":"Energy","category":"Technical flow properties","refUnit":"MJ"},"isQuantitativeReference":true},{"@type":"Exchange","isAvoidedProduct":false,"isInput":true,"amount":1.0,"internalId":9,"flow":{"@type":"Flow","@id":"35a6f72b-19c8-4a5f-8f94-30aa5a441671","name":"Bioethanol distribution, delivery point to end-user","category":"Intermediate flows/Data Library/Transport/Predefined transport scenarios/LCIF distribution/Liquid LCIF distribution/Leg 2-Delivery point to end-user","flowType":"PRODUCT_FLOW","refUnit":"MJ"},"unit":{"@type":"Unit","@id":"52765a6c-3896-43c2-b2f4-c679acf13efe","name":"MJ"},"flowProperty":{"@type":"FlowProperty","@id":"f6811440-ee37-11de-8a39-0800200c9a66","name":"Energy","category":"Technical flow properties","refUnit":"MJ"},"defaultProvider":{"@type":"Process","@id":"834daef1-2ffb-4f1b-ae6b-3a5a5eae29aa","name":"Bioethanol distribution, delivery point to end-user","category":"Data Library/Transport/Predefined transport scenarios/LCIF distribution/Liquid LCIF distribution/Leg 2-Delivery point to end-user","processType":"LCI_RESULT","flowType":"PRODUCT_FLOW"}},{"@type":"Exchange","isAvoidedProduct":false,"isInput":true,"amount":6.26895854398382,"internalId":8,"flow":{"@type":"Flow","@id":"b9e48686-33ee-4dd1-83e1-b94e4f49cb83","name":"Truck transport, diesel, 45 tonnes","category":"Intermediate flows/Data Library/Transport/Generic transport","flowType":"PRODUCT_FLOW","refUnit":"t*km"},"unit":{"@type":"Unit","@id":"a40229e6-7275-42e3-a304-23d590044770","name":"kg*km"},"flowProperty":{"@type":"FlowProperty","@id":"838aaa20-0117-11db-92e3-0800200c9a66","name":"Goods transport (mass*length)","category":"Technical flow properties","refUnit":"t*km"},"defaultProvider":{"@type":"Process","@id":"2bf002ce-3b91-45ca-832a-fcf729e0b3ad","name":"Truck transport, diesel, 45 tonnes","category":"Data Library/Transport/Generic transport","processType":"LCI_RESULT","flowType":"PRODUCT_FLOW"}}],"socialAspects":[],"allocationFactors":[]}