{"@type":"Process","@id":"730b3499-de74-47ea-8d53-3653ba32e89c","name":"Corn (Global), at bioethanol plant","description":"Model users can enter data related to feedstock production and transport in the Inputs/Ouputs tab. \n\nProcess Scope: The unit process covers the production of 1 kg (dry-basis) of feedstock and transportation to the bioethanol plant. \n\nFunctional Unit: 1 kg (dry-basis) of feedstock transported at the bioethanol plant.\n\nModel users should rename the unit process and the corresponding output flow with the name of the feedstock. Any additional feedstock should be modeled using another unit process. ","category":"Fuel Pathways/Bioethanol pathway/Feedstock at bioethanol plant","version":"00.00.057","lastChange":"2024-10-17T17:40:10.964Z","processType":"UNIT_PROCESS","isInfrastructureProcess":false,"processDocumentation":{"timeDescription":"","technologyDescription":"","dataCollectionDescription":"","completenessDescription":"","dataSelectionDescription":"","dataTreatmentDescription":"","modelingConstantsDescription":"","restrictionsDescription":"© His Majesty the King in Right of Canada, as represented by the Minister of Environment and Climate Change, 2024","isCopyrightProtected":true,"intendedApplication":"The Government of Canada\u0027s Fuel Life Cycle Assessment (LCA) Model (the Model) is a tool to calculate the life cycle carbon intensity (CI) of fuels and energy sources used and produced in Canada.\n\nThe Model consists of the following three components:\n1) the Fuel LCA Model Database: Contains a library of CI datasets and fuel pathways developed to model a CI specific to a fuel or an energy source.\n2) the Fuel LCA Model Methodology: Describes the methodology, data sources and assumptions that were used in the development of the Model, and provides the rationale supporting the methodological approach.\n3) the Fuel LCA Model User Manual: Provides information on general definitions and concepts related to LCA as it relates to the Model. Also provides technical guidance on how to perform basic operations in the openLCA software that are required for CI calculations.\n\nThe Fuel LCA Model is designed in conformity with ISO 14040 and ISO 14044 guidelines.","projectDescription":"Current version of the Fuel LCA Model: August 2024","geographyDescription":"","creationDate":"2021-04-01T23:47:51.714","dataDocumentor":{"@type":"Actor","@id":"c165abbd-3ce5-4150-a998-455a05028457","name":"Environment and Climate Change Canada"},"dataGenerator":{"@type":"Actor","@id":"c165abbd-3ce5-4150-a998-455a05028457","name":"Environment and Climate Change Canada"},"dataSetOwner":{"@type":"Actor","@id":"c165abbd-3ce5-4150-a998-455a05028457","name":"Environment and Climate Change Canada"},"publication":{"@type":"Source","@id":"534615eb-bab6-4cda-85db-1e0c92e2e29e","name":"Fuel LCA Model Methodology"}},"lastInternalId":28,"parameters":[],"exchanges":[{"@type":"Exchange","isAvoidedProduct":false,"isInput":false,"amount":1.0,"internalId":1,"flow":{"@type":"Flow","@id":"86616335-2c33-4bb2-a75e-2f15eb0c2c97","name":"Corn (Global), at bioethanol plant","category":"Intermediate flows/Fuel Pathways/Bioethanol pathway/Feedstock at bioethanol plant","flowType":"PRODUCT_FLOW","refUnit":"kg"},"unit":{"@type":"Unit","@id":"1aad5937-9d99-4528-8883-925d477809ba","name":"kg"},"flowProperty":{"@type":"FlowProperty","@id":"3747a7c9-e423-4d1d-88a2-21d3473660d3","name":"Mass","category":"Technical flow properties","refUnit":"kg"},"isQuantitativeReference":true},{"@type":"Exchange","isAvoidedProduct":false,"isInput":true,"amount":1.0,"internalId":26,"flow":{"@type":"Flow","@id":"cb47bfec-ea59-11eb-9a03-0242ac130003","name":"Corn, at farm","category":"Intermediate flows/Data Library/Feedstocks/Crops/Grains","flowType":"PRODUCT_FLOW","refUnit":"kg"},"unit":{"@type":"Unit","@id":"1aad5937-9d99-4528-8883-925d477809ba","name":"kg"},"flowProperty":{"@type":"FlowProperty","@id":"3747a7c9-e423-4d1d-88a2-21d3473660d3","name":"Mass","category":"Technical flow properties","refUnit":"kg"},"defaultProvider":{"@type":"Process","@id":"7b689e91-d098-4989-96ab-0e843a51eab0","name":"Corn, at farm","category":"Data Library/Feedstocks/Crops/Grains","processType":"LCI_RESULT","flowType":"PRODUCT_FLOW"}},{"@type":"Exchange","isAvoidedProduct":false,"isInput":true,"amount":287.116625986177,"internalId":27,"flow":{"@type":"Flow","@id":"f89a3a2b-1965-4734-b5e1-b1ae0635eae7","name":"Truck transport, diesel, 25 tonnes","category":"Intermediate flows/Data Library/Transport/Generic transport","flowType":"PRODUCT_FLOW","refUnit":"t*km"},"unit":{"@type":"Unit","@id":"a40229e6-7275-42e3-a304-23d590044770","name":"kg*km"},"flowProperty":{"@type":"FlowProperty","@id":"838aaa20-0117-11db-92e3-0800200c9a66","name":"Goods transport (mass*length)","category":"Technical flow properties","refUnit":"t*km"},"defaultProvider":{"@type":"Process","@id":"ae2dc921-3b29-43e0-bae1-dda8a99e6bd9","name":"Truck transport, diesel, 25 tonnes","category":"Data Library/Transport/Generic transport","processType":"LCI_RESULT","flowType":"PRODUCT_FLOW"}},{"@type":"Exchange","isAvoidedProduct":false,"isInput":true,"amount":249.440594719347,"internalId":28,"flow":{"@type":"Flow","@id":"b9e48686-33ee-4dd1-83e1-b94e4f49cb83","name":"Truck transport, diesel, 45 tonnes","category":"Intermediate flows/Data Library/Transport/Generic transport","flowType":"PRODUCT_FLOW","refUnit":"t*km"},"unit":{"@type":"Unit","@id":"a40229e6-7275-42e3-a304-23d590044770","name":"kg*km"},"flowProperty":{"@type":"FlowProperty","@id":"838aaa20-0117-11db-92e3-0800200c9a66","name":"Goods transport (mass*length)","category":"Technical flow properties","refUnit":"t*km"},"defaultProvider":{"@type":"Process","@id":"2bf002ce-3b91-45ca-832a-fcf729e0b3ad","name":"Truck transport, diesel, 45 tonnes","category":"Data Library/Transport/Generic transport","processType":"LCI_RESULT","flowType":"PRODUCT_FLOW"}}],"socialAspects":[],"allocationFactors":[]}