{"@type":"Process","@id":"da8c3391-ec5e-4a38-b5a3-142c29b74321","name":"Bioethanol CI from Corn (Global)","description":"This unit process covers the full life cycle of bioethanol produced from feedstock A, including the main life cycle stages: feedstock production and transportation to the bioethanol plant, bioethanol production, bioethanol distribution to end-users and bioethanol combustion at the end-user. The unit process is already structured to include all life cycle stages of the bioethanol life cycle. The input flow for the fuel production stage (i.e. “1-Bioethanol from Feedstock A”) corresponds to the bioethanol portion produced from feedstock A. \n\nFunctional unit: 1 MJ of bioethanol produced from feedstock A delivered to the end-user and used for its energy content.\n\nProcess Scope: The unit process covers the full life cycle of bioethanol produced from feedstock A, including the main life cycle stages: feedstock production and transportation to the bioethanol plant, bioethanol production, bioethanol distribution to end-users and bioethanol combustion at the end-user. Portions of bioethanol produced from other distinct feedstocks are not covered by this unit process. \n\nModel users do not need to enter any data in the \"Inputs/Ouputs\" tab. All amounts fields already contain values of 1 MJ and model users should not change these amounts. \n\nTo calculate the CI of bioethanol produced from feedstock A, model users should create a product system based on this unit process. ","category":"Fuel Pathways/Bioethanol pathway/Bioethanol CI","version":"00.00.052","lastChange":"2024-09-05T17:56:17.141Z","processType":"UNIT_PROCESS","defaultAllocationMethod":"PHYSICAL_ALLOCATION","isInfrastructureProcess":false,"processDocumentation":{"timeDescription":"","technologyDescription":"","dataCollectionDescription":"","completenessDescription":"","dataSelectionDescription":"","dataTreatmentDescription":"","modelingConstantsDescription":"","restrictionsDescription":"© His Majesty the King in Right of Canada, as represented by the Minister of Environment and Climate Change, 2024","isCopyrightProtected":true,"intendedApplication":"The Government of Canada\u0027s Fuel Life Cycle Assessment (LCA) Model (the Model) is a tool to calculate the life cycle carbon intensity (CI) of fuels and energy sources used and produced in Canada.\n\nThe Model consists of the following three components:\n1) the Fuel LCA Model Database: Contains a library of CI datasets and fuel pathways developed to model a CI specific to a fuel or an energy source.\n2) the Fuel LCA Model Methodology: Describes the methodology, data sources and assumptions that were used in the development of the Model, and provides the rationale supporting the methodological approach.\n3) the Fuel LCA Model User Manual: Provides information on general definitions and concepts related to LCA as it relates to the Model. Also provides technical guidance on how to perform basic operations in the openLCA software that are required for CI calculations.\n\nThe Fuel LCA Model is designed in conformity with ISO 14040 and ISO 14044 guidelines.","projectDescription":"Current version of the Fuel LCA Model: August 2024","geographyDescription":"","creationDate":"2020-11-12T09:18:24.918","dataDocumentor":{"@type":"Actor","@id":"c165abbd-3ce5-4150-a998-455a05028457","name":"Environment and Climate Change Canada"},"dataGenerator":{"@type":"Actor","@id":"c165abbd-3ce5-4150-a998-455a05028457","name":"Environment and Climate Change Canada"},"dataSetOwner":{"@type":"Actor","@id":"c165abbd-3ce5-4150-a998-455a05028457","name":"Environment and Climate Change Canada"},"publication":{"@type":"Source","@id":"534615eb-bab6-4cda-85db-1e0c92e2e29e","name":"Fuel LCA Model Methodology"}},"lastInternalId":11,"parameters":[],"exchanges":[{"@type":"Exchange","isAvoidedProduct":false,"isInput":false,"amount":1.0,"internalId":1,"flow":{"@type":"Flow","@id":"9fb331db-5112-4397-a12e-d4ffc3b50f36","name":"Bioethanol CI from Corn (Global)","category":"Intermediate flows/Fuel Pathways/Bioethanol pathway/Bioethanol CI","flowType":"PRODUCT_FLOW","refUnit":"MJ"},"unit":{"@type":"Unit","@id":"52765a6c-3896-43c2-b2f4-c679acf13efe","name":"MJ"},"flowProperty":{"@type":"FlowProperty","@id":"f6811440-ee37-11de-8a39-0800200c9a66","name":"Energy","category":"Technical flow properties","refUnit":"MJ"},"isQuantitativeReference":true},{"@type":"Exchange","isAvoidedProduct":false,"isInput":true,"amount":1.0,"internalId":11,"flow":{"@type":"Flow","@id":"4f021a8d-0ab7-46d9-bf7d-f77a4e3588a4","name":"2- Bioethanol distribution, to end-user","category":"Intermediate flows/Fuel Pathways/Bioethanol pathway","flowType":"PRODUCT_FLOW","refUnit":"MJ"},"unit":{"@type":"Unit","@id":"52765a6c-3896-43c2-b2f4-c679acf13efe","name":"MJ"},"flowProperty":{"@type":"FlowProperty","@id":"f6811440-ee37-11de-8a39-0800200c9a66","name":"Energy","category":"Technical flow properties","refUnit":"MJ"},"defaultProvider":{"@type":"Process","@id":"36a0f850-c082-4e65-9060-858be603c1e6","name":"2- Bioethanol distribution, to end-user","category":"Fuel Pathways/Bioethanol pathway","processType":"UNIT_PROCESS","flowType":"PRODUCT_FLOW"}},{"@type":"Exchange","isAvoidedProduct":false,"isInput":true,"amount":1.0,"internalId":9,"flow":{"@type":"Flow","@id":"fb55f8fb-fe55-4411-880b-94e35ef97fe2","name":"1- Bioethanol from Corn (Global)","category":"Intermediate flows/Fuel Pathways/Bioethanol pathway/1- Bioethanol production, at bioethanol plant/Bioethanol","flowType":"PRODUCT_FLOW","refUnit":"MJ"},"unit":{"@type":"Unit","@id":"52765a6c-3896-43c2-b2f4-c679acf13efe","name":"MJ"},"flowProperty":{"@type":"FlowProperty","@id":"f6811440-ee37-11de-8a39-0800200c9a66","name":"Energy","category":"Technical flow properties","refUnit":"MJ"},"defaultProvider":{"@type":"Process","@id":"e688c3f1-b53b-4252-835e-81ee5ed3bd36","name":"1- Bioethanol production, at bioethanol plant","category":"Fuel Pathways/Bioethanol pathway","processType":"UNIT_PROCESS","flowType":"PRODUCT_FLOW"}},{"@type":"Exchange","isAvoidedProduct":false,"isInput":true,"amount":1.0,"internalId":10,"flow":{"@type":"Flow","@id":"bddd2875-8a7b-413c-9775-9860fe7df34d","name":"3- Bioethanol combustion, at end-user","category":"Intermediate flows/Fuel Pathways/Bioethanol pathway","flowType":"PRODUCT_FLOW","refUnit":"MJ"},"unit":{"@type":"Unit","@id":"52765a6c-3896-43c2-b2f4-c679acf13efe","name":"MJ"},"flowProperty":{"@type":"FlowProperty","@id":"f6811440-ee37-11de-8a39-0800200c9a66","name":"Energy","category":"Technical flow properties","refUnit":"MJ"},"defaultProvider":{"@type":"Process","@id":"883133ee-9c35-40f0-a752-d28730611c26","name":"3- Bioethanol combustion, at end-user","category":"Fuel Pathways/Bioethanol pathway","processType":"UNIT_PROCESS","flowType":"PRODUCT_FLOW"}}],"socialAspects":[],"allocationFactors":[]}