{"@type":"Process","@id":"e688c3f1-b53b-4252-835e-81ee5ed3bd36","name":"1- Bioethanol production, at bioethanol plant","description":"Model users can use this process to enter data related to bioethanol production in the Inputs/Ouputs tab. \n\nProcess Scope: Data entered by model users should cover the following:\n- feedstock quantities transported to the bioethanol plant\n- energy and material inputs consumed at the bioethanol plant\n- other emissions related to the bioethanol production\n- bioethanol quantities produced at the bioethanol plant\n- co-product quantities produced at the bioethanol plant\n\nIf the bioethanol production process generates co-product(s) or consumes more than one distinct feedstock, the model user must select an allocation method in the Allocation tab. ","category":"Fuel Pathways/Bioethanol pathway","version":"00.00.021","lastChange":"2024-10-30T13:04:22.325Z","processType":"UNIT_PROCESS","defaultAllocationMethod":"CAUSAL_ALLOCATION","isInfrastructureProcess":false,"processDocumentation":{"timeDescription":"","technologyDescription":"","dataCollectionDescription":"","completenessDescription":"","dataSelectionDescription":"","dataTreatmentDescription":"","modelingConstantsDescription":"","restrictionsDescription":"© His Majesty the King in Right of Canada, as represented by the Minister of Environment and Climate Change, 2024","isCopyrightProtected":true,"intendedApplication":"The Government of Canada\u0027s Fuel Life Cycle Assessment (LCA) Model (the Model) is a tool to calculate the life cycle carbon intensity (CI) of fuels and energy sources used and produced in Canada.\n\nThe Model consists of the following three components:\n1) the Fuel LCA Model Database: Contains a library of CI datasets and fuel pathways developed to model a CI specific to a fuel or an energy source.\n2) the Fuel LCA Model Methodology: Describes the methodology, data sources and assumptions that were used in the development of the Model, and provides the rationale supporting the methodological approach.\n3) the Fuel LCA Model User Manual: Provides information on general definitions and concepts related to LCA as it relates to the Model. Also provides technical guidance on how to perform basic operations in the openLCA software that are required for CI calculations.\n\nThe Fuel LCA Model is designed in conformity with ISO 14040 and ISO 14044 guidelines.","projectDescription":"Current version of the Fuel LCA Model: August 2024","geographyDescription":"","creationDate":"2021-07-05T15:36:22.401","dataDocumentor":{"@type":"Actor","@id":"c165abbd-3ce5-4150-a998-455a05028457","name":"Environment and Climate Change Canada"},"dataGenerator":{"@type":"Actor","@id":"c165abbd-3ce5-4150-a998-455a05028457","name":"Environment and Climate Change Canada"},"dataSetOwner":{"@type":"Actor","@id":"c165abbd-3ce5-4150-a998-455a05028457","name":"Environment and Climate Change Canada"},"publication":{"@type":"Source","@id":"534615eb-bab6-4cda-85db-1e0c92e2e29e","name":"Fuel LCA Model Methodology"}},"lastInternalId":17,"parameters":[],"exchanges":[{"@type":"Exchange","isAvoidedProduct":false,"isInput":false,"amount":4.949694857875E9,"internalId":2,"flow":{"@type":"Flow","@id":"fb55f8fb-fe55-4411-880b-94e35ef97fe2","name":"1- Bioethanol from Corn (Global)","category":"Intermediate flows/Fuel Pathways/Bioethanol pathway/1- Bioethanol production, at bioethanol plant/Bioethanol","flowType":"PRODUCT_FLOW","refUnit":"MJ"},"unit":{"@type":"Unit","@id":"52765a6c-3896-43c2-b2f4-c679acf13efe","name":"MJ"},"flowProperty":{"@type":"FlowProperty","@id":"f6811440-ee37-11de-8a39-0800200c9a66","name":"Energy","category":"Technical flow properties","refUnit":"MJ"},"isQuantitativeReference":true},{"@type":"Exchange","isAvoidedProduct":false,"isInput":false,"amount":9.05323878125003E8,"internalId":3,"flow":{"@type":"Flow","@id":"b031a201-f56c-44d6-b20c-427ac53c9fbe","name":"1- Bioethanol from Wheat (non durum) (Global)","category":"Intermediate flows/Fuel Pathways/Bioethanol pathway/1- Bioethanol production, at bioethanol plant/Bioethanol","flowType":"PRODUCT_FLOW","refUnit":"MJ"},"unit":{"@type":"Unit","@id":"52765a6c-3896-43c2-b2f4-c679acf13efe","name":"MJ"},"flowProperty":{"@type":"FlowProperty","@id":"f6811440-ee37-11de-8a39-0800200c9a66","name":"Energy","category":"Technical flow properties","refUnit":"MJ"}},{"@type":"Exchange","isAvoidedProduct":false,"isInput":true,"amount":90903.76966,"internalId":9,"flow":{"@type":"Flow","@id":"3f8b4007-3253-467a-a5f0-4c45fb6cd234","name":"Wheat (non durum) (Global), at bioethanol plant","category":"Intermediate flows/Fuel Pathways/Bioethanol pathway/Feedstock at bioethanol plant","flowType":"PRODUCT_FLOW","refUnit":"kg"},"unit":{"@type":"Unit","@id":"2f239f58-5a29-48ed-9cf4-d1a3e67d2157","name":"t"},"flowProperty":{"@type":"FlowProperty","@id":"3747a7c9-e423-4d1d-88a2-21d3473660d3","name":"Mass","category":"Technical flow properties","refUnit":"kg"},"defaultProvider":{"@type":"Process","@id":"0bf77d49-80cf-4b57-a1fd-9e79da3bf9a6","name":"Wheat (non durum) (Global), at bioethanol plant","category":"Fuel Pathways/Bioethanol pathway/Feedstock at bioethanol plant","processType":"UNIT_PROCESS","flowType":"PRODUCT_FLOW"}},{"@type":"Exchange","isAvoidedProduct":false,"isInput":true,"amount":7.6800024E7,"internalId":15,"flow":{"@type":"Flow","@id":"3290afc0-8889-4d2a-aa2a-c293475da13c","name":"Electricity, from grid [CA-ON]","category":"Intermediate flows/Data Library/Electricity/Grid electricity/Canadian grid electricity","flowType":"PRODUCT_FLOW","refUnit":"MJ"},"unit":{"@type":"Unit","@id":"86ad2244-1f0e-4912-af53-7865283103e4","name":"kWh"},"flowProperty":{"@type":"FlowProperty","@id":"f6811440-ee37-11de-8a39-0800200c9a66","name":"Energy","category":"Technical flow properties","refUnit":"MJ"},"defaultProvider":{"@type":"Process","@id":"fb2fb11c-8401-4802-894a-f3593c3e4c2c","name":"Electricity, from grid [CA-ON]","category":"Data Library/Electricity/Grid electricity/Canadian grid electricity","processType":"LCI_RESULT","flowType":"PRODUCT_FLOW"}},{"@type":"Exchange","isAvoidedProduct":false,"isInput":false,"amount":5.48298846908968E8,"internalId":11,"flow":{"@type":"Flow","@id":"5a7e58c6-dc2a-4131-9ce2-6f9e4893c23d","name":"Animal feed from Corn (WDGS)","category":"Intermediate flows/Fuel Pathways/Bioethanol pathway/1- Bioethanol production, at bioethanol plant/Co-products","flowType":"PRODUCT_FLOW","refUnit":"MJ"},"unit":{"@type":"Unit","@id":"52765a6c-3896-43c2-b2f4-c679acf13efe","name":"MJ"},"flowProperty":{"@type":"FlowProperty","@id":"f6811440-ee37-11de-8a39-0800200c9a66","name":"Energy","category":"Technical flow properties","refUnit":"MJ"}},{"@type":"Exchange","isAvoidedProduct":false,"isInput":false,"amount":4.22846808039669E8,"internalId":12,"flow":{"@type":"Flow","@id":"aae51518-462e-474e-825c-e95851da262c","name":"Animal feed from Wheat (DDGS)","category":"Intermediate flows/Fuel Pathways/Bioethanol pathway/1- Bioethanol production, at bioethanol plant/Co-products","flowType":"PRODUCT_FLOW","refUnit":"MJ"},"unit":{"@type":"Unit","@id":"52765a6c-3896-43c2-b2f4-c679acf13efe","name":"MJ"},"flowProperty":{"@type":"FlowProperty","@id":"f6811440-ee37-11de-8a39-0800200c9a66","name":"Energy","category":"Technical flow properties","refUnit":"MJ"}},{"@type":"Exchange","isAvoidedProduct":false,"isInput":false,"amount":1.00286593963532E8,"internalId":13,"flow":{"@type":"Flow","@id":"184296d2-8a65-4386-9f95-4aea8cf74272","name":"Animal feed from Wheat (WDGS)","category":"Intermediate flows/Fuel Pathways/Bioethanol pathway/1- Bioethanol production, at bioethanol plant/Co-products","flowType":"PRODUCT_FLOW","refUnit":"MJ"},"unit":{"@type":"Unit","@id":"52765a6c-3896-43c2-b2f4-c679acf13efe","name":"MJ"},"flowProperty":{"@type":"FlowProperty","@id":"f6811440-ee37-11de-8a39-0800200c9a66","name":"Energy","category":"Technical flow properties","refUnit":"MJ"}},{"@type":"Exchange","isAvoidedProduct":false,"isInput":false,"amount":2.31183858284783E9,"internalId":10,"flow":{"@type":"Flow","@id":"256e6b7f-03da-4cd3-be71-d52bbed20aee","name":"Animal feed from Corn (DDGS)","category":"Intermediate flows/Fuel Pathways/Bioethanol pathway/1- Bioethanol production, at bioethanol plant/Co-products","flowType":"PRODUCT_FLOW","refUnit":"MJ"},"unit":{"@type":"Unit","@id":"52765a6c-3896-43c2-b2f4-c679acf13efe","name":"MJ"},"flowProperty":{"@type":"FlowProperty","@id":"f6811440-ee37-11de-8a39-0800200c9a66","name":"Energy","category":"Technical flow properties","refUnit":"MJ"}},{"@type":"Exchange","isAvoidedProduct":false,"isInput":true,"amount":5.855018736E9,"internalId":14,"flow":{"@type":"Flow","@id":"e4f1d08e-29ef-46c1-ac8f-13e54bf007d0","name":"Chemical use per MJ of conventional ethanol","category":"Intermediate flows/Data Library/Chemical Inputs/Predefined chemical mixes","flowType":"PRODUCT_FLOW","refUnit":"MJ"},"unit":{"@type":"Unit","@id":"52765a6c-3896-43c2-b2f4-c679acf13efe","name":"MJ"},"flowProperty":{"@type":"FlowProperty","@id":"f6811440-ee37-11de-8a39-0800200c9a66","name":"Energy","category":"Technical flow properties","refUnit":"MJ"},"defaultProvider":{"@type":"Process","@id":"234fb5f7-a768-4649-9c7d-670c589f9e82","name":"Chemical use per MJ of conventional bioethanol","category":"Data Library/Chemical inputs/Predefined chemical mixes","processType":"LCI_RESULT","flowType":"PRODUCT_FLOW"}},{"@type":"Exchange","isAvoidedProduct":false,"isInput":true,"amount":496999.94899,"internalId":8,"flow":{"@type":"Flow","@id":"86616335-2c33-4bb2-a75e-2f15eb0c2c97","name":"Corn (Global), at bioethanol plant","category":"Intermediate flows/Fuel Pathways/Bioethanol pathway/Feedstock at bioethanol plant","flowType":"PRODUCT_FLOW","refUnit":"kg"},"unit":{"@type":"Unit","@id":"2f239f58-5a29-48ed-9cf4-d1a3e67d2157","name":"t"},"flowProperty":{"@type":"FlowProperty","@id":"3747a7c9-e423-4d1d-88a2-21d3473660d3","name":"Mass","category":"Technical flow properties","refUnit":"kg"},"defaultProvider":{"@type":"Process","@id":"730b3499-de74-47ea-8d53-3653ba32e89c","name":"Corn (Global), at bioethanol plant","category":"Fuel Pathways/Bioethanol pathway/Feedstock at bioethanol plant","processType":"UNIT_PROCESS","flowType":"PRODUCT_FLOW"}},{"@type":"Exchange","isAvoidedProduct":false,"isInput":true,"amount":2.4313747057399E9,"internalId":17,"flow":{"@type":"Flow","@id":"a11e56fa-452e-481d-82c8-bd4447b5eed6","name":"Natural gas combustion","category":"Intermediate flows/Data Library/Fossil fuels/Combusted fossil fuels","flowType":"PRODUCT_FLOW","refUnit":"MJ"},"unit":{"@type":"Unit","@id":"52765a6c-3896-43c2-b2f4-c679acf13efe","name":"MJ"},"flowProperty":{"@type":"FlowProperty","@id":"f6811440-ee37-11de-8a39-0800200c9a66","name":"Energy","category":"Technical flow properties","refUnit":"MJ"},"defaultProvider":{"@type":"Process","@id":"31a736a3-0b39-405b-9a9d-4050eb1aee1b","name":"Natural gas combustion","category":"Data Library/Fossil fuels/Combusted fossil fuels","processType":"LCI_RESULT","flowType":"PRODUCT_FLOW"}},{"@type":"Exchange","isAvoidedProduct":false,"isInput":true,"amount":8352.0,"internalId":16,"flow":{"@type":"Flow","@id":"b982e41b-ce2f-42d1-a873-9fc87c9db055","name":"Electricity, from solar, photovoltaic, onsite generation","category":"Intermediate flows/Data Library/Electricity/Technology specific electricity/Onsite generation","flowType":"PRODUCT_FLOW","refUnit":"MJ"},"unit":{"@type":"Unit","@id":"86ad2244-1f0e-4912-af53-7865283103e4","name":"kWh"},"flowProperty":{"@type":"FlowProperty","@id":"f6811440-ee37-11de-8a39-0800200c9a66","name":"Energy","category":"Technical flow properties","refUnit":"MJ"},"defaultProvider":{"@type":"Process","@id":"35d6c241-ec9b-448e-9f9c-942c66f4673c","name":"Electricity, from solar, photovoltaic, onsite generation","category":"Data Library/Electricity/Technology specific electricity/Onsite generation","processType":"LCI_RESULT","flowType":"PRODUCT_FLOW"}}],"socialAspects":[],"allocationFactors":[{"allocationType":"CAUSAL_ALLOCATION","exchange":{"@type":"Exchange","internalId":15,"flow":{"@type":"Flow","@id":"3290afc0-8889-4d2a-aa2a-c293475da13c","name":"Electricity, from grid [CA-ON]","category":"Intermediate flows/Data Library/Electricity/Grid electricity/Canadian grid electricity","flowType":"PRODUCT_FLOW","refUnit":"MJ"}},"product":{"@type":"Flow","@id":"fb55f8fb-fe55-4411-880b-94e35ef97fe2","name":"1- Bioethanol from Corn (Global)","category":"Intermediate flows/Fuel Pathways/Bioethanol pathway/1- Bioethanol production, at bioethanol plant/Bioethanol","flowType":"PRODUCT_FLOW","refUnit":"MJ"},"value":0.535780440910681},{"allocationType":"CAUSAL_ALLOCATION","exchange":{"@type":"Exchange","internalId":8,"flow":{"@type":"Flow","@id":"86616335-2c33-4bb2-a75e-2f15eb0c2c97","name":"Corn (Global), at bioethanol plant","category":"Intermediate flows/Fuel Pathways/Bioethanol pathway/Feedstock at bioethanol plant","flowType":"PRODUCT_FLOW","refUnit":"kg"}},"product":{"@type":"Flow","@id":"5a7e58c6-dc2a-4131-9ce2-6f9e4893c23d","name":"Animal feed from Corn (WDGS)","category":"Intermediate flows/Fuel Pathways/Bioethanol pathway/1- Bioethanol production, at bioethanol plant/Co-products","flowType":"PRODUCT_FLOW","refUnit":"MJ"},"value":0.0702062255264166},{"allocationType":"CAUSAL_ALLOCATION","exchange":{"@type":"Exchange","internalId":8,"flow":{"@type":"Flow","@id":"86616335-2c33-4bb2-a75e-2f15eb0c2c97","name":"Corn (Global), at bioethanol plant","category":"Intermediate flows/Fuel Pathways/Bioethanol pathway/Feedstock at bioethanol plant","flowType":"PRODUCT_FLOW","refUnit":"kg"}},"product":{"@type":"Flow","@id":"184296d2-8a65-4386-9f95-4aea8cf74272","name":"Animal feed from Wheat (WDGS)","category":"Intermediate flows/Fuel Pathways/Bioethanol pathway/1- Bioethanol production, at bioethanol plant/Co-products","flowType":"PRODUCT_FLOW","refUnit":"MJ"},"value":0.0},{"allocationType":"CAUSAL_ALLOCATION","exchange":{"@type":"Exchange","internalId":9,"flow":{"@type":"Flow","@id":"3f8b4007-3253-467a-a5f0-4c45fb6cd234","name":"Wheat (non durum) (Global), at bioethanol plant","category":"Intermediate flows/Fuel Pathways/Bioethanol pathway/Feedstock at bioethanol plant","flowType":"PRODUCT_FLOW","refUnit":"kg"}},"product":{"@type":"Flow","@id":"184296d2-8a65-4386-9f95-4aea8cf74272","name":"Animal feed from Wheat (WDGS)","category":"Intermediate flows/Fuel Pathways/Bioethanol pathway/1- Bioethanol production, at bioethanol plant/Co-products","flowType":"PRODUCT_FLOW","refUnit":"MJ"},"value":0.0702062255264166},{"allocationType":"ECONOMIC_ALLOCATION","product":{"@type":"Flow","@id":"fb55f8fb-fe55-4411-880b-94e35ef97fe2","name":"1- Bioethanol from Corn (Global)","category":"Intermediate flows/Fuel Pathways/Bioethanol pathway/1- Bioethanol production, at bioethanol plant/Bioethanol","flowType":"PRODUCT_FLOW","refUnit":"MJ"},"value":0.0},{"allocationType":"CAUSAL_ALLOCATION","exchange":{"@type":"Exchange","internalId":16,"flow":{"@type":"Flow","@id":"b982e41b-ce2f-42d1-a873-9fc87c9db055","name":"Electricity, from solar, photovoltaic, onsite generation","category":"Intermediate flows/Data Library/Electricity/Technology specific electricity/Onsite generation","flowType":"PRODUCT_FLOW","refUnit":"MJ"}},"product":{"@type":"Flow","@id":"5a7e58c6-dc2a-4131-9ce2-6f9e4893c23d","name":"Animal feed from Corn (WDGS)","category":"Intermediate flows/Fuel Pathways/Bioethanol pathway/1- Bioethanol production, at bioethanol plant/Co-products","flowType":"PRODUCT_FLOW","refUnit":"MJ"},"value":0.0593506885541274},{"allocationType":"PHYSICAL_ALLOCATION","product":{"@type":"Flow","@id":"5a7e58c6-dc2a-4131-9ce2-6f9e4893c23d","name":"Animal feed from Corn (WDGS)","category":"Intermediate flows/Fuel Pathways/Bioethanol pathway/1- Bioethanol production, at bioethanol plant/Co-products","flowType":"PRODUCT_FLOW","refUnit":"MJ"},"value":0.0},{"allocationType":"ECONOMIC_ALLOCATION","product":{"@type":"Flow","@id":"184296d2-8a65-4386-9f95-4aea8cf74272","name":"Animal feed from Wheat (WDGS)","category":"Intermediate flows/Fuel Pathways/Bioethanol pathway/1- Bioethanol production, at bioethanol plant/Co-products","flowType":"PRODUCT_FLOW","refUnit":"MJ"},"value":0.0},{"allocationType":"CAUSAL_ALLOCATION","exchange":{"@type":"Exchange","internalId":17,"flow":{"@type":"Flow","@id":"a11e56fa-452e-481d-82c8-bd4447b5eed6","name":"Natural gas combustion","category":"Intermediate flows/Data Library/Fossil fuels/Combusted fossil fuels","flowType":"PRODUCT_FLOW","refUnit":"MJ"}},"product":{"@type":"Flow","@id":"5a7e58c6-dc2a-4131-9ce2-6f9e4893c23d","name":"Animal feed from Corn (WDGS)","category":"Intermediate flows/Fuel Pathways/Bioethanol pathway/1- Bioethanol production, at bioethanol plant/Co-products","flowType":"PRODUCT_FLOW","refUnit":"MJ"},"value":0.0593506885541274},{"allocationType":"ECONOMIC_ALLOCATION","product":{"@type":"Flow","@id":"b031a201-f56c-44d6-b20c-427ac53c9fbe","name":"1- Bioethanol from Wheat (non durum) (Global)","category":"Intermediate flows/Fuel Pathways/Bioethanol pathway/1- Bioethanol production, at bioethanol plant/Bioethanol","flowType":"PRODUCT_FLOW","refUnit":"MJ"},"value":0.0},{"allocationType":"CAUSAL_ALLOCATION","exchange":{"@type":"Exchange","internalId":14,"flow":{"@type":"Flow","@id":"e4f1d08e-29ef-46c1-ac8f-13e54bf007d0","name":"Chemical use per MJ of conventional ethanol","category":"Intermediate flows/Data Library/Chemical Inputs/Predefined chemical mixes","flowType":"PRODUCT_FLOW","refUnit":"MJ"}},"product":{"@type":"Flow","@id":"fb55f8fb-fe55-4411-880b-94e35ef97fe2","name":"1- Bioethanol from Corn (Global)","category":"Intermediate flows/Fuel Pathways/Bioethanol pathway/1- Bioethanol production, at bioethanol plant/Bioethanol","flowType":"PRODUCT_FLOW","refUnit":"MJ"},"value":0.535780440910681},{"allocationType":"CAUSAL_ALLOCATION","exchange":{"@type":"Exchange","internalId":15,"flow":{"@type":"Flow","@id":"3290afc0-8889-4d2a-aa2a-c293475da13c","name":"Electricity, from grid [CA-ON]","category":"Intermediate flows/Data Library/Electricity/Grid electricity/Canadian grid electricity","flowType":"PRODUCT_FLOW","refUnit":"MJ"}},"product":{"@type":"Flow","@id":"256e6b7f-03da-4cd3-be71-d52bbed20aee","name":"Animal feed from Corn (DDGS)","category":"Intermediate flows/Fuel Pathways/Bioethanol pathway/1- Bioethanol production, at bioethanol plant/Co-products","flowType":"PRODUCT_FLOW","refUnit":"MJ"},"value":0.250245304164933},{"allocationType":"CAUSAL_ALLOCATION","exchange":{"@type":"Exchange","internalId":9,"flow":{"@type":"Flow","@id":"3f8b4007-3253-467a-a5f0-4c45fb6cd234","name":"Wheat (non durum) (Global), at bioethanol plant","category":"Intermediate flows/Fuel Pathways/Bioethanol pathway/Feedstock at bioethanol plant","flowType":"PRODUCT_FLOW","refUnit":"kg"}},"product":{"@type":"Flow","@id":"256e6b7f-03da-4cd3-be71-d52bbed20aee","name":"Animal feed from Corn (DDGS)","category":"Intermediate flows/Fuel Pathways/Bioethanol pathway/1- Bioethanol production, at bioethanol plant/Co-products","flowType":"PRODUCT_FLOW","refUnit":"MJ"},"value":0.0},{"allocationType":"CAUSAL_ALLOCATION","exchange":{"@type":"Exchange","internalId":16,"flow":{"@type":"Flow","@id":"b982e41b-ce2f-42d1-a873-9fc87c9db055","name":"Electricity, from solar, photovoltaic, onsite generation","category":"Intermediate flows/Data Library/Electricity/Technology specific electricity/Onsite generation","flowType":"PRODUCT_FLOW","refUnit":"MJ"}},"product":{"@type":"Flow","@id":"256e6b7f-03da-4cd3-be71-d52bbed20aee","name":"Animal feed from Corn (DDGS)","category":"Intermediate flows/Fuel Pathways/Bioethanol pathway/1- Bioethanol production, at bioethanol plant/Co-products","flowType":"PRODUCT_FLOW","refUnit":"MJ"},"value":0.250245304164933},{"allocationType":"CAUSAL_ALLOCATION","exchange":{"@type":"Exchange","internalId":14,"flow":{"@type":"Flow","@id":"e4f1d08e-29ef-46c1-ac8f-13e54bf007d0","name":"Chemical use per MJ of conventional ethanol","category":"Intermediate flows/Data Library/Chemical Inputs/Predefined chemical mixes","flowType":"PRODUCT_FLOW","refUnit":"MJ"}},"product":{"@type":"Flow","@id":"256e6b7f-03da-4cd3-be71-d52bbed20aee","name":"Animal feed from Corn (DDGS)","category":"Intermediate flows/Fuel Pathways/Bioethanol pathway/1- Bioethanol production, at bioethanol plant/Co-products","flowType":"PRODUCT_FLOW","refUnit":"MJ"},"value":0.250245304164933},{"allocationType":"CAUSAL_ALLOCATION","exchange":{"@type":"Exchange","internalId":14,"flow":{"@type":"Flow","@id":"e4f1d08e-29ef-46c1-ac8f-13e54bf007d0","name":"Chemical use per MJ of conventional ethanol","category":"Intermediate flows/Data Library/Chemical Inputs/Predefined chemical mixes","flowType":"PRODUCT_FLOW","refUnit":"MJ"}},"product":{"@type":"Flow","@id":"184296d2-8a65-4386-9f95-4aea8cf74272","name":"Animal feed from Wheat (WDGS)","category":"Intermediate flows/Fuel Pathways/Bioethanol pathway/1- Bioethanol production, at bioethanol plant/Co-products","flowType":"PRODUCT_FLOW","refUnit":"MJ"},"value":0.0108555369722892},{"allocationType":"PHYSICAL_ALLOCATION","product":{"@type":"Flow","@id":"b031a201-f56c-44d6-b20c-427ac53c9fbe","name":"1- Bioethanol from Wheat (non durum) (Global)","category":"Intermediate flows/Fuel Pathways/Bioethanol pathway/1- Bioethanol production, at bioethanol plant/Bioethanol","flowType":"PRODUCT_FLOW","refUnit":"MJ"},"value":0.0},{"allocationType":"CAUSAL_ALLOCATION","exchange":{"@type":"Exchange","internalId":9,"flow":{"@type":"Flow","@id":"3f8b4007-3253-467a-a5f0-4c45fb6cd234","name":"Wheat (non durum) (Global), at bioethanol plant","category":"Intermediate flows/Fuel Pathways/Bioethanol pathway/Feedstock at bioethanol plant","flowType":"PRODUCT_FLOW","refUnit":"kg"}},"product":{"@type":"Flow","@id":"aae51518-462e-474e-825c-e95851da262c","name":"Animal feed from Wheat (DDGS)","category":"Intermediate flows/Fuel Pathways/Bioethanol pathway/1- Bioethanol production, at bioethanol plant/Co-products","flowType":"PRODUCT_FLOW","refUnit":"MJ"},"value":0.296016418497107},{"allocationType":"CAUSAL_ALLOCATION","exchange":{"@type":"Exchange","internalId":15,"flow":{"@type":"Flow","@id":"3290afc0-8889-4d2a-aa2a-c293475da13c","name":"Electricity, from grid [CA-ON]","category":"Intermediate flows/Data Library/Electricity/Grid electricity/Canadian grid electricity","flowType":"PRODUCT_FLOW","refUnit":"MJ"}},"product":{"@type":"Flow","@id":"184296d2-8a65-4386-9f95-4aea8cf74272","name":"Animal feed from Wheat (WDGS)","category":"Intermediate flows/Fuel Pathways/Bioethanol pathway/1- Bioethanol production, at bioethanol plant/Co-products","flowType":"PRODUCT_FLOW","refUnit":"MJ"},"value":0.0108555369722892},{"allocationType":"CAUSAL_ALLOCATION","exchange":{"@type":"Exchange","internalId":8,"flow":{"@type":"Flow","@id":"86616335-2c33-4bb2-a75e-2f15eb0c2c97","name":"Corn (Global), at bioethanol plant","category":"Intermediate flows/Fuel Pathways/Bioethanol pathway/Feedstock at bioethanol plant","flowType":"PRODUCT_FLOW","refUnit":"kg"}},"product":{"@type":"Flow","@id":"fb55f8fb-fe55-4411-880b-94e35ef97fe2","name":"1- Bioethanol from Corn (Global)","category":"Intermediate flows/Fuel Pathways/Bioethanol pathway/1- Bioethanol production, at bioethanol plant/Bioethanol","flowType":"PRODUCT_FLOW","refUnit":"MJ"},"value":0.633777355976477},{"allocationType":"CAUSAL_ALLOCATION","exchange":{"@type":"Exchange","internalId":9,"flow":{"@type":"Flow","@id":"3f8b4007-3253-467a-a5f0-4c45fb6cd234","name":"Wheat (non durum) (Global), at bioethanol plant","category":"Intermediate flows/Fuel Pathways/Bioethanol pathway/Feedstock at bioethanol plant","flowType":"PRODUCT_FLOW","refUnit":"kg"}},"product":{"@type":"Flow","@id":"5a7e58c6-dc2a-4131-9ce2-6f9e4893c23d","name":"Animal feed from Corn (WDGS)","category":"Intermediate flows/Fuel Pathways/Bioethanol pathway/1- Bioethanol production, at bioethanol plant/Co-products","flowType":"PRODUCT_FLOW","refUnit":"MJ"},"value":0.0},{"allocationType":"CAUSAL_ALLOCATION","exchange":{"@type":"Exchange","internalId":16,"flow":{"@type":"Flow","@id":"b982e41b-ce2f-42d1-a873-9fc87c9db055","name":"Electricity, from solar, photovoltaic, onsite generation","category":"Intermediate flows/Data Library/Electricity/Technology specific electricity/Onsite generation","flowType":"PRODUCT_FLOW","refUnit":"MJ"}},"product":{"@type":"Flow","@id":"184296d2-8a65-4386-9f95-4aea8cf74272","name":"Animal feed from Wheat (WDGS)","category":"Intermediate flows/Fuel Pathways/Bioethanol pathway/1- Bioethanol production, at bioethanol plant/Co-products","flowType":"PRODUCT_FLOW","refUnit":"MJ"},"value":0.0108555369722892},{"allocationType":"ECONOMIC_ALLOCATION","product":{"@type":"Flow","@id":"aae51518-462e-474e-825c-e95851da262c","name":"Animal feed from Wheat (DDGS)","category":"Intermediate flows/Fuel Pathways/Bioethanol pathway/1- Bioethanol production, at bioethanol plant/Co-products","flowType":"PRODUCT_FLOW","refUnit":"MJ"},"value":0.0},{"allocationType":"CAUSAL_ALLOCATION","exchange":{"@type":"Exchange","internalId":17,"flow":{"@type":"Flow","@id":"a11e56fa-452e-481d-82c8-bd4447b5eed6","name":"Natural gas combustion","category":"Intermediate flows/Data Library/Fossil fuels/Combusted fossil fuels","flowType":"PRODUCT_FLOW","refUnit":"MJ"}},"product":{"@type":"Flow","@id":"b031a201-f56c-44d6-b20c-427ac53c9fbe","name":"1- Bioethanol from Wheat (non durum) (Global)","category":"Intermediate flows/Fuel Pathways/Bioethanol pathway/1- Bioethanol production, at bioethanol plant/Bioethanol","flowType":"PRODUCT_FLOW","refUnit":"MJ"},"value":0.0979969150657956},{"allocationType":"PHYSICAL_ALLOCATION","product":{"@type":"Flow","@id":"256e6b7f-03da-4cd3-be71-d52bbed20aee","name":"Animal feed from Corn (DDGS)","category":"Intermediate flows/Fuel Pathways/Bioethanol pathway/1- Bioethanol production, at bioethanol plant/Co-products","flowType":"PRODUCT_FLOW","refUnit":"MJ"},"value":0.0},{"allocationType":"CAUSAL_ALLOCATION","exchange":{"@type":"Exchange","internalId":9,"flow":{"@type":"Flow","@id":"3f8b4007-3253-467a-a5f0-4c45fb6cd234","name":"Wheat (non durum) (Global), at bioethanol plant","category":"Intermediate flows/Fuel Pathways/Bioethanol pathway/Feedstock at bioethanol plant","flowType":"PRODUCT_FLOW","refUnit":"kg"}},"product":{"@type":"Flow","@id":"fb55f8fb-fe55-4411-880b-94e35ef97fe2","name":"1- Bioethanol from Corn (Global)","category":"Intermediate flows/Fuel Pathways/Bioethanol pathway/1- Bioethanol production, at bioethanol plant/Bioethanol","flowType":"PRODUCT_FLOW","refUnit":"MJ"},"value":0.0},{"allocationType":"CAUSAL_ALLOCATION","exchange":{"@type":"Exchange","internalId":17,"flow":{"@type":"Flow","@id":"a11e56fa-452e-481d-82c8-bd4447b5eed6","name":"Natural gas combustion","category":"Intermediate flows/Data Library/Fossil fuels/Combusted fossil fuels","flowType":"PRODUCT_FLOW","refUnit":"MJ"}},"product":{"@type":"Flow","@id":"256e6b7f-03da-4cd3-be71-d52bbed20aee","name":"Animal feed from Corn (DDGS)","category":"Intermediate flows/Fuel Pathways/Bioethanol pathway/1- Bioethanol production, at bioethanol plant/Co-products","flowType":"PRODUCT_FLOW","refUnit":"MJ"},"value":0.250245304164933},{"allocationType":"CAUSAL_ALLOCATION","exchange":{"@type":"Exchange","internalId":8,"flow":{"@type":"Flow","@id":"86616335-2c33-4bb2-a75e-2f15eb0c2c97","name":"Corn (Global), at bioethanol plant","category":"Intermediate flows/Fuel Pathways/Bioethanol pathway/Feedstock at bioethanol plant","flowType":"PRODUCT_FLOW","refUnit":"kg"}},"product":{"@type":"Flow","@id":"256e6b7f-03da-4cd3-be71-d52bbed20aee","name":"Animal feed from Corn (DDGS)","category":"Intermediate flows/Fuel Pathways/Bioethanol pathway/1- Bioethanol production, at bioethanol plant/Co-products","flowType":"PRODUCT_FLOW","refUnit":"MJ"},"value":0.296016418497107},{"allocationType":"ECONOMIC_ALLOCATION","product":{"@type":"Flow","@id":"256e6b7f-03da-4cd3-be71-d52bbed20aee","name":"Animal feed from Corn (DDGS)","category":"Intermediate flows/Fuel Pathways/Bioethanol pathway/1- Bioethanol production, at bioethanol plant/Co-products","flowType":"PRODUCT_FLOW","refUnit":"MJ"},"value":0.0},{"allocationType":"CAUSAL_ALLOCATION","exchange":{"@type":"Exchange","internalId":15,"flow":{"@type":"Flow","@id":"3290afc0-8889-4d2a-aa2a-c293475da13c","name":"Electricity, from grid [CA-ON]","category":"Intermediate flows/Data Library/Electricity/Grid electricity/Canadian grid electricity","flowType":"PRODUCT_FLOW","refUnit":"MJ"}},"product":{"@type":"Flow","@id":"5a7e58c6-dc2a-4131-9ce2-6f9e4893c23d","name":"Animal feed from Corn (WDGS)","category":"Intermediate flows/Fuel Pathways/Bioethanol pathway/1- Bioethanol production, at bioethanol plant/Co-products","flowType":"PRODUCT_FLOW","refUnit":"MJ"},"value":0.0593506885541274},{"allocationType":"CAUSAL_ALLOCATION","exchange":{"@type":"Exchange","internalId":14,"flow":{"@type":"Flow","@id":"e4f1d08e-29ef-46c1-ac8f-13e54bf007d0","name":"Chemical use per MJ of conventional ethanol","category":"Intermediate flows/Data Library/Chemical Inputs/Predefined chemical mixes","flowType":"PRODUCT_FLOW","refUnit":"MJ"}},"product":{"@type":"Flow","@id":"b031a201-f56c-44d6-b20c-427ac53c9fbe","name":"1- Bioethanol from Wheat (non durum) (Global)","category":"Intermediate flows/Fuel Pathways/Bioethanol pathway/1- Bioethanol production, at bioethanol plant/Bioethanol","flowType":"PRODUCT_FLOW","refUnit":"MJ"},"value":0.0979969150657956},{"allocationType":"PHYSICAL_ALLOCATION","product":{"@type":"Flow","@id":"184296d2-8a65-4386-9f95-4aea8cf74272","name":"Animal feed from Wheat (WDGS)","category":"Intermediate flows/Fuel Pathways/Bioethanol pathway/1- Bioethanol production, at bioethanol plant/Co-products","flowType":"PRODUCT_FLOW","refUnit":"MJ"},"value":0.0},{"allocationType":"CAUSAL_ALLOCATION","exchange":{"@type":"Exchange","internalId":17,"flow":{"@type":"Flow","@id":"a11e56fa-452e-481d-82c8-bd4447b5eed6","name":"Natural gas combustion","category":"Intermediate flows/Data Library/Fossil fuels/Combusted fossil fuels","flowType":"PRODUCT_FLOW","refUnit":"MJ"}},"product":{"@type":"Flow","@id":"184296d2-8a65-4386-9f95-4aea8cf74272","name":"Animal feed from Wheat (WDGS)","category":"Intermediate flows/Fuel Pathways/Bioethanol pathway/1- Bioethanol production, at bioethanol plant/Co-products","flowType":"PRODUCT_FLOW","refUnit":"MJ"},"value":0.0108555369722892},{"allocationType":"CAUSAL_ALLOCATION","exchange":{"@type":"Exchange","internalId":8,"flow":{"@type":"Flow","@id":"86616335-2c33-4bb2-a75e-2f15eb0c2c97","name":"Corn (Global), at bioethanol plant","category":"Intermediate flows/Fuel Pathways/Bioethanol pathway/Feedstock at bioethanol plant","flowType":"PRODUCT_FLOW","refUnit":"kg"}},"product":{"@type":"Flow","@id":"b031a201-f56c-44d6-b20c-427ac53c9fbe","name":"1- Bioethanol from Wheat (non durum) (Global)","category":"Intermediate flows/Fuel Pathways/Bioethanol pathway/1- Bioethanol production, at bioethanol plant/Bioethanol","flowType":"PRODUCT_FLOW","refUnit":"MJ"},"value":0.0},{"allocationType":"ECONOMIC_ALLOCATION","product":{"@type":"Flow","@id":"5a7e58c6-dc2a-4131-9ce2-6f9e4893c23d","name":"Animal feed from Corn (WDGS)","category":"Intermediate flows/Fuel Pathways/Bioethanol pathway/1- Bioethanol production, at bioethanol plant/Co-products","flowType":"PRODUCT_FLOW","refUnit":"MJ"},"value":0.0},{"allocationType":"CAUSAL_ALLOCATION","exchange":{"@type":"Exchange","internalId":16,"flow":{"@type":"Flow","@id":"b982e41b-ce2f-42d1-a873-9fc87c9db055","name":"Electricity, from solar, photovoltaic, onsite generation","category":"Intermediate flows/Data Library/Electricity/Technology specific electricity/Onsite generation","flowType":"PRODUCT_FLOW","refUnit":"MJ"}},"product":{"@type":"Flow","@id":"fb55f8fb-fe55-4411-880b-94e35ef97fe2","name":"1- Bioethanol from Corn (Global)","category":"Intermediate flows/Fuel Pathways/Bioethanol pathway/1- Bioethanol production, at bioethanol plant/Bioethanol","flowType":"PRODUCT_FLOW","refUnit":"MJ"},"value":0.535780440910681},{"allocationType":"CAUSAL_ALLOCATION","exchange":{"@type":"Exchange","internalId":8,"flow":{"@type":"Flow","@id":"86616335-2c33-4bb2-a75e-2f15eb0c2c97","name":"Corn (Global), at bioethanol plant","category":"Intermediate flows/Fuel Pathways/Bioethanol pathway/Feedstock at bioethanol plant","flowType":"PRODUCT_FLOW","refUnit":"kg"}},"product":{"@type":"Flow","@id":"aae51518-462e-474e-825c-e95851da262c","name":"Animal feed from Wheat (DDGS)","category":"Intermediate flows/Fuel Pathways/Bioethanol pathway/1- Bioethanol production, at bioethanol plant/Co-products","flowType":"PRODUCT_FLOW","refUnit":"MJ"},"value":0.0},{"allocationType":"CAUSAL_ALLOCATION","exchange":{"@type":"Exchange","internalId":16,"flow":{"@type":"Flow","@id":"b982e41b-ce2f-42d1-a873-9fc87c9db055","name":"Electricity, from solar, photovoltaic, onsite generation","category":"Intermediate flows/Data Library/Electricity/Technology specific electricity/Onsite generation","flowType":"PRODUCT_FLOW","refUnit":"MJ"}},"product":{"@type":"Flow","@id":"aae51518-462e-474e-825c-e95851da262c","name":"Animal feed from Wheat (DDGS)","category":"Intermediate flows/Fuel Pathways/Bioethanol pathway/1- Bioethanol production, at bioethanol plant/Co-products","flowType":"PRODUCT_FLOW","refUnit":"MJ"},"value":0.0457711143321736},{"allocationType":"PHYSICAL_ALLOCATION","product":{"@type":"Flow","@id":"aae51518-462e-474e-825c-e95851da262c","name":"Animal feed from Wheat (DDGS)","category":"Intermediate flows/Fuel Pathways/Bioethanol pathway/1- Bioethanol production, at bioethanol plant/Co-products","flowType":"PRODUCT_FLOW","refUnit":"MJ"},"value":0.0},{"allocationType":"PHYSICAL_ALLOCATION","product":{"@type":"Flow","@id":"fb55f8fb-fe55-4411-880b-94e35ef97fe2","name":"1- Bioethanol from Corn (Global)","category":"Intermediate flows/Fuel Pathways/Bioethanol pathway/1- Bioethanol production, at bioethanol plant/Bioethanol","flowType":"PRODUCT_FLOW","refUnit":"MJ"},"value":0.0},{"allocationType":"CAUSAL_ALLOCATION","exchange":{"@type":"Exchange","internalId":15,"flow":{"@type":"Flow","@id":"3290afc0-8889-4d2a-aa2a-c293475da13c","name":"Electricity, from grid [CA-ON]","category":"Intermediate flows/Data Library/Electricity/Grid electricity/Canadian grid electricity","flowType":"PRODUCT_FLOW","refUnit":"MJ"}},"product":{"@type":"Flow","@id":"aae51518-462e-474e-825c-e95851da262c","name":"Animal feed from Wheat (DDGS)","category":"Intermediate flows/Fuel Pathways/Bioethanol pathway/1- Bioethanol production, at bioethanol plant/Co-products","flowType":"PRODUCT_FLOW","refUnit":"MJ"},"value":0.0457711143321736},{"allocationType":"CAUSAL_ALLOCATION","exchange":{"@type":"Exchange","internalId":15,"flow":{"@type":"Flow","@id":"3290afc0-8889-4d2a-aa2a-c293475da13c","name":"Electricity, from grid [CA-ON]","category":"Intermediate flows/Data Library/Electricity/Grid electricity/Canadian grid electricity","flowType":"PRODUCT_FLOW","refUnit":"MJ"}},"product":{"@type":"Flow","@id":"b031a201-f56c-44d6-b20c-427ac53c9fbe","name":"1- Bioethanol from Wheat (non durum) (Global)","category":"Intermediate flows/Fuel Pathways/Bioethanol pathway/1- Bioethanol production, at bioethanol plant/Bioethanol","flowType":"PRODUCT_FLOW","refUnit":"MJ"},"value":0.0979969150657956},{"allocationType":"CAUSAL_ALLOCATION","exchange":{"@type":"Exchange","internalId":16,"flow":{"@type":"Flow","@id":"b982e41b-ce2f-42d1-a873-9fc87c9db055","name":"Electricity, from solar, photovoltaic, onsite generation","category":"Intermediate flows/Data Library/Electricity/Technology specific electricity/Onsite generation","flowType":"PRODUCT_FLOW","refUnit":"MJ"}},"product":{"@type":"Flow","@id":"b031a201-f56c-44d6-b20c-427ac53c9fbe","name":"1- Bioethanol from Wheat (non durum) (Global)","category":"Intermediate flows/Fuel Pathways/Bioethanol pathway/1- Bioethanol production, at bioethanol plant/Bioethanol","flowType":"PRODUCT_FLOW","refUnit":"MJ"},"value":0.0979969150657956},{"allocationType":"CAUSAL_ALLOCATION","exchange":{"@type":"Exchange","internalId":9,"flow":{"@type":"Flow","@id":"3f8b4007-3253-467a-a5f0-4c45fb6cd234","name":"Wheat (non durum) (Global), at bioethanol plant","category":"Intermediate flows/Fuel Pathways/Bioethanol pathway/Feedstock at bioethanol plant","flowType":"PRODUCT_FLOW","refUnit":"kg"}},"product":{"@type":"Flow","@id":"b031a201-f56c-44d6-b20c-427ac53c9fbe","name":"1- Bioethanol from Wheat (non durum) (Global)","category":"Intermediate flows/Fuel Pathways/Bioethanol pathway/1- Bioethanol production, at bioethanol plant/Bioethanol","flowType":"PRODUCT_FLOW","refUnit":"MJ"},"value":0.633777355976477},{"allocationType":"CAUSAL_ALLOCATION","exchange":{"@type":"Exchange","internalId":14,"flow":{"@type":"Flow","@id":"e4f1d08e-29ef-46c1-ac8f-13e54bf007d0","name":"Chemical use per MJ of conventional ethanol","category":"Intermediate flows/Data Library/Chemical Inputs/Predefined chemical mixes","flowType":"PRODUCT_FLOW","refUnit":"MJ"}},"product":{"@type":"Flow","@id":"5a7e58c6-dc2a-4131-9ce2-6f9e4893c23d","name":"Animal feed from Corn (WDGS)","category":"Intermediate flows/Fuel Pathways/Bioethanol pathway/1- Bioethanol production, at bioethanol plant/Co-products","flowType":"PRODUCT_FLOW","refUnit":"MJ"},"value":0.0593506885541274},{"allocationType":"CAUSAL_ALLOCATION","exchange":{"@type":"Exchange","internalId":17,"flow":{"@type":"Flow","@id":"a11e56fa-452e-481d-82c8-bd4447b5eed6","name":"Natural gas combustion","category":"Intermediate flows/Data Library/Fossil fuels/Combusted fossil fuels","flowType":"PRODUCT_FLOW","refUnit":"MJ"}},"product":{"@type":"Flow","@id":"aae51518-462e-474e-825c-e95851da262c","name":"Animal feed from Wheat (DDGS)","category":"Intermediate flows/Fuel Pathways/Bioethanol pathway/1- Bioethanol production, at bioethanol plant/Co-products","flowType":"PRODUCT_FLOW","refUnit":"MJ"},"value":0.0457711143321736},{"allocationType":"CAUSAL_ALLOCATION","exchange":{"@type":"Exchange","internalId":17,"flow":{"@type":"Flow","@id":"a11e56fa-452e-481d-82c8-bd4447b5eed6","name":"Natural gas combustion","category":"Intermediate flows/Data Library/Fossil fuels/Combusted fossil fuels","flowType":"PRODUCT_FLOW","refUnit":"MJ"}},"product":{"@type":"Flow","@id":"fb55f8fb-fe55-4411-880b-94e35ef97fe2","name":"1- Bioethanol from Corn (Global)","category":"Intermediate flows/Fuel Pathways/Bioethanol pathway/1- Bioethanol production, at bioethanol plant/Bioethanol","flowType":"PRODUCT_FLOW","refUnit":"MJ"},"value":0.535780440910681},{"allocationType":"CAUSAL_ALLOCATION","exchange":{"@type":"Exchange","internalId":14,"flow":{"@type":"Flow","@id":"e4f1d08e-29ef-46c1-ac8f-13e54bf007d0","name":"Chemical use per MJ of conventional ethanol","category":"Intermediate flows/Data Library/Chemical Inputs/Predefined chemical mixes","flowType":"PRODUCT_FLOW","refUnit":"MJ"}},"product":{"@type":"Flow","@id":"aae51518-462e-474e-825c-e95851da262c","name":"Animal feed from Wheat (DDGS)","category":"Intermediate flows/Fuel Pathways/Bioethanol pathway/1- Bioethanol production, at bioethanol plant/Co-products","flowType":"PRODUCT_FLOW","refUnit":"MJ"},"value":0.0457711143321736}]}