{"@type":"Flow","@id":"000ce275-76e3-4e4a-979e-b9b05ba60e01","name":"Electricity, excess to grid [US-IL]","description":"","category":"Intermediate flows/Data Library/Electricity/Excess electricity to grid/American grid electricity","version":"00.00.003","lastChange":"2022-04-14T12:52:46.971Z","flowType":"PRODUCT_FLOW","isInfrastructureFlow":false,"flowProperties":[{"@type":"FlowPropertyFactor","isRefFlowProperty":true,"flowProperty":{"@type":"FlowProperty","@id":"f6811440-ee37-11de-8a39-0800200c9a66","name":"Energy","category":"Technical flow properties","refUnit":"MJ"},"conversionFactor":1.0}]}