{"@type":"Flow","@id":"00a871d0-39eb-422d-bd9c-c1f348a49294","name":"Bituminous coal combustion","description":"","category":"Intermediate flows/Data Library/Fossil fuels/Combusted fossil fuels","version":"00.00.005","lastChange":"2022-04-14T12:52:45.959Z","flowType":"PRODUCT_FLOW","isInfrastructureFlow":false,"flowProperties":[{"@type":"FlowPropertyFactor","isRefFlowProperty":true,"flowProperty":{"@type":"FlowProperty","@id":"f6811440-ee37-11de-8a39-0800200c9a66","name":"Energy","category":"Technical flow properties","refUnit":"MJ"},"conversionFactor":1.0}]}