{"@type":"Flow","@id":"05116b61-ce72-4c1d-98a6-cab408453d12","name":"3- Biodiesel combustion, at end-user","description":"","category":"Intermediate flows/Fuel Pathways/Biodiesel pathway","version":"00.00.032","lastChange":"2022-05-17T12:06:37.311Z","flowType":"PRODUCT_FLOW","isInfrastructureFlow":false,"flowProperties":[{"@type":"FlowPropertyFactor","isRefFlowProperty":true,"flowProperty":{"@type":"FlowProperty","@id":"f6811440-ee37-11de-8a39-0800200c9a66","name":"Energy","category":"Technical flow properties","refUnit":"MJ"},"conversionFactor":1.0}]}