{"@type":"Flow","@id":"062b9583-1d35-48ff-9e30-904f5b9ec14a","name":"Animal fats feedstock transport to renewable hydrocarbon biofuel plant (Low-impact scenario)","description":"","category":"Intermediate flows/Data Library/Transport/Predefined transport scenarios/Feedstock transport","version":"00.00.014","lastChange":"2024-05-31T15:46:55.158Z","flowType":"PRODUCT_FLOW","isInfrastructureFlow":false,"flowProperties":[{"@type":"FlowPropertyFactor","isRefFlowProperty":true,"flowProperty":{"@type":"FlowProperty","@id":"3747a7c9-e423-4d1d-88a2-21d3473660d3","name":"Mass","category":"Technical flow properties","refUnit":"kg"},"conversionFactor":1.0}]}