{"@type":"Flow","@id":"0ae6b6ea-8edd-4dc1-a1cd-ac96df3ef33d","name":"Biochar from Feedstock B","description":"","category":"Intermediate flows/Fuel Pathways/Renewable hydrocarbon biofuel pathway/1- Renewable hydrocarbon biofuel production, at biofuel plant/Co-products","version":"00.00.001","lastChange":"2022-06-21T13:03:09.056Z","flowType":"PRODUCT_FLOW","isInfrastructureFlow":false,"flowProperties":[{"@type":"FlowPropertyFactor","isRefFlowProperty":true,"flowProperty":{"@type":"FlowProperty","@id":"f6811440-ee37-11de-8a39-0800200c9a66","name":"Energy","category":"Technical flow properties","refUnit":"MJ"},"conversionFactor":1.0}]}