{"@type":"Flow","@id":"11d336f9-361f-4557-8b41-368b8fff7ed7","name":"Purchased steam","description":"","category":"Intermediate flows/Data Library/Other energy sources","version":"00.00.007","lastChange":"2022-04-14T12:52:48.979Z","flowType":"PRODUCT_FLOW","isInfrastructureFlow":false,"flowProperties":[{"@type":"FlowPropertyFactor","isRefFlowProperty":true,"flowProperty":{"@type":"FlowProperty","@id":"f6811440-ee37-11de-8a39-0800200c9a66","name":"Energy","category":"Technical flow properties","refUnit":"MJ"},"conversionFactor":1.0}]}