{"@type":"Flow","@id":"1341772a-de91-477a-8d2a-d79d75dc3296","name":"Octafluorooxolane","description":"","category":"Elementary flows/Supplemental emissions to air/Halogenated Alcohols and Ethers","version":"00.00.002","lastChange":"2023-05-18T23:09:09.853Z","flowType":"ELEMENTARY_FLOW","formula":"c-C4F8O","isInfrastructureFlow":false,"flowProperties":[{"@type":"FlowPropertyFactor","isRefFlowProperty":true,"flowProperty":{"@type":"FlowProperty","@id":"3747a7c9-e423-4d1d-88a2-21d3473660d3","name":"Mass","category":"Technical flow properties","refUnit":"kg"},"conversionFactor":1.0}]}