{"@type":"Flow","@id":"13dd3648-ae4b-4532-919e-7228f7bde94f","name":"Feedstock B, at biogas plant","description":"","category":"Intermediate flows/Fuel Pathways/Biogas pathway/Feedstock at biogas plant","version":"00.00.012","lastChange":"2022-05-17T11:55:21.966Z","flowType":"PRODUCT_FLOW","isInfrastructureFlow":false,"flowProperties":[{"@type":"FlowPropertyFactor","isRefFlowProperty":true,"flowProperty":{"@type":"FlowProperty","@id":"3747a7c9-e423-4d1d-88a2-21d3473660d3","name":"Mass","category":"Technical flow properties","refUnit":"kg"},"conversionFactor":1.0}]}