{"@type":"Flow","@id":"13f0bf85-a4f5-4dc0-8a73-ce323f1ad5b4","name":"1- Hydrogen, gaseous, from steam methane reforming, feedstock C (energy)","description":"","category":"Intermediate flows/Fuel Pathways/Hydrogen pathway/Energy basis/1- Hydrogen production, at hydrogen production plant","version":"00.00.018","lastChange":"2024-05-27T19:29:49.296Z","flowType":"PRODUCT_FLOW","isInfrastructureFlow":false,"flowProperties":[{"@type":"FlowPropertyFactor","isRefFlowProperty":true,"flowProperty":{"@type":"FlowProperty","@id":"f6811440-ee37-11de-8a39-0800200c9a66","name":"Energy","category":"Technical flow properties","refUnit":"MJ"},"conversionFactor":1.0}]}