{"@type":"Flow","@id":"14b07c09-4bd1-479c-a598-fb46a37eff8c","name":"Octafluoro-1-butene ","description":"","category":"Elementary flows/Supplemental emissions to air/Fully Fluorinated Species","version":"00.00.002","lastChange":"2023-04-24T23:01:38.456Z","flowType":"ELEMENTARY_FLOW","formula":"CF3CF2CF\u003dCF2 ","isInfrastructureFlow":false,"flowProperties":[{"@type":"FlowPropertyFactor","isRefFlowProperty":true,"flowProperty":{"@type":"FlowProperty","@id":"3747a7c9-e423-4d1d-88a2-21d3473660d3","name":"Mass","category":"Technical flow properties","refUnit":"kg"},"conversionFactor":1.0}]}