{"@type":"Flow","@id":"18fc7088-f18d-4072-b9d1-eea0f1fd3f6b","name":"Sustainable aviation fuel (SAF) combustion, from non-biomass feedstock","description":"","category":"Intermediate flows/Data Library/Combustion emission factors/Combustion from non-biomass feedstock","version":"00.00.005","lastChange":"2022-04-14T12:52:49.014Z","flowType":"PRODUCT_FLOW","isInfrastructureFlow":false,"flowProperties":[{"@type":"FlowPropertyFactor","isRefFlowProperty":true,"flowProperty":{"@type":"FlowProperty","@id":"f6811440-ee37-11de-8a39-0800200c9a66","name":"Energy","category":"Technical flow properties","refUnit":"MJ"},"conversionFactor":1.0}]}