{"@type":"Flow","@id":"1ad82a89-7ca9-4fc0-ae3b-4aae503d662e","name":"Renewable natural gas CI from landfill gas","description":"","category":"Intermediate flows/Fuel Pathways/Renewable natural gas pathway/Renewable natural gas CI","version":"00.00.005","lastChange":"2022-05-17T11:55:22.246Z","flowType":"PRODUCT_FLOW","isInfrastructureFlow":false,"flowProperties":[{"@type":"FlowPropertyFactor","isRefFlowProperty":true,"flowProperty":{"@type":"FlowProperty","@id":"f6811440-ee37-11de-8a39-0800200c9a66","name":"Energy","category":"Technical flow properties","refUnit":"MJ"},"conversionFactor":1.0}]}