{"@type":"Flow","@id":"1c565eea-cdab-4b96-896c-21bf1e94aeea","name":"Hydrogen production, at HPS, used by HPS (AM)","description":"","category":"Intermediate flows/Fuel Pathways/Hydrogen pathway/Mass basis/Hydrogen production, advanced modelling (AM)/A- Hydrogen production, at HPS (AM)","version":"00.00.007","lastChange":"2024-05-28T18:43:59.515Z","flowType":"PRODUCT_FLOW","isInfrastructureFlow":false,"flowProperties":[{"@type":"FlowPropertyFactor","isRefFlowProperty":true,"flowProperty":{"@type":"FlowProperty","@id":"3747a7c9-e423-4d1d-88a2-21d3473660d3","name":"Mass","category":"Technical flow properties","refUnit":"kg"},"conversionFactor":1.0}]}