{"@type":"Flow","@id":"1f3ca56c-7237-4102-af60-e2562371329c","name":"Decamethyltetrasiloxane ","description":"","category":"Elementary flows/Supplemental emissions to air/Miscellaneous Compounds","version":"00.00.002","lastChange":"2023-05-18T23:05:19.898Z","flowType":"ELEMENTARY_FLOW","formula":"C10H30O3Si4 ","isInfrastructureFlow":false,"flowProperties":[{"@type":"FlowPropertyFactor","isRefFlowProperty":true,"flowProperty":{"@type":"FlowProperty","@id":"3747a7c9-e423-4d1d-88a2-21d3473660d3","name":"Mass","category":"Technical flow properties","refUnit":"kg"},"conversionFactor":1.0}]}