{"@type":"Flow","@id":"1fd0096e-0d2c-4293-b872-e2329d34acaf","name":"2- Hydrogen distribution, to end-user","description":"","category":"Intermediate flows/Fuel Pathways/Hydrogen pathway/Energy basis","version":"00.00.013","lastChange":"2024-05-27T19:29:49.429Z","flowType":"PRODUCT_FLOW","isInfrastructureFlow":false,"flowProperties":[{"@type":"FlowPropertyFactor","isRefFlowProperty":true,"flowProperty":{"@type":"FlowProperty","@id":"f6811440-ee37-11de-8a39-0800200c9a66","name":"Energy","category":"Technical flow properties","refUnit":"MJ"},"conversionFactor":1.0}]}