{"@type":"Flow","@id":"20e208ab-816c-4478-915f-82a89a6f3106","name":"Co-products, from sawmill [CA-East]","description":"","category":"Intermediate flows/Data Library/Feedstocks/Wood fibre","version":"00.00.008","lastChange":"2024-05-31T18:55:02.116Z","flowType":"PRODUCT_FLOW","isInfrastructureFlow":false,"flowProperties":[{"@type":"FlowPropertyFactor","isRefFlowProperty":true,"flowProperty":{"@type":"FlowProperty","@id":"3747a7c9-e423-4d1d-88a2-21d3473660d3","name":"Mass","category":"Technical flow properties","refUnit":"kg"},"conversionFactor":1.0}]}