{"@type":"Flow","@id":"222feec4-4374-48e9-8b2e-21e345933d38","name":"Aviation fuel, at end user","description":"","category":"Intermediate flows/Data Library/Fossil fuels/Non-combusted fossil fuels, at end user","version":"00.00.007","lastChange":"2022-05-31T14:41:03.972Z","flowType":"PRODUCT_FLOW","isInfrastructureFlow":false,"flowProperties":[{"@type":"FlowPropertyFactor","isRefFlowProperty":true,"flowProperty":{"@type":"FlowProperty","@id":"f6811440-ee37-11de-8a39-0800200c9a66","name":"Energy","category":"Technical flow properties","refUnit":"MJ"},"conversionFactor":1.0}]}