{"@type":"Flow","@id":"23861af3-14da-4ebb-a8a0-6f4dd2ea22af","name":"Pipeline transport, of hydrogen, injected in natural gas pipeline","description":"","category":"Intermediate flows/Data Library/Transport/Hydrogen transport","version":"00.00.008","lastChange":"2024-05-21T12:50:19.158Z","flowType":"PRODUCT_FLOW","isInfrastructureFlow":false,"flowProperties":[{"@type":"FlowPropertyFactor","isRefFlowProperty":true,"flowProperty":{"@type":"FlowProperty","@id":"838aaa20-0117-11db-92e3-0800200c9a66","name":"Goods transport (mass*length)","category":"Technical flow properties","refUnit":"t*km"},"conversionFactor":1.0}]}