{"@type":"Flow","@id":"25baa008-032e-43df-a24c-37f0e0d8356d","name":"Hydrogen distribution to end-user, hydrogen injection in natural gas pipeline","description":"","category":"Intermediate flows/Data Library/Transport/Predefined transport scenarios/LCIF distribution/Gaseous LCIF distribution","version":"00.00.008","lastChange":"2024-06-21T16:44:50.253Z","flowType":"PRODUCT_FLOW","isInfrastructureFlow":false,"flowProperties":[{"@type":"FlowPropertyFactor","isRefFlowProperty":true,"flowProperty":{"@type":"FlowProperty","@id":"f6811440-ee37-11de-8a39-0800200c9a66","name":"Energy","category":"Technical flow properties","refUnit":"MJ"},"conversionFactor":1.0}]}