{"@type":"Flow","@id":"261ba644-706e-4d6f-9af4-2602f712b9bd","name":"Fuel input, C, at hydrogen product system","description":"","category":"Intermediate flows/Fuel Pathways/Hydrogen pathway/Mass basis/Fuel input, at hydrogen product system","version":"00.00.007","lastChange":"2024-06-04T14:30:20.073Z","flowType":"PRODUCT_FLOW","isInfrastructureFlow":false,"flowProperties":[{"@type":"FlowPropertyFactor","isRefFlowProperty":true,"flowProperty":{"@type":"FlowProperty","@id":"f6811440-ee37-11de-8a39-0800200c9a66","name":"Energy","category":"Technical flow properties","refUnit":"MJ"},"conversionFactor":1.0}]}