{"@type":"Flow","@id":"2a4015c8-24da-47c5-9cc2-b47afc437913","name":"Electricity, excess, to grid [CA-SK]","description":"","category":"Intermediate flows/Data Library/Electricity/Excess electricity to grid/Canadian grid electricity","version":"00.00.003","lastChange":"2022-04-14T12:52:46.901Z","flowType":"PRODUCT_FLOW","isInfrastructureFlow":false,"flowProperties":[{"@type":"FlowPropertyFactor","isRefFlowProperty":true,"flowProperty":{"@type":"FlowProperty","@id":"f6811440-ee37-11de-8a39-0800200c9a66","name":"Energy","category":"Technical flow properties","refUnit":"MJ"},"conversionFactor":1.0}]}