{"@type":"Flow","@id":"2d217a27-15c2-4830-a81c-967f8132d7b9","name":"Truck transport, of LNG","description":"","category":"Intermediate flows/Data Library/Transport/Natural gas transport","version":"00.00.002","lastChange":"2024-01-31T13:43:12.641Z","flowType":"PRODUCT_FLOW","isInfrastructureFlow":false,"flowProperties":[{"@type":"FlowPropertyFactor","isRefFlowProperty":true,"flowProperty":{"@type":"FlowProperty","@id":"838aaa20-0117-11db-92e3-0800200c9a66","name":"Goods transport (mass*length)","category":"Technical flow properties","refUnit":"t*km"},"conversionFactor":1.0}]}