{"@type":"Flow","@id":"30905616-1631-41f8-8bee-14b0bbd2bb6a","name":"E- Electricity, average supply mix, at HPS (AM)","description":"","category":"Intermediate flows/Fuel Pathways/Hydrogen pathway/Mass basis/Hydrogen production, advanced modelling (AM)","version":"00.00.006","lastChange":"2024-05-28T18:43:59.546Z","flowType":"PRODUCT_FLOW","isInfrastructureFlow":false,"flowProperties":[{"@type":"FlowPropertyFactor","isRefFlowProperty":true,"flowProperty":{"@type":"FlowProperty","@id":"f6811440-ee37-11de-8a39-0800200c9a66","name":"Energy","category":"Technical flow properties","refUnit":"MJ"},"conversionFactor":1.0}]}