{"@type":"Flow","@id":"30fbd865-05d2-4867-9643-770b5cb9d0ae","name":"Feedstock A, at RNG plant","description":"","category":"Intermediate flows/Fuel Pathways/Renewable natural gas pathway/Feedstock at RNG plant","version":"00.00.006","lastChange":"2022-05-17T11:55:22.223Z","flowType":"PRODUCT_FLOW","isInfrastructureFlow":false,"flowProperties":[{"@type":"FlowPropertyFactor","isRefFlowProperty":true,"flowProperty":{"@type":"FlowProperty","@id":"3747a7c9-e423-4d1d-88a2-21d3473660d3","name":"Mass","category":"Technical flow properties","refUnit":"kg"},"conversionFactor":1.0}]}