{"@type":"Flow","@id":"314f0145-71cb-4637-9caf-42e113200c58","name":"Vegetable oil feedstock transport to renewable hydrocarbon biofuel plant (High-impact scenario)","description":"","category":"Intermediate flows/Data Library/Transport/Predefined transport scenarios/Feedstock transport","version":"00.00.009","lastChange":"2024-05-31T15:46:55.170Z","flowType":"PRODUCT_FLOW","isInfrastructureFlow":false,"flowProperties":[{"@type":"FlowPropertyFactor","isRefFlowProperty":true,"flowProperty":{"@type":"FlowProperty","@id":"3747a7c9-e423-4d1d-88a2-21d3473660d3","name":"Mass","category":"Technical flow properties","refUnit":"kg"},"conversionFactor":1.0}]}