{"@type":"Flow","@id":"32aa0481-195d-4a71-87f4-d5136925d6a9","name":"Electricity, dummy, to be replaced","description":"","category":"Intermediate flows/Fuel Pathways/Configurable processes","version":"00.00.003","lastChange":"2022-04-14T12:53:09.676Z","flowType":"PRODUCT_FLOW","isInfrastructureFlow":false,"flowProperties":[{"@type":"FlowPropertyFactor","isRefFlowProperty":true,"flowProperty":{"@type":"FlowProperty","@id":"f6811440-ee37-11de-8a39-0800200c9a66","name":"Energy","category":"Technical flow properties","refUnit":"MJ"},"conversionFactor":1.0}]}