{"@type":"Flow","@id":"350e5945-d8be-4ea9-8108-878d2415055c","name":"Natural gas distribution, to end-user","description":"","category":"Intermediate flows/Data Library/Transport/Predefined transport scenarios/Fossil fuel distribution","version":"00.00.007","lastChange":"2024-05-31T15:46:55.178Z","flowType":"PRODUCT_FLOW","isInfrastructureFlow":false,"flowProperties":[{"@type":"FlowPropertyFactor","isRefFlowProperty":true,"flowProperty":{"@type":"FlowProperty","@id":"f6811440-ee37-11de-8a39-0800200c9a66","name":"Energy","category":"Technical flow properties","refUnit":"MJ"},"conversionFactor":1.0}]}