{"@type":"Flow","@id":"35603e53-61c6-478f-8f3d-c11f387be23a","name":"3- Renewable natural gas combustion, at end-user","description":"","category":"Intermediate flows/Fuel Pathways/Renewable natural gas pathway","version":"00.00.009","lastChange":"2022-05-17T11:55:22.268Z","flowType":"PRODUCT_FLOW","isInfrastructureFlow":false,"flowProperties":[{"@type":"FlowPropertyFactor","isRefFlowProperty":true,"flowProperty":{"@type":"FlowProperty","@id":"f6811440-ee37-11de-8a39-0800200c9a66","name":"Energy","category":"Technical flow properties","refUnit":"MJ"},"conversionFactor":1.0}]}