{"@type":"Flow","@id":"3717aaf0-028f-4541-af8c-59df2dcf075a","name":"Electricity use for electrolysis","description":"","category":"Intermediate flows/Fuel Pathways/Hydrogen pathway/Energy basis/Other inputs for hydrogen production","version":"00.00.007","lastChange":"2024-05-27T19:29:49.425Z","flowType":"PRODUCT_FLOW","isInfrastructureFlow":false,"flowProperties":[{"@type":"FlowPropertyFactor","isRefFlowProperty":true,"flowProperty":{"@type":"FlowProperty","@id":"f6811440-ee37-11de-8a39-0800200c9a66","name":"Energy","category":"Technical flow properties","refUnit":"MJ"},"conversionFactor":1.0}]}