{"@type":"Flow","@id":"38c7f03f-32cc-4bec-91f6-92a800b4b032","name":"Wood fibre feedstock transport to hydrogen plant (High-impact scenario)","description":"","category":"Intermediate flows/Data Library/Transport/Predefined transport scenarios/Feedstock transport","version":"00.00.016","lastChange":"2024-05-31T15:46:55.096Z","flowType":"PRODUCT_FLOW","isInfrastructureFlow":false,"flowProperties":[{"@type":"FlowPropertyFactor","isRefFlowProperty":true,"flowProperty":{"@type":"FlowProperty","@id":"3747a7c9-e423-4d1d-88a2-21d3473660d3","name":"Mass","category":"Technical flow properties","refUnit":"kg"},"conversionFactor":1.0}]}