{"@type":"Flow","@id":"3b5dedea-b350-45fb-b41b-38f0e47472c3","name":"Heavy fuel oil combustion","description":"","category":"Intermediate flows/Data Library/Fossil fuels/Combusted fossil fuels","version":"00.00.004","lastChange":"2022-04-14T12:52:45.977Z","flowType":"PRODUCT_FLOW","isInfrastructureFlow":false,"flowProperties":[{"@type":"FlowPropertyFactor","isRefFlowProperty":true,"flowProperty":{"@type":"FlowProperty","@id":"f6811440-ee37-11de-8a39-0800200c9a66","name":"Energy","category":"Technical flow properties","refUnit":"MJ"},"conversionFactor":1.0}]}