{"@type":"Flow","@id":"3d08ce2a-dbaf-4c6d-bd0b-ecbabb16b7c0","name":"1 - Fuel production","description":"","category":"Intermediate flows/Fuel Pathways/For vehicles/Gaseous fuel for vehicles","version":"00.00.006","lastChange":"2022-06-02T15:14:38.887Z","flowType":"PRODUCT_FLOW","isInfrastructureFlow":false,"flowProperties":[{"@type":"FlowPropertyFactor","isRefFlowProperty":true,"flowProperty":{"@type":"FlowProperty","@id":"f6811440-ee37-11de-8a39-0800200c9a66","name":"Energy","category":"Technical flow properties","refUnit":"MJ"},"conversionFactor":1.0}]}