{"@type":"Flow","@id":"3dfb1e14-7883-4c87-a8dd-df07676b5c6e","name":"Renewable natural gas CI from anaerobic digestion of Feedstock B","description":"","category":"Intermediate flows/Fuel Pathways/Renewable natural gas pathway/Renewable natural gas CI","version":"00.00.010","lastChange":"2022-05-17T11:55:22.253Z","flowType":"PRODUCT_FLOW","isInfrastructureFlow":false,"flowProperties":[{"@type":"FlowPropertyFactor","isRefFlowProperty":true,"flowProperty":{"@type":"FlowProperty","@id":"f6811440-ee37-11de-8a39-0800200c9a66","name":"Energy","category":"Technical flow properties","refUnit":"MJ"},"conversionFactor":1.0}]}