{"@type":"Flow","@id":"3f0977de-d670-42a3-90c1-a12a47e0c3ce","name":"Oil, from oilseed, Extracted at Processor, configurable C","description":"","category":"Intermediate flows/Fuel Pathways/Configurable processes/Oil, from oilseed","version":"00.00.002","lastChange":"2024-05-08T18:38:11.699Z","flowType":"PRODUCT_FLOW","isInfrastructureFlow":false,"flowProperties":[{"@type":"FlowPropertyFactor","isRefFlowProperty":true,"flowProperty":{"@type":"FlowProperty","@id":"3747a7c9-e423-4d1d-88a2-21d3473660d3","name":"Mass","category":"Technical flow properties","refUnit":"kg"},"conversionFactor":1.0}]}