{"@type":"Flow","@id":"3f8b4007-3253-467a-a5f0-4c45fb6cd234","name":"Feedstock B, at bioethanol plant","description":"","category":"Intermediate flows/Fuel Pathways/Bioethanol pathway/Feedstock at bioethanol plant","version":"00.00.036","lastChange":"2022-05-17T11:55:21.899Z","flowType":"PRODUCT_FLOW","isInfrastructureFlow":false,"flowProperties":[{"@type":"FlowPropertyFactor","isRefFlowProperty":true,"flowProperty":{"@type":"FlowProperty","@id":"3747a7c9-e423-4d1d-88a2-21d3473660d3","name":"Mass","category":"Technical flow properties","refUnit":"kg"},"conversionFactor":1.0}]}