{"@type":"Flow","@id":"3fe68d47-aa91-40f1-87d7-331fe895cc32","name":"Bromoethane ","description":"","category":"Elementary flows/Supplemental emissions to air/Bromocarbons, Hydrobromocarbons and Halons","version":"00.00.001","lastChange":"2023-03-27T23:47:58.935Z","flowType":"ELEMENTARY_FLOW","formula":"CH3CH2Br ","isInfrastructureFlow":false,"flowProperties":[{"@type":"FlowPropertyFactor","isRefFlowProperty":true,"flowProperty":{"@type":"FlowProperty","@id":"3747a7c9-e423-4d1d-88a2-21d3473660d3","name":"Mass","category":"Technical flow properties","refUnit":"kg"},"conversionFactor":1.0}]}