{"@type":"Flow","@id":"4445568c-b4b2-4f64-8774-44d1f0267c55","name":"HFO-1336mzz(E) ","description":"","category":"Elementary flows/Supplemental emissions to air/Hydrofluorocarbons","version":"00.00.001","lastChange":"2023-03-27T23:27:58.969Z","flowType":"ELEMENTARY_FLOW","formula":"(E)-CF3CH\u003dCHCF3 ","isInfrastructureFlow":false,"flowProperties":[{"@type":"FlowPropertyFactor","isRefFlowProperty":true,"flowProperty":{"@type":"FlowProperty","@id":"3747a7c9-e423-4d1d-88a2-21d3473660d3","name":"Mass","category":"Technical flow properties","refUnit":"kg"},"conversionFactor":1.0}]}