{"@type":"Flow","@id":"4870e0b0-1c2c-49a1-92ef-d59c9c034d83","name":"Electricity, excess to grid [US-IA]","description":"","category":"Intermediate flows/Data Library/Electricity/Excess electricity to grid/American grid electricity","version":"00.00.003","lastChange":"2022-04-14T12:52:46.959Z","flowType":"PRODUCT_FLOW","isInfrastructureFlow":false,"flowProperties":[{"@type":"FlowPropertyFactor","isRefFlowProperty":true,"flowProperty":{"@type":"FlowProperty","@id":"f6811440-ee37-11de-8a39-0800200c9a66","name":"Energy","category":"Technical flow properties","refUnit":"MJ"},"conversionFactor":1.0}]}