{"@type":"Flow","@id":"4a014a1e-8f9d-4fb0-917f-843c7ebb4216","name":"Hydrogen CI, from reforming of biomass derived syngas, feedstock B (mass)","description":"","category":"Intermediate flows/Fuel Pathways/Hydrogen pathway/Energy basis/Hydrogen CI","version":"00.00.015","lastChange":"2024-05-27T19:29:49.384Z","flowType":"PRODUCT_FLOW","isInfrastructureFlow":false,"flowProperties":[{"@type":"FlowPropertyFactor","isRefFlowProperty":true,"flowProperty":{"@type":"FlowProperty","@id":"f6811440-ee37-11de-8a39-0800200c9a66","name":"Energy","category":"Technical flow properties","refUnit":"MJ"},"conversionFactor":1.0}]}