{"@type":"Flow","@id":"4a08c8ef-6c13-49de-9755-b0f11ee76909","name":"1,1,2,3,4,4-hexafluorobuta-1,3-diene ","description":"","category":"Elementary flows/Supplemental emissions to air/Fully Fluorinated Species","version":"00.00.003","lastChange":"2023-05-18T22:14:00.891Z","flowType":"ELEMENTARY_FLOW","formula":"CF2\u003dCFCF\u003dCF2 ","isInfrastructureFlow":false,"flowProperties":[{"@type":"FlowPropertyFactor","isRefFlowProperty":true,"flowProperty":{"@type":"FlowProperty","@id":"3747a7c9-e423-4d1d-88a2-21d3473660d3","name":"Mass","category":"Technical flow properties","refUnit":"kg"},"conversionFactor":1.0}]}