{"@type":"Flow","@id":"4a63f0d9-a8ac-482e-b620-60f0e090f3ae","name":"Free fatty acids from Feedstock A","description":"","category":"Intermediate flows/Fuel Pathways/Biodiesel pathway/1- Biodiesel production, at biodiesel plant/Co-products","version":"00.00.005","lastChange":"2022-04-14T12:52:49.107Z","flowType":"PRODUCT_FLOW","isInfrastructureFlow":false,"flowProperties":[{"@type":"FlowPropertyFactor","isRefFlowProperty":true,"flowProperty":{"@type":"FlowProperty","@id":"f6811440-ee37-11de-8a39-0800200c9a66","name":"Energy","category":"Technical flow properties","refUnit":"MJ"},"conversionFactor":1.0}]}