{"@type":"Flow","@id":"4b09dd76-d8ba-11ea-87d0-0242ac130003","name":"CFC-11","category":"Elementary flows/Supplemental emissions to air/Chlorofluorocarbons","version":"00.00.002","lastChange":"2020-08-31T14:48:48.067Z","flowType":"ELEMENTARY_FLOW","formula":"CCl3F","isInfrastructureFlow":false,"flowProperties":[{"@type":"FlowPropertyFactor","isRefFlowProperty":true,"flowProperty":{"@type":"FlowProperty","@id":"3747a7c9-e423-4d1d-88a2-21d3473660d3","name":"Mass","category":"Technical flow properties","refUnit":"kg"},"conversionFactor":1.0}]}