{"@type":"Flow","@id":"4b09f630-d8ba-11ea-87d0-0242ac130003","name":"(e)-1-chloro-3,3,3-trifluoroprop-1-ene","category":"Elementary flows/Supplemental emissions to air/Hydrochlorofluorocarbons","version":"00.00.002","lastChange":"2024-04-19T16:44:39.121Z","flowType":"ELEMENTARY_FLOW","formula":"trans-CF3CH\u003dCHCl","isInfrastructureFlow":false,"flowProperties":[{"@type":"FlowPropertyFactor","isRefFlowProperty":true,"flowProperty":{"@type":"FlowProperty","@id":"3747a7c9-e423-4d1d-88a2-21d3473660d3","name":"Mass","category":"Technical flow properties","refUnit":"kg"},"conversionFactor":1.0}]}