{"@type":"Flow","@id":"4b0a400e-d8ba-11ea-87d0-0242ac130003","name":"Perfluoropentane (PFC-41-12)","category":"Elementary flows/Supplemental emissions to air/Fully Fluorinated Species","version":"00.00.002","lastChange":"2024-04-19T15:05:16.175Z","flowType":"ELEMENTARY_FLOW","formula":"n-C5F12","isInfrastructureFlow":false,"flowProperties":[{"@type":"FlowPropertyFactor","isRefFlowProperty":true,"flowProperty":{"@type":"FlowProperty","@id":"3747a7c9-e423-4d1d-88a2-21d3473660d3","name":"Mass","category":"Technical flow properties","refUnit":"kg"},"conversionFactor":1.0}]}