{"@type":"Flow","@id":"4b0a603e-d8ba-11ea-87d0-0242ac130003","name":"Sevoflurane (HFE-347mmz1)","category":"Elementary flows/Supplemental emissions to air/Halogenated Alcohols and Ethers","version":"00.00.001","lastChange":"2020-08-31T14:48:48.748Z","flowType":"ELEMENTARY_FLOW","formula":"(CF3)2CHOCH2F","isInfrastructureFlow":false,"flowProperties":[{"@type":"FlowPropertyFactor","isRefFlowProperty":true,"flowProperty":{"@type":"FlowProperty","@id":"3747a7c9-e423-4d1d-88a2-21d3473660d3","name":"Mass","category":"Technical flow properties","refUnit":"kg"},"conversionFactor":1.0}]}