{"@type":"Flow","@id":"4b0a6ef8-d8ba-11ea-87d0-0242ac130003","name":"2,2,3,3,4,4,5,5-Octafluorocyclopentanol","category":"Elementary flows/Supplemental emissions to air/Halogenated Alcohols and Ethers","version":"00.00.001","lastChange":"2020-08-31T14:48:48.827Z","flowType":"ELEMENTARY_FLOW","formula":"-(CF2)4CH(OH)-","isInfrastructureFlow":false,"flowProperties":[{"@type":"FlowPropertyFactor","isRefFlowProperty":true,"flowProperty":{"@type":"FlowProperty","@id":"3747a7c9-e423-4d1d-88a2-21d3473660d3","name":"Mass","category":"Technical flow properties","refUnit":"kg"},"conversionFactor":1.0}]}