{"@type":"Flow","@id":"515ed2c8-4eca-48a7-9e34-05cf26be6740","name":"UCO and yellow grease feedstock transport to renewable hydrocarbon biofuel plant (Low-impact scenario)","description":"","category":"Intermediate flows/Data Library/Transport/Predefined transport scenarios/Feedstock transport","version":"00.00.009","lastChange":"2024-06-25T19:39:20.773Z","flowType":"PRODUCT_FLOW","isInfrastructureFlow":false,"flowProperties":[{"@type":"FlowPropertyFactor","isRefFlowProperty":true,"flowProperty":{"@type":"FlowProperty","@id":"3747a7c9-e423-4d1d-88a2-21d3473660d3","name":"Mass","category":"Technical flow properties","refUnit":"kg"},"conversionFactor":1.0}]}