{"@type":"Flow","@id":"5218d1bb-c2d4-4fee-8f62-2905b5118a06","name":"1- Renewable propane from Feedstock B","description":"","category":"Intermediate flows/Fuel Pathways/Renewable hydrocarbon biofuel pathway/1- Renewable hydrocarbon biofuel production, at biofuel plant/Renewable hydrocarbon biofuels","version":"00.00.002","lastChange":"2022-05-17T11:55:22.095Z","flowType":"PRODUCT_FLOW","isInfrastructureFlow":false,"flowProperties":[{"@type":"FlowPropertyFactor","isRefFlowProperty":true,"flowProperty":{"@type":"FlowProperty","@id":"f6811440-ee37-11de-8a39-0800200c9a66","name":"Energy","category":"Technical flow properties","refUnit":"MJ"},"conversionFactor":1.0}]}