{"@type":"Flow","@id":"57b02899-1f99-4c94-bdbe-a27c08e43d0e","name":"Landfill gas, at RNG plant","description":"","category":"Intermediate flows/Fuel Pathways/Renewable natural gas pathway/Feedstock at RNG plant","version":"00.00.003","lastChange":"2022-05-17T11:55:22.220Z","flowType":"PRODUCT_FLOW","isInfrastructureFlow":false,"flowProperties":[{"@type":"FlowPropertyFactor","isRefFlowProperty":true,"flowProperty":{"@type":"FlowProperty","@id":"f6811440-ee37-11de-8a39-0800200c9a66","name":"Energy","category":"Technical flow properties","refUnit":"MJ"},"conversionFactor":1.0}]}