{"@type":"Flow","@id":"57c4a5c0-699f-4ea5-9354-8733ee4db67e","name":"1,1,1-trifluoropropan-2-one","description":"","category":"Elementary flows/Supplemental emissions to air/Halogenated Alcohols and Ethers","version":"00.00.002","lastChange":"2023-05-18T22:14:34.451Z","flowType":"ELEMENTARY_FLOW","formula":"CF3COCH3 ","isInfrastructureFlow":false,"flowProperties":[{"@type":"FlowPropertyFactor","isRefFlowProperty":true,"flowProperty":{"@type":"FlowProperty","@id":"3747a7c9-e423-4d1d-88a2-21d3473660d3","name":"Mass","category":"Technical flow properties","refUnit":"kg"},"conversionFactor":1.0}]}