{"@type":"Flow","@id":"59a1d039-aa91-4bfb-8826-570a5b84a62e","name":"Electricity, excess to grid [US-CT]","description":"","category":"Intermediate flows/Data Library/Electricity/Excess electricity to grid/American grid electricity","version":"00.00.003","lastChange":"2022-04-14T12:52:46.940Z","flowType":"PRODUCT_FLOW","isInfrastructureFlow":false,"flowProperties":[{"@type":"FlowPropertyFactor","isRefFlowProperty":true,"flowProperty":{"@type":"FlowProperty","@id":"f6811440-ee37-11de-8a39-0800200c9a66","name":"Energy","category":"Technical flow properties","refUnit":"MJ"},"conversionFactor":1.0}]}