{"@type":"Flow","@id":"5c483b6e-e510-4ef2-be3b-252b8422d881","name":"Electricity, from diesel, offsite generation","description":"","category":"Intermediate flows/Data Library/Electricity/Technology specific electricity/Offsite generation","version":"00.00.004","lastChange":"2022-04-14T12:52:46.432Z","flowType":"PRODUCT_FLOW","isInfrastructureFlow":false,"flowProperties":[{"@type":"FlowPropertyFactor","isRefFlowProperty":true,"flowProperty":{"@type":"FlowProperty","@id":"f6811440-ee37-11de-8a39-0800200c9a66","name":"Energy","category":"Technical flow properties","refUnit":"MJ"},"conversionFactor":1.0}]}