{"@type":"Flow","@id":"5eb4bcb2-2e3d-4859-be93-6be33607c1dc","name":"Oil, from oilseed, Extracted at Processor, configurable B","description":"","category":"Intermediate flows/Fuel Pathways/Configurable processes/Oil, from oilseed","version":"00.00.002","lastChange":"2024-05-08T18:38:11.605Z","flowType":"PRODUCT_FLOW","isInfrastructureFlow":false,"flowProperties":[{"@type":"FlowPropertyFactor","isRefFlowProperty":true,"flowProperty":{"@type":"FlowProperty","@id":"3747a7c9-e423-4d1d-88a2-21d3473660d3","name":"Mass","category":"Technical flow properties","refUnit":"kg"},"conversionFactor":1.0}]}