{"@type":"Flow","@id":"5f76addd-e993-4584-bf60-9de989298bc6","name":"Direct emissions, digester leakage, per MJ of RNG","description":"","category":"Intermediate flows/Fuel Pathways/Renewable natural gas pathway/Other inputs for RNG production","version":"00.00.003","lastChange":"2024-07-29T21:21:10.980Z","flowType":"PRODUCT_FLOW","isInfrastructureFlow":false,"flowProperties":[{"@type":"FlowPropertyFactor","isRefFlowProperty":true,"flowProperty":{"@type":"FlowProperty","@id":"f6811440-ee37-11de-8a39-0800200c9a66","name":"Energy","category":"Technical flow properties","refUnit":"MJ"},"conversionFactor":1.0}]}