{"@type":"Flow","@id":"602b53cd-8b1f-4148-913c-4b74303e8f24","name":"1- Renewable diesel from Feedstock A","description":"","category":"Intermediate flows/Fuel Pathways/Renewable hydrocarbon biofuel pathway/1- Renewable hydrocarbon biofuel production, at biofuel plant/Renewable hydrocarbon biofuels","version":"00.00.007","lastChange":"2022-05-17T11:55:22.070Z","flowType":"PRODUCT_FLOW","isInfrastructureFlow":false,"flowProperties":[{"@type":"FlowPropertyFactor","isRefFlowProperty":true,"flowProperty":{"@type":"FlowProperty","@id":"f6811440-ee37-11de-8a39-0800200c9a66","name":"Energy","category":"Technical flow properties","refUnit":"MJ"},"conversionFactor":1.0}]}