{"@type":"Flow","@id":"610ff77e-8716-4e8b-8154-d8cd70ff1dce","name":"Renewable gasoline CI from Feedstock B","description":"","category":"Intermediate flows/Fuel Pathways/Renewable hydrocarbon biofuel pathway/Renewable hydrocarbon biofuel CI","version":"00.00.003","lastChange":"2022-05-17T11:55:22.123Z","flowType":"PRODUCT_FLOW","isInfrastructureFlow":false,"flowProperties":[{"@type":"FlowPropertyFactor","isRefFlowProperty":true,"flowProperty":{"@type":"FlowProperty","@id":"f6811440-ee37-11de-8a39-0800200c9a66","name":"Energy","category":"Technical flow properties","refUnit":"MJ"},"conversionFactor":1.0}]}