{"@type":"Flow","@id":"643406f2-6d07-4a5f-9082-ec2b97580fdb","name":"3,3,3-trifluoropropan-1-ol ","description":"","category":"Elementary flows/Supplemental emissions to air/Halogenated Alcohols and Ethers","version":"00.00.002","lastChange":"2023-05-18T22:46:45.621Z","flowType":"ELEMENTARY_FLOW","formula":"CF3CH2CH2OH ","isInfrastructureFlow":false,"flowProperties":[{"@type":"FlowPropertyFactor","isRefFlowProperty":true,"flowProperty":{"@type":"FlowProperty","@id":"3747a7c9-e423-4d1d-88a2-21d3473660d3","name":"Mass","category":"Technical flow properties","refUnit":"kg"},"conversionFactor":1.0}]}