{"@type":"Flow","@id":"646b18a2-8025-4bbf-b514-ba98c0302af6","name":"Corn steep liquor","description":"","category":"Intermediate flows/Data Library/Chemical Inputs/Chemicals","version":"00.00.007","lastChange":"2022-04-14T12:52:46.242Z","flowType":"PRODUCT_FLOW","isInfrastructureFlow":false,"flowProperties":[{"@type":"FlowPropertyFactor","isRefFlowProperty":true,"flowProperty":{"@type":"FlowProperty","@id":"3747a7c9-e423-4d1d-88a2-21d3473660d3","name":"Mass","category":"Technical flow properties","refUnit":"kg"},"conversionFactor":1.0}]}