{"@type":"Flow","@id":"667f85ce-aa3c-4682-b8e7-074da8d5c956","name":"Electricity, from grid [CA-PE]","description":"","category":"Intermediate flows/Data Library/Electricity/Grid electricity/Canadian grid electricity","version":"00.00.006","lastChange":"2022-04-14T12:52:46.468Z","flowType":"PRODUCT_FLOW","isInfrastructureFlow":false,"flowProperties":[{"@type":"FlowPropertyFactor","isRefFlowProperty":true,"flowProperty":{"@type":"FlowProperty","@id":"f6811440-ee37-11de-8a39-0800200c9a66","name":"Energy","category":"Technical flow properties","refUnit":"MJ"},"conversionFactor":1.0}]}