{"@type":"Flow","@id":"66ac58cc-1569-47b2-9283-0c3ea02a255c","name":"2- Renewable gasoline distribution, to end-user","description":"","category":"Intermediate flows/Fuel Pathways/Renewable hydrocarbon biofuel pathway/2- Renewable hydrocarbon biofuel distribution, to end-user","version":"00.00.006","lastChange":"2022-05-17T12:15:24.024Z","flowType":"PRODUCT_FLOW","isInfrastructureFlow":false,"flowProperties":[{"@type":"FlowPropertyFactor","isRefFlowProperty":true,"flowProperty":{"@type":"FlowProperty","@id":"f6811440-ee37-11de-8a39-0800200c9a66","name":"Energy","category":"Technical flow properties","refUnit":"MJ"},"conversionFactor":1.0}]}