{"@type":"Flow","@id":"69be13ca-d11a-4544-b4ff-d8e72285f941","name":"1,1,2,2,3,3-hexafluorocyclopentane ","description":"","category":"Elementary flows/Supplemental emissions to air/Hydrofluorocarbons","version":"00.00.002","lastChange":"2023-05-18T22:31:46.693Z","flowType":"ELEMENTARY_FLOW","formula":"cyc (-CF2CF2CF2CH2CH2-) ","isInfrastructureFlow":false,"flowProperties":[{"@type":"FlowPropertyFactor","isRefFlowProperty":true,"flowProperty":{"@type":"FlowProperty","@id":"3747a7c9-e423-4d1d-88a2-21d3473660d3","name":"Mass","category":"Technical flow properties","refUnit":"kg"},"conversionFactor":1.0}]}