{"@type":"Flow","@id":"6f344334-0942-4654-9334-eea8492cbbd1","name":"1- Hydrogen, gaseous, from reforming of biomass derived syngas, feedstock A (mass)","description":"","category":"Intermediate flows/Fuel Pathways/Hydrogen pathway/Energy basis/1- Hydrogen production, at hydrogen production plant","version":"00.00.018","lastChange":"2024-05-27T19:29:49.309Z","flowType":"PRODUCT_FLOW","isInfrastructureFlow":false,"flowProperties":[{"@type":"FlowPropertyFactor","isRefFlowProperty":true,"flowProperty":{"@type":"FlowProperty","@id":"f6811440-ee37-11de-8a39-0800200c9a66","name":"Energy","category":"Technical flow properties","refUnit":"MJ"},"conversionFactor":1.0}]}