{"@type":"Flow","@id":"6f693f81-6ed6-4503-83dc-dad4f985207b","name":"(4s,5s)-1,1,2,2,3,3,4,5-octafluorocyclopentane ","description":"","category":"Elementary flows/Supplemental emissions to air/Hydrofluorocarbons","version":"00.00.002","lastChange":"2023-05-18T22:31:07.058Z","flowType":"ELEMENTARY_FLOW","formula":"trans-cyc (-CF2CF2CF2CHFCHF-) ","isInfrastructureFlow":false,"flowProperties":[{"@type":"FlowPropertyFactor","isRefFlowProperty":true,"flowProperty":{"@type":"FlowProperty","@id":"3747a7c9-e423-4d1d-88a2-21d3473660d3","name":"Mass","category":"Technical flow properties","refUnit":"kg"},"conversionFactor":1.0}]}