{"@type":"Flow","@id":"71589883-56da-46e9-8dda-29f18e6f7ce5","name":"Propane ","description":"","category":"Elementary flows/Supplemental emissions to air/Miscellaneous Compounds","version":"00.00.001","lastChange":"2023-03-28T01:27:53.806Z","flowType":"ELEMENTARY_FLOW","formula":"C3H8 ","isInfrastructureFlow":false,"flowProperties":[{"@type":"FlowPropertyFactor","isRefFlowProperty":true,"flowProperty":{"@type":"FlowProperty","@id":"3747a7c9-e423-4d1d-88a2-21d3473660d3","name":"Mass","category":"Technical flow properties","refUnit":"kg"},"conversionFactor":1.0}]}