{"@type":"Flow","@id":"73119295-e3d9-449f-a62b-be81c367b921","name":"Fuel input, B, at hydrogen product system","description":"","category":"Intermediate flows/Fuel Pathways/Hydrogen pathway/Mass basis/Fuel input, at hydrogen product system","version":"00.00.006","lastChange":"2024-06-04T14:30:12.520Z","flowType":"PRODUCT_FLOW","isInfrastructureFlow":false,"flowProperties":[{"@type":"FlowPropertyFactor","isRefFlowProperty":true,"flowProperty":{"@type":"FlowProperty","@id":"f6811440-ee37-11de-8a39-0800200c9a66","name":"Energy","category":"Technical flow properties","refUnit":"MJ"},"conversionFactor":1.0}]}