{"@type":"Flow","@id":"7640fc5a-1189-488b-9c40-48d205e3c39f","name":"HFO-1141","description":"","category":"Elementary flows/Supplemental emissions to air/Hydrofluorocarbons","version":"00.00.001","lastChange":"2023-03-27T23:18:54.349Z","flowType":"ELEMENTARY_FLOW","formula":"CH2\u003dCHF ","isInfrastructureFlow":false,"flowProperties":[{"@type":"FlowPropertyFactor","isRefFlowProperty":true,"flowProperty":{"@type":"FlowProperty","@id":"3747a7c9-e423-4d1d-88a2-21d3473660d3","name":"Mass","category":"Technical flow properties","refUnit":"kg"},"conversionFactor":1.0}]}