{"@type":"Flow","@id":"79493961-5010-4e8b-b646-9bcfe695816a","name":"Methane (CH4), fossil","category":"Elementary flows/Emission to air","version":"00.00.004","lastChange":"2021-07-12T13:39:23.963Z","flowType":"ELEMENTARY_FLOW","cas":"000074-82-8","formula":"CH4","isInfrastructureFlow":false,"flowProperties":[{"@type":"FlowPropertyFactor","isRefFlowProperty":true,"flowProperty":{"@type":"FlowProperty","@id":"3747a7c9-e423-4d1d-88a2-21d3473660d3","name":"Mass","category":"Technical flow properties","refUnit":"kg"},"conversionFactor":1.0}]}