{"@type":"Flow","@id":"796a23ea-2355-4521-9f52-a7c2048fb0b2","name":"Pipeline transport, of renewable propane, dedicated pipeline, including flaring emissions","description":"","category":"Intermediate flows/Data Library/Transport/Propane transport","version":"00.00.003","lastChange":"2024-01-31T13:43:12.351Z","flowType":"PRODUCT_FLOW","isInfrastructureFlow":false,"flowProperties":[{"@type":"FlowPropertyFactor","isRefFlowProperty":true,"flowProperty":{"@type":"FlowProperty","@id":"838aaa20-0117-11db-92e3-0800200c9a66","name":"Goods transport (mass*length)","category":"Technical flow properties","refUnit":"t*km"},"conversionFactor":1.0}]}