{"@type":"Flow","@id":"7b4b0d57-6394-4369-b572-75c004ad5a5c","name":"HFO-1132a","description":"","category":"Elementary flows/Supplemental emissions to air/Hydrofluorocarbons","version":"00.00.001","lastChange":"2023-03-27T23:17:59.172Z","flowType":"ELEMENTARY_FLOW","formula":"CH2\u003dCF2","isInfrastructureFlow":false,"flowProperties":[{"@type":"FlowPropertyFactor","isRefFlowProperty":true,"flowProperty":{"@type":"FlowProperty","@id":"3747a7c9-e423-4d1d-88a2-21d3473660d3","name":"Mass","category":"Technical flow properties","refUnit":"kg"},"conversionFactor":1.0}]}