{"@type":"Flow","@id":"80061105-7ca5-46a2-a55c-8e97c17d3909","name":"Diesel combustion","description":"","category":"Intermediate flows/Data Library/Fossil fuels/Combusted fossil fuels","version":"00.00.004","lastChange":"2022-04-14T12:52:45.968Z","flowType":"PRODUCT_FLOW","isInfrastructureFlow":false,"flowProperties":[{"@type":"FlowPropertyFactor","isRefFlowProperty":true,"flowProperty":{"@type":"FlowProperty","@id":"f6811440-ee37-11de-8a39-0800200c9a66","name":"Energy","category":"Technical flow properties","refUnit":"MJ"},"conversionFactor":1.0}]}