{"@type":"Flow","@id":"80d1efab-5170-449b-9738-0c97ba4c87c6","name":"UCO and yellow grease feedstock transport to renewable hydrocarbon biofuel plant (High-impact scenario)","description":"","category":"Intermediate flows/Data Library/Transport/Predefined transport scenarios/Feedstock transport","version":"00.00.009","lastChange":"2024-06-25T19:39:20.857Z","flowType":"PRODUCT_FLOW","isInfrastructureFlow":false,"flowProperties":[{"@type":"FlowPropertyFactor","isRefFlowProperty":true,"flowProperty":{"@type":"FlowProperty","@id":"3747a7c9-e423-4d1d-88a2-21d3473660d3","name":"Mass","category":"Technical flow properties","refUnit":"kg"},"conversionFactor":1.0}]}