{"@type":"Flow","@id":"8419aeab-715e-42d3-b5ac-e2f47e389496","name":"Ammonium nitrate (NH4NO3)","description":"","category":"Intermediate flows/Data Library/Chemical Inputs/Chemicals","version":"00.00.004","lastChange":"2023-12-13T15:18:18.314Z","flowType":"PRODUCT_FLOW","isInfrastructureFlow":false,"flowProperties":[{"@type":"FlowPropertyFactor","isRefFlowProperty":true,"flowProperty":{"@type":"FlowProperty","@id":"3747a7c9-e423-4d1d-88a2-21d3473660d3","name":"Mass","category":"Technical flow properties","refUnit":"kg"},"conversionFactor":1.0}]}