{"@type":"Flow","@id":"84e9e565-4da4-4399-a285-920db4b30dbe","name":"Renewable natural gas combustion, from non-biomass feedstock","description":"","category":"Intermediate flows/Data Library/Combustion emission factors/Combustion from non-biomass feedstock","version":"00.00.011","lastChange":"2022-04-14T12:52:48.992Z","flowType":"PRODUCT_FLOW","isInfrastructureFlow":false,"flowProperties":[{"@type":"FlowPropertyFactor","isRefFlowProperty":true,"flowProperty":{"@type":"FlowProperty","@id":"f6811440-ee37-11de-8a39-0800200c9a66","name":"Energy","category":"Technical flow properties","refUnit":"MJ"},"conversionFactor":1.0}]}