{"@type":"Flow","@id":"85445fb8-b913-4a4e-a79a-dde74ad3e4c1","name":"Halon-1011 ","description":"","category":"Elementary flows/Supplemental emissions to air/Bromocarbons, Hydrobromocarbons and Halons","version":"00.00.001","lastChange":"2023-03-27T23:47:41.431Z","flowType":"ELEMENTARY_FLOW","formula":"CH2BrCl ","isInfrastructureFlow":false,"flowProperties":[{"@type":"FlowPropertyFactor","isRefFlowProperty":true,"flowProperty":{"@type":"FlowProperty","@id":"3747a7c9-e423-4d1d-88a2-21d3473660d3","name":"Mass","category":"Technical flow properties","refUnit":"kg"},"conversionFactor":1.0}]}