{"@type":"Flow","@id":"87076e53-73f8-4ee0-8110-193416e86c3f","name":"3- Renewable naphtha combustion, at end-user","description":"","category":"Intermediate flows/Fuel Pathways/Renewable hydrocarbon biofuel pathway/3- Renewable hydrocarbon biofuel combustion, at end-user","version":"00.00.003","lastChange":"2022-05-17T11:55:22.186Z","flowType":"PRODUCT_FLOW","isInfrastructureFlow":false,"flowProperties":[{"@type":"FlowPropertyFactor","isRefFlowProperty":true,"flowProperty":{"@type":"FlowProperty","@id":"f6811440-ee37-11de-8a39-0800200c9a66","name":"Energy","category":"Technical flow properties","refUnit":"MJ"},"conversionFactor":1.0}]}