{"@type":"Flow","@id":"870988d3-f54c-484f-93d8-9a80ab7f0415","name":"Feedstock A, at hydrogen product system","description":"","category":"Intermediate flows/Fuel Pathways/Hydrogen pathway/Mass basis/Feedstock, at hydrogen product system","version":"00.00.008","lastChange":"2024-05-28T18:43:59.562Z","flowType":"PRODUCT_FLOW","isInfrastructureFlow":false,"flowProperties":[{"@type":"FlowPropertyFactor","isRefFlowProperty":true,"flowProperty":{"@type":"FlowProperty","@id":"f6811440-ee37-11de-8a39-0800200c9a66","name":"Energy","category":"Technical flow properties","refUnit":"MJ"},"conversionFactor":1.0}]}