{"@type":"Flow","@id":"89d4c464-f895-4f54-b2ae-a7862c336bc0","name":"Process emissions, SMR of natural gas, per MJ hydrogen","description":"","category":"Intermediate flows/Fuel Pathways/Hydrogen pathway/Energy basis/Other inputs for hydrogen production","version":"00.00.012","lastChange":"2024-05-27T19:29:49.413Z","flowType":"PRODUCT_FLOW","isInfrastructureFlow":false,"flowProperties":[{"@type":"FlowPropertyFactor","isRefFlowProperty":true,"flowProperty":{"@type":"FlowProperty","@id":"f6811440-ee37-11de-8a39-0800200c9a66","name":"Energy","category":"Technical flow properties","refUnit":"MJ"},"conversionFactor":1.0}]}