{"@type":"Flow","@id":"8b32ead9-7ffa-40e8-96c3-84f77f9c8877","name":"2-fluoroethanol","description":"","category":"Elementary flows/Supplemental emissions to air/Halogenated Alcohols and Ethers","version":"00.00.001","lastChange":"2023-03-28T01:05:51.126Z","flowType":"ELEMENTARY_FLOW","formula":"CH2FCH2OH ","isInfrastructureFlow":false,"flowProperties":[{"@type":"FlowPropertyFactor","isRefFlowProperty":true,"flowProperty":{"@type":"FlowProperty","@id":"3747a7c9-e423-4d1d-88a2-21d3473660d3","name":"Mass","category":"Technical flow properties","refUnit":"kg"},"conversionFactor":1.0}]}