{"@type":"Flow","@id":"8dc02649-34f2-47b0-9f6b-efc3c3adedad","name":"Oxygen, gaseous, from cryogenic air separation, configurable A","description":"","category":"Intermediate flows/Fuel Pathways/Configurable processes/Oxygen","version":"00.00.004","lastChange":"2024-05-28T18:15:11.867Z","flowType":"PRODUCT_FLOW","isInfrastructureFlow":false,"flowProperties":[{"@type":"FlowPropertyFactor","isRefFlowProperty":true,"flowProperty":{"@type":"FlowProperty","@id":"3747a7c9-e423-4d1d-88a2-21d3473660d3","name":"Mass","category":"Technical flow properties","refUnit":"kg"},"conversionFactor":1.0}]}