{"@type":"Flow","@id":"8f483478-6255-4fba-ba56-ab186bfeb71c","name":"Distillation bottoms from Feedstock C","description":"","category":"Intermediate flows/Fuel Pathways/Biodiesel pathway/1- Biodiesel production, at biodiesel plant/Co-products","version":"00.00.002","lastChange":"2022-04-14T12:52:49.143Z","flowType":"PRODUCT_FLOW","isInfrastructureFlow":false,"flowProperties":[{"@type":"FlowPropertyFactor","isRefFlowProperty":true,"flowProperty":{"@type":"FlowProperty","@id":"f6811440-ee37-11de-8a39-0800200c9a66","name":"Energy","category":"Technical flow properties","refUnit":"MJ"},"conversionFactor":1.0}]}