{"@type":"Flow","@id":"8f6e76d3-edb2-4682-b0c9-c85b08c94b91","name":"2-bromopropane ","description":"","category":"Elementary flows/Supplemental emissions to air/Bromocarbons, Hydrobromocarbons and Halons","version":"00.00.001","lastChange":"2023-03-27T23:48:40.175Z","flowType":"ELEMENTARY_FLOW","formula":"CH3CHBrCH3 ","isInfrastructureFlow":false,"flowProperties":[{"@type":"FlowPropertyFactor","isRefFlowProperty":true,"flowProperty":{"@type":"FlowProperty","@id":"3747a7c9-e423-4d1d-88a2-21d3473660d3","name":"Mass","category":"Technical flow properties","refUnit":"kg"},"conversionFactor":1.0}]}