{"@type":"Flow","@id":"92842166-8dba-4267-8860-de37a0636aa1","name":"CFC-112","description":"CFC-112\r\n","category":"Elementary flows/Supplemental emissions to air/Chlorofluorocarbons","version":"00.00.000","lastChange":"2023-01-31T03:12:36.624Z","flowType":"ELEMENTARY_FLOW","isInfrastructureFlow":false,"flowProperties":[{"@type":"FlowPropertyFactor","isRefFlowProperty":true,"flowProperty":{"@type":"FlowProperty","@id":"3747a7c9-e423-4d1d-88a2-21d3473660d3","name":"Mass","category":"Technical flow properties","refUnit":"kg"},"conversionFactor":1.0}]}