{"@type":"Flow","@id":"95c2175a-6932-4170-93c8-11871e026e33","name":"Renewable natural gas CI from anaerobic digestion of Feedstock A","description":"","category":"Intermediate flows/Fuel Pathways/Renewable natural gas pathway/Renewable natural gas CI","version":"00.00.010","lastChange":"2022-05-17T11:55:22.247Z","flowType":"PRODUCT_FLOW","isInfrastructureFlow":false,"flowProperties":[{"@type":"FlowPropertyFactor","isRefFlowProperty":true,"flowProperty":{"@type":"FlowProperty","@id":"f6811440-ee37-11de-8a39-0800200c9a66","name":"Energy","category":"Technical flow properties","refUnit":"MJ"},"conversionFactor":1.0}]}