{"@type":"Flow","@id":"965299f5-6f58-4fb2-a244-1214a39b6fe3","name":"1- Hydrogen, gaseous, from electrolysis","description":"","category":"Intermediate flows/Fuel Pathways/Hydrogen pathway/Energy basis/1- Hydrogen production, at hydrogen production plant","version":"00.00.021","lastChange":"2024-05-27T19:29:49.302Z","flowType":"PRODUCT_FLOW","isInfrastructureFlow":false,"flowProperties":[{"@type":"FlowPropertyFactor","isRefFlowProperty":true,"flowProperty":{"@type":"FlowProperty","@id":"f6811440-ee37-11de-8a39-0800200c9a66","name":"Energy","category":"Technical flow properties","refUnit":"MJ"},"conversionFactor":1.0}]}