{"@type":"Flow","@id":"99431148-5c9f-4467-89bd-a29a2dcf7e5c","name":"HFO-1447fz ","description":"","category":"Elementary flows/Supplemental emissions to air/Hydrofluorocarbons","version":"00.00.001","lastChange":"2023-03-27T23:27:36.516Z","flowType":"ELEMENTARY_FLOW","formula":"CF3(CF2)2CH\u003dCH2 ","isInfrastructureFlow":false,"flowProperties":[{"@type":"FlowPropertyFactor","isRefFlowProperty":true,"flowProperty":{"@type":"FlowProperty","@id":"3747a7c9-e423-4d1d-88a2-21d3473660d3","name":"Mass","category":"Technical flow properties","refUnit":"kg"},"conversionFactor":1.0}]}