{"@type":"Flow","@id":"9a521e51-44ff-49a8-a175-46239c70cda3","name":"Generic waste, biogenic (energy)","description":"","category":"Intermediate flows/Data Library/Feedstocks/Waste","version":"00.00.003","lastChange":"2024-05-31T18:55:02.242Z","flowType":"PRODUCT_FLOW","isInfrastructureFlow":false,"flowProperties":[{"@type":"FlowPropertyFactor","isRefFlowProperty":true,"flowProperty":{"@type":"FlowProperty","@id":"f6811440-ee37-11de-8a39-0800200c9a66","name":"Energy","category":"Technical flow properties","refUnit":"MJ"},"conversionFactor":1.0}]}