{"@type":"Flow","@id":"9b8acaba-7704-43fd-8ff2-4c238da5d4f5","name":"Electricity, excess to grid [US-NC]","description":"","category":"Intermediate flows/Data Library/Electricity/Excess electricity to grid/American grid electricity","version":"00.00.003","lastChange":"2022-04-14T12:52:47.038Z","flowType":"PRODUCT_FLOW","isInfrastructureFlow":false,"flowProperties":[{"@type":"FlowPropertyFactor","isRefFlowProperty":true,"flowProperty":{"@type":"FlowProperty","@id":"f6811440-ee37-11de-8a39-0800200c9a66","name":"Energy","category":"Technical flow properties","refUnit":"MJ"},"conversionFactor":1.0}]}