{"@type":"Flow","@id":"9bb96907-a411-46a4-a890-28f015fee401","name":"1- Biodiesel from Feedstock C","description":"Applicants must replace “Feedstock C” in the name of the flow with the name of the corresponding feedstock generated in the Data workbook.","category":"Intermediate flows/Fuel Pathways/Biodiesel pathway/1- Biodiesel production, at biodiesel plant/Biodiesel","version":"00.00.012","lastChange":"2022-05-20T14:42:57.013Z","flowType":"PRODUCT_FLOW","isInfrastructureFlow":false,"flowProperties":[{"@type":"FlowPropertyFactor","isRefFlowProperty":true,"flowProperty":{"@type":"FlowProperty","@id":"f6811440-ee37-11de-8a39-0800200c9a66","name":"Energy","category":"Technical flow properties","refUnit":"MJ"},"conversionFactor":1.0}]}