{"@type":"Flow","@id":"9c637be6-0d48-4e6d-a932-725393e3a944","name":"2-chloropropane ","description":"","category":"Elementary flows/Supplemental emissions to air/Chlorocarbons and Hydrochlorocarbons","version":"00.00.001","lastChange":"2023-03-27T23:42:36.032Z","flowType":"ELEMENTARY_FLOW","formula":"CH3CHClCH3 ","isInfrastructureFlow":false,"flowProperties":[{"@type":"FlowPropertyFactor","isRefFlowProperty":true,"flowProperty":{"@type":"FlowProperty","@id":"3747a7c9-e423-4d1d-88a2-21d3473660d3","name":"Mass","category":"Technical flow properties","refUnit":"kg"},"conversionFactor":1.0}]}