{"@type":"Flow","@id":"9cbb4260-8800-45ee-a894-3458eb285d20","name":"1- RNG from anaerobic digestion of Feedstock B","description":"","category":"Intermediate flows/Fuel Pathways/Renewable natural gas pathway/1- Renewable natural gas production, at RNG plant","version":"00.00.010","lastChange":"2022-06-21T12:44:19.548Z","flowType":"PRODUCT_FLOW","isInfrastructureFlow":false,"flowProperties":[{"@type":"FlowPropertyFactor","isRefFlowProperty":true,"flowProperty":{"@type":"FlowProperty","@id":"f6811440-ee37-11de-8a39-0800200c9a66","name":"Energy","category":"Technical flow properties","refUnit":"MJ"},"conversionFactor":1.0}]}