{"@type":"Flow","@id":"9db2cd46-bb78-4aff-a9fd-6dd64f516979","name":"Direct emissions, digestate storage, per MJ of biogas","description":"","category":"Intermediate flows/Fuel Pathways/Biogas pathway/Other inputs for biogas production","version":"00.00.003","lastChange":"2024-07-29T21:15:49.618Z","flowType":"PRODUCT_FLOW","isInfrastructureFlow":false,"flowProperties":[{"@type":"FlowPropertyFactor","isRefFlowProperty":true,"flowProperty":{"@type":"FlowProperty","@id":"f6811440-ee37-11de-8a39-0800200c9a66","name":"Energy","category":"Technical flow properties","refUnit":"MJ"},"conversionFactor":1.0}]}