{"@type":"Flow","@id":"9dfd8bc9-4860-4338-b936-ed5a996649b0","name":"Biogas CI from anaerobic digestion of Feedstock A","description":"","category":"Intermediate flows/Fuel Pathways/Biogas pathway/Biogas CI","version":"00.00.013","lastChange":"2022-05-17T11:55:21.953Z","flowType":"PRODUCT_FLOW","isInfrastructureFlow":false,"flowProperties":[{"@type":"FlowPropertyFactor","isRefFlowProperty":true,"flowProperty":{"@type":"FlowProperty","@id":"f6811440-ee37-11de-8a39-0800200c9a66","name":"Energy","category":"Technical flow properties","refUnit":"MJ"},"conversionFactor":1.0}]}