{"@type":"Flow","@id":"9f78b1fe-9455-4f21-850b-04b3642a6773","name":"Pipeline transport, of RNG, dedicated pipeline","description":"","category":"Intermediate flows/Data Library/Transport/Natural gas transport","version":"00.00.006","lastChange":"2024-01-31T13:43:12.635Z","flowType":"PRODUCT_FLOW","isInfrastructureFlow":false,"flowProperties":[{"@type":"FlowPropertyFactor","isRefFlowProperty":true,"flowProperty":{"@type":"FlowProperty","@id":"838aaa20-0117-11db-92e3-0800200c9a66","name":"Goods transport (mass*length)","category":"Technical flow properties","refUnit":"t*km"},"conversionFactor":1.0}]}