{"@type":"Flow","@id":"9fb331db-5112-4397-a12e-d4ffc3b50f36","name":"Bioethanol CI from Feedstock A","description":"","category":"Intermediate flows/Fuel Pathways/Bioethanol pathway/Bioethanol CI","version":"00.00.028","lastChange":"2022-05-17T11:55:21.905Z","flowType":"PRODUCT_FLOW","isInfrastructureFlow":false,"flowProperties":[{"@type":"FlowPropertyFactor","isRefFlowProperty":true,"flowProperty":{"@type":"FlowProperty","@id":"f6811440-ee37-11de-8a39-0800200c9a66","name":"Energy","category":"Technical flow properties","refUnit":"MJ"},"conversionFactor":1.0}]}