{"@type":"Flow","@id":"a01f4664-a988-4a49-be87-74ba23742854","name":"2,2,3,3,4,4,5,5-octafluorooxolane","description":"Octafluorooxolane\r\nCAS: 773-14-8\r\n","category":"Elementary flows/Supplemental emissions to air/Halogenated Alcohols and Ethers","version":"00.00.000","lastChange":"2023-02-07T23:45:13.665Z","flowType":"ELEMENTARY_FLOW","isInfrastructureFlow":false,"flowProperties":[{"@type":"FlowPropertyFactor","isRefFlowProperty":true,"flowProperty":{"@type":"FlowProperty","@id":"3747a7c9-e423-4d1d-88a2-21d3473660d3","name":"Mass","category":"Technical flow properties","refUnit":"kg"},"conversionFactor":1.0}]}