{"@type":"Flow","@id":"a08ae72a-e343-4aa5-9726-9297d4505b9c","name":"Natural gas, at fuel production gate","description":"","category":"Intermediate flows/Data Library/Fossil fuels/Non-combusted fossil fuels, at production gate","version":"00.00.006","lastChange":"2022-04-14T12:52:46.126Z","flowType":"PRODUCT_FLOW","isInfrastructureFlow":false,"flowProperties":[{"@type":"FlowPropertyFactor","isRefFlowProperty":true,"flowProperty":{"@type":"FlowProperty","@id":"f6811440-ee37-11de-8a39-0800200c9a66","name":"Energy","category":"Technical flow properties","refUnit":"MJ"},"conversionFactor":1.0}]}