{"@type":"Flow","@id":"a11e56fa-452e-481d-82c8-bd4447b5eed6","name":"Natural gas combustion","description":"","category":"Intermediate flows/Data Library/Fossil fuels/Combusted fossil fuels","version":"00.00.004","lastChange":"2022-04-14T12:52:46Z","flowType":"PRODUCT_FLOW","isInfrastructureFlow":false,"flowProperties":[{"@type":"FlowPropertyFactor","isRefFlowProperty":true,"flowProperty":{"@type":"FlowProperty","@id":"f6811440-ee37-11de-8a39-0800200c9a66","name":"Energy","category":"Technical flow properties","refUnit":"MJ"},"conversionFactor":1.0}]}