{"@type":"Flow","@id":"a21f63ef-cb44-49ec-b387-b0f875374b19","name":"HFO-1345zfc ","description":"","category":"Elementary flows/Supplemental emissions to air/Hydrofluorocarbons","version":"00.00.001","lastChange":"2023-03-27T23:27:54.478Z","flowType":"ELEMENTARY_FLOW","formula":"CF3CF2CH\u003dCH2 ","isInfrastructureFlow":false,"flowProperties":[{"@type":"FlowPropertyFactor","isRefFlowProperty":true,"flowProperty":{"@type":"FlowProperty","@id":"3747a7c9-e423-4d1d-88a2-21d3473660d3","name":"Mass","category":"Technical flow properties","refUnit":"kg"},"conversionFactor":1.0}]}