{"@type":"Flow","@id":"a374a6db-c55e-4afa-ad7c-0680ff88ade9","name":"3,3,4,4,5,5,6,6,6-nonafluorohex-1-ene","description":"","category":"Elementary flows/Supplemental emissions to air/Hydrofluorocarbons","version":"00.00.003","lastChange":"2023-04-24T22:36:25.691Z","flowType":"ELEMENTARY_FLOW","formula":"n-C4F9CH\u003dCH2 ","isInfrastructureFlow":false,"flowProperties":[{"@type":"FlowPropertyFactor","isRefFlowProperty":true,"flowProperty":{"@type":"FlowProperty","@id":"3747a7c9-e423-4d1d-88a2-21d3473660d3","name":"Mass","category":"Technical flow properties","refUnit":"kg"},"conversionFactor":1.0}]}