{"@type":"Flow","@id":"a4bf2eb5-6c79-4ecd-89c5-ebb88646d3b5","name":"Feedstock C, at bioethanol plant","description":"","category":"Intermediate flows/Fuel Pathways/Bioethanol pathway/Feedstock at bioethanol plant","version":"00.00.035","lastChange":"2022-05-17T11:55:21.902Z","flowType":"PRODUCT_FLOW","isInfrastructureFlow":false,"flowProperties":[{"@type":"FlowPropertyFactor","isRefFlowProperty":true,"flowProperty":{"@type":"FlowProperty","@id":"3747a7c9-e423-4d1d-88a2-21d3473660d3","name":"Mass","category":"Technical flow properties","refUnit":"kg"},"conversionFactor":1.0}]}