{"@type":"Flow","@id":"a5c58c0f-1fd5-4288-adb7-1cec39a3a6e0","name":"HG-04","description":"CAS: 173350-38-4\r\n","category":"Elementary flows/Supplemental emissions to air/Halogenated Alcohols and Ethers","version":"00.00.000","lastChange":"2023-02-07T23:42:29.745Z","flowType":"ELEMENTARY_FLOW","isInfrastructureFlow":false,"flowProperties":[{"@type":"FlowPropertyFactor","isRefFlowProperty":true,"flowProperty":{"@type":"FlowProperty","@id":"3747a7c9-e423-4d1d-88a2-21d3473660d3","name":"Mass","category":"Technical flow properties","refUnit":"kg"},"conversionFactor":1.0}]}