{"@type":"Flow","@id":"a7027220-6479-448b-9940-4efcf5cc4563","name":"Biogas combustion","description":"","category":"Intermediate flows/Data Library/Combustion emission factors/Combustion from biomass feedstock","version":"00.00.007","lastChange":"2022-04-14T12:52:49.059Z","flowType":"PRODUCT_FLOW","isInfrastructureFlow":false,"flowProperties":[{"@type":"FlowPropertyFactor","isRefFlowProperty":true,"flowProperty":{"@type":"FlowProperty","@id":"f6811440-ee37-11de-8a39-0800200c9a66","name":"Energy","category":"Technical flow properties","refUnit":"MJ"},"conversionFactor":1.0}]}