{"@type":"Flow","@id":"a7ae4a60-710e-40cb-adc8-b84c9af21bd1","name":"Wood chips, from unmerchantable logs, roadside chipping [CA]","description":"","category":"Intermediate flows/Data Library/Feedstocks/Wood fibre","version":"00.00.007","lastChange":"2024-05-31T18:55:02.132Z","flowType":"PRODUCT_FLOW","isInfrastructureFlow":false,"flowProperties":[{"@type":"FlowPropertyFactor","isRefFlowProperty":true,"flowProperty":{"@type":"FlowProperty","@id":"3747a7c9-e423-4d1d-88a2-21d3473660d3","name":"Mass","category":"Technical flow properties","refUnit":"kg"},"conversionFactor":1.0}]}