{"@type":"Flow","@id":"a9de3658-c60a-44ab-8584-64f8b5d32fc2","name":"Ship transport","description":"","category":"Intermediate flows/Data Library/Transport/Generic transport","version":"00.00.004","lastChange":"2024-06-21T16:46:10.777Z","flowType":"PRODUCT_FLOW","isInfrastructureFlow":false,"flowProperties":[{"@type":"FlowPropertyFactor","isRefFlowProperty":true,"flowProperty":{"@type":"FlowProperty","@id":"838aaa20-0117-11db-92e3-0800200c9a66","name":"Goods transport (mass*length)","category":"Technical flow properties","refUnit":"t*km"},"conversionFactor":1.0}]}