{"@type":"Flow","@id":"a9fd2ece-d20e-4607-8c3e-f1f389eeb46f","name":"Agricultural residue feedstock transport to hydrogen plant (Low-impact scenario)","description":"","category":"Intermediate flows/Data Library/Transport/Predefined transport scenarios/Feedstock transport","version":"00.00.013","lastChange":"2024-05-31T15:46:55.112Z","flowType":"PRODUCT_FLOW","isInfrastructureFlow":false,"flowProperties":[{"@type":"FlowPropertyFactor","isRefFlowProperty":true,"flowProperty":{"@type":"FlowProperty","@id":"3747a7c9-e423-4d1d-88a2-21d3473660d3","name":"Mass","category":"Technical flow properties","refUnit":"kg"},"conversionFactor":1.0}]}