{"@type":"Flow","@id":"abfdaa0c-c177-4470-a164-68afc74e473e","name":"Oil, from oilseed, Extracted at Processor, configurable A","description":"","category":"Intermediate flows/Fuel Pathways/Configurable processes/Oil, from oilseed","version":"00.00.002","lastChange":"2024-05-08T18:38:11.767Z","flowType":"PRODUCT_FLOW","isInfrastructureFlow":false,"flowProperties":[{"@type":"FlowPropertyFactor","isRefFlowProperty":true,"flowProperty":{"@type":"FlowProperty","@id":"3747a7c9-e423-4d1d-88a2-21d3473660d3","name":"Mass","category":"Technical flow properties","refUnit":"kg"},"conversionFactor":1.0}]}