{"@type":"Flow","@id":"b3b8e062-f15c-4e01-b62e-b60a6c47b224","name":"2- Renewable natural gas distribution, to end-user","description":"","category":"Intermediate flows/Fuel Pathways/Renewable natural gas pathway","version":"00.00.009","lastChange":"2022-05-17T11:55:22.267Z","flowType":"PRODUCT_FLOW","isInfrastructureFlow":false,"flowProperties":[{"@type":"FlowPropertyFactor","isRefFlowProperty":true,"flowProperty":{"@type":"FlowProperty","@id":"f6811440-ee37-11de-8a39-0800200c9a66","name":"Energy","category":"Technical flow properties","refUnit":"MJ"},"conversionFactor":1.0}]}