{"@type":"Flow","@id":"bad28d2d-da66-4904-ba40-8f11e27712e5","name":"Heptafluoroisobutyronitrile","description":"CAS: 42532-60-5\r\n","category":"Elementary flows/Supplemental emissions to air/Fully Fluorinated Species","version":"00.00.000","lastChange":"2023-02-07T23:10:05.825Z","flowType":"ELEMENTARY_FLOW","isInfrastructureFlow":false,"flowProperties":[{"@type":"FlowPropertyFactor","isRefFlowProperty":true,"flowProperty":{"@type":"FlowProperty","@id":"3747a7c9-e423-4d1d-88a2-21d3473660d3","name":"Mass","category":"Technical flow properties","refUnit":"kg"},"conversionFactor":1.0}]}