{"@type":"Flow","@id":"bce89842-81b1-4062-8490-43cc8da652b1","name":"Electricity, from coal, sub-bituminous, offsite generation","description":"","category":"Intermediate flows/Data Library/Electricity/Technology specific electricity/Offsite generation","version":"00.00.005","lastChange":"2022-04-14T12:52:46.421Z","flowType":"PRODUCT_FLOW","isInfrastructureFlow":false,"flowProperties":[{"@type":"FlowPropertyFactor","isRefFlowProperty":true,"flowProperty":{"@type":"FlowProperty","@id":"f6811440-ee37-11de-8a39-0800200c9a66","name":"Energy","category":"Technical flow properties","refUnit":"MJ"},"conversionFactor":1.0}]}