{"@type":"Flow","@id":"bd93445a-35ab-4d56-bf72-e933b93d632f","name":"Light fuel oil, at end user","description":"","category":"Intermediate flows/Data Library/Fossil fuels/Non-combusted fossil fuels, at end user","version":"00.00.007","lastChange":"2022-05-31T14:41:04Z","flowType":"PRODUCT_FLOW","isInfrastructureFlow":false,"flowProperties":[{"@type":"FlowPropertyFactor","isRefFlowProperty":true,"flowProperty":{"@type":"FlowProperty","@id":"f6811440-ee37-11de-8a39-0800200c9a66","name":"Energy","category":"Technical flow properties","refUnit":"MJ"},"conversionFactor":1.0}]}