{"@type":"Flow","@id":"bddd2875-8a7b-413c-9775-9860fe7df34d","name":"3- Bioethanol combustion, at end-user","description":"","category":"Intermediate flows/Fuel Pathways/Bioethanol pathway","version":"00.00.019","lastChange":"2022-05-17T12:06:53.616Z","flowType":"PRODUCT_FLOW","isInfrastructureFlow":false,"flowProperties":[{"@type":"FlowPropertyFactor","isRefFlowProperty":true,"flowProperty":{"@type":"FlowProperty","@id":"f6811440-ee37-11de-8a39-0800200c9a66","name":"Energy","category":"Technical flow properties","refUnit":"MJ"},"conversionFactor":1.0}]}