{"@type":"Flow","@id":"c1643cf9-6b28-4052-ba73-18d726261b7f","name":"Biogenic waste feedstock transport to hydrogen plant (Low-impact scenario)","description":"","category":"Intermediate flows/Data Library/Transport/Predefined transport scenarios/Feedstock transport","version":"00.00.014","lastChange":"2024-05-31T15:46:55.081Z","flowType":"PRODUCT_FLOW","isInfrastructureFlow":false,"flowProperties":[{"@type":"FlowPropertyFactor","isRefFlowProperty":true,"flowProperty":{"@type":"FlowProperty","@id":"3747a7c9-e423-4d1d-88a2-21d3473660d3","name":"Mass","category":"Technical flow properties","refUnit":"kg"},"conversionFactor":1.0}]}