{"@type":"Flow","@id":"c4f67f12-6468-4712-9d86-b0e905ca835f","name":"Feedstock B, at RNG plant","description":"","category":"Intermediate flows/Fuel Pathways/Renewable natural gas pathway/Feedstock at RNG plant","version":"00.00.006","lastChange":"2022-05-17T11:55:22.224Z","flowType":"PRODUCT_FLOW","isInfrastructureFlow":false,"flowProperties":[{"@type":"FlowPropertyFactor","isRefFlowProperty":true,"flowProperty":{"@type":"FlowProperty","@id":"3747a7c9-e423-4d1d-88a2-21d3473660d3","name":"Mass","category":"Technical flow properties","refUnit":"kg"},"conversionFactor":1.0}]}