{"@type":"Flow","@id":"c4fa677a-4b3f-4339-8ae4-d06af84c1b2f","name":"Truck transport, of gaseous hydrogen","description":"","category":"Intermediate flows/Data Library/Transport/Hydrogen transport","version":"00.00.001","lastChange":"2024-01-31T13:43:12.653Z","flowType":"PRODUCT_FLOW","isInfrastructureFlow":false,"flowProperties":[{"@type":"FlowPropertyFactor","isRefFlowProperty":true,"flowProperty":{"@type":"FlowProperty","@id":"838aaa20-0117-11db-92e3-0800200c9a66","name":"Goods transport (mass*length)","category":"Technical flow properties","refUnit":"t*km"},"conversionFactor":1.0}]}