{"@type":"Flow","@id":"c627c33b-53d3-420f-b03a-7d6a6220c9a5","name":"Hexamethylcyclotrisiloxane ","description":"","category":"Elementary flows/Supplemental emissions to air/Miscellaneous Compounds","version":"00.00.002","lastChange":"2023-05-18T23:06:28.873Z","flowType":"ELEMENTARY_FLOW","formula":"C6H18O3Si3 ","isInfrastructureFlow":false,"flowProperties":[{"@type":"FlowPropertyFactor","isRefFlowProperty":true,"flowProperty":{"@type":"FlowProperty","@id":"3747a7c9-e423-4d1d-88a2-21d3473660d3","name":"Mass","category":"Technical flow properties","refUnit":"kg"},"conversionFactor":1.0}]}