{"@type":"Flow","@id":"c73cd2e4-ca0f-4360-bcc8-4cfdbeb03ae9","name":"Electricity, from electricity and heat generation system, exported to OPS","description":"","category":"Intermediate flows/Fuel Pathways/Hydrogen pathway/Mass basis/Hydrogen production, advanced modelling (AM)/D- Electricity and heat generation system","version":"00.00.008","lastChange":"2024-05-28T18:43:59.532Z","flowType":"PRODUCT_FLOW","isInfrastructureFlow":false,"flowProperties":[{"@type":"FlowPropertyFactor","isRefFlowProperty":true,"flowProperty":{"@type":"FlowProperty","@id":"f6811440-ee37-11de-8a39-0800200c9a66","name":"Energy","category":"Technical flow properties","refUnit":"MJ"},"conversionFactor":1.0}]}