{"@type":"Flow","@id":"c7b18512-e8a5-11eb-9a03-0242ac130003","name":"Electricity, from grid [US-KS]","category":"Intermediate flows/Data Library/Electricity/Grid electricity/American grid electricity","version":"00.00.008","lastChange":"2022-04-14T12:52:46.558Z","flowType":"PRODUCT_FLOW","isInfrastructureFlow":false,"flowProperties":[{"@type":"FlowPropertyFactor","isRefFlowProperty":true,"flowProperty":{"@type":"FlowProperty","@id":"f6811440-ee37-11de-8a39-0800200c9a66","name":"Energy","category":"Technical flow properties","refUnit":"MJ"},"conversionFactor":1.0}]}