{"@type":"Flow","@id":"c9bd28c4-6a0e-41e3-b9f6-47e5167cd118","name":"1- Biodiesel from Feedstock A","description":"Applicants must replace “Feedstock A” in the name of the flow with the name of the corresponding feedstock generated in the Data workbook.","category":"Intermediate flows/Fuel Pathways/Biodiesel pathway/1- Biodiesel production, at biodiesel plant/Biodiesel","version":"00.00.012","lastChange":"2022-05-20T14:42:56.998Z","flowType":"PRODUCT_FLOW","isInfrastructureFlow":false,"flowProperties":[{"@type":"FlowPropertyFactor","isRefFlowProperty":true,"flowProperty":{"@type":"FlowProperty","@id":"f6811440-ee37-11de-8a39-0800200c9a66","name":"Energy","category":"Technical flow properties","refUnit":"MJ"},"conversionFactor":1.0}]}