{"@type":"Flow","@id":"cb4784b4-ea59-11eb-9a03-0242ac130003","name":"Yellow grease production, from UCO purification, at processor gate [CA-QC]","category":"Intermediate flows/Data Library/Feedstocks/UCO and yellow grease","version":"00.00.010","lastChange":"2024-05-31T18:55:02.195Z","flowType":"PRODUCT_FLOW","isInfrastructureFlow":false,"flowProperties":[{"@type":"FlowPropertyFactor","isRefFlowProperty":true,"flowProperty":{"@type":"FlowProperty","@id":"3747a7c9-e423-4d1d-88a2-21d3473660d3","name":"Mass","category":"Technical flow properties","refUnit":"kg"},"conversionFactor":1.0}]}