{"@type":"Flow","@id":"cba8c6b9-0fe3-42e7-aded-ba6f8d8614bc","name":"HCFC-124a","description":"1-chloro-1,1,2,2-tetrafluoroethane\r\nCAS: 354-25-6\r\nCHF2CClF2\r\n","category":"Elementary flows/Supplemental emissions to air/Hydrochlorofluorocarbons","version":"00.00.001","lastChange":"2023-01-31T03:25:30.578Z","flowType":"ELEMENTARY_FLOW","isInfrastructureFlow":true,"flowProperties":[{"@type":"FlowPropertyFactor","isRefFlowProperty":true,"flowProperty":{"@type":"FlowProperty","@id":"3747a7c9-e423-4d1d-88a2-21d3473660d3","name":"Mass","category":"Technical flow properties","refUnit":"kg"},"conversionFactor":1.0}]}