{"@type":"Flow","@id":"cdfa0b33-d2eb-49bb-be3f-8556e8bef4e1","name":"3- Renewable propane combustion, at end-user","description":"","category":"Intermediate flows/Fuel Pathways/Renewable hydrocarbon biofuel pathway/3- Renewable hydrocarbon biofuel combustion, at end-user","version":"00.00.003","lastChange":"2022-05-17T11:55:22.181Z","flowType":"PRODUCT_FLOW","isInfrastructureFlow":false,"flowProperties":[{"@type":"FlowPropertyFactor","isRefFlowProperty":true,"flowProperty":{"@type":"FlowProperty","@id":"f6811440-ee37-11de-8a39-0800200c9a66","name":"Energy","category":"Technical flow properties","refUnit":"MJ"},"conversionFactor":1.0}]}