{"@type":"Flow","@id":"cf56d84e-9fa4-40e0-98cf-2c67ad314948","name":"Renewable diesel combustion, from non-biomass feedstock","description":"","category":"Intermediate flows/Data Library/Combustion emission factors/Combustion from non-biomass feedstock","version":"00.00.010","lastChange":"2022-04-14T12:52:49.006Z","flowType":"PRODUCT_FLOW","isInfrastructureFlow":false,"flowProperties":[{"@type":"FlowPropertyFactor","isRefFlowProperty":true,"flowProperty":{"@type":"FlowProperty","@id":"f6811440-ee37-11de-8a39-0800200c9a66","name":"Energy","category":"Technical flow properties","refUnit":"MJ"},"conversionFactor":1.0}]}