{"@type":"Flow","@id":"d3075ff8-5d03-4901-ac4d-70a8c8165ab0","name":"Prop-2-enyl 2,2,2-trifluoroacetate ","description":"","category":"Elementary flows/Supplemental emissions to air/Halogenated Alcohols and Ethers","version":"00.00.001","lastChange":"2023-03-28T00:55:03.074Z","flowType":"ELEMENTARY_FLOW","formula":"CF3COOCH2CH\u003dCH2 ","isInfrastructureFlow":false,"flowProperties":[{"@type":"FlowPropertyFactor","isRefFlowProperty":true,"flowProperty":{"@type":"FlowProperty","@id":"3747a7c9-e423-4d1d-88a2-21d3473660d3","name":"Mass","category":"Technical flow properties","refUnit":"kg"},"conversionFactor":1.0}]}