{"@type":"Flow","@id":"d4dc1da6-d207-4f9f-bccc-977f52081fa0","name":"Z-R316c","description":"(1r,2s)-1,2-dichloro-1,2,3,3,4,4-hexafluorocyclobutane\r\nCAS: 3934-26-7\r\ncis cyc (-CClFCF2CF2CClF-)\r\n","category":"Elementary flows/Supplemental emissions to air/Chlorofluorocarbons","version":"00.00.001","lastChange":"2023-06-02T18:06:04.702Z","flowType":"ELEMENTARY_FLOW","isInfrastructureFlow":false,"flowProperties":[{"@type":"FlowPropertyFactor","isRefFlowProperty":true,"flowProperty":{"@type":"FlowProperty","@id":"3747a7c9-e423-4d1d-88a2-21d3473660d3","name":"Mass","category":"Technical flow properties","refUnit":"kg"},"conversionFactor":1.0}]}