{"@type":"Flow","@id":"d6002f32-2d1b-4ca9-96d0-afc03c7ab272","name":"Avoided emissions (per kg of dry feedstock)","description":"","category":"Intermediate flows/Fuel Pathways/Configurable processes/Avoided emissions","version":"00.00.007","lastChange":"2024-06-11T13:06:22.674Z","flowType":"PRODUCT_FLOW","isInfrastructureFlow":false,"flowProperties":[{"@type":"FlowPropertyFactor","isRefFlowProperty":true,"flowProperty":{"@type":"FlowProperty","@id":"3747a7c9-e423-4d1d-88a2-21d3473660d3","name":"Mass","category":"Technical flow properties","refUnit":"kg"},"conversionFactor":1.0}]}