{"@type":"Flow","@id":"d67b8b87-2700-4db8-b91b-2a5dfde4515f","name":"Octamethyltrisiloxane ","description":"","category":"Elementary flows/Supplemental emissions to air/Miscellaneous Compounds","version":"00.00.002","lastChange":"2023-05-18T23:09:41.694Z","flowType":"ELEMENTARY_FLOW","formula":"C8H24O2Si3 ","isInfrastructureFlow":false,"flowProperties":[{"@type":"FlowPropertyFactor","isRefFlowProperty":true,"flowProperty":{"@type":"FlowProperty","@id":"3747a7c9-e423-4d1d-88a2-21d3473660d3","name":"Mass","category":"Technical flow properties","refUnit":"kg"},"conversionFactor":1.0}]}