{"@type":"Flow","@id":"d84cbf60-ca07-4c0a-a765-cc87a0a44c79","name":"F- Hydrogen with heat adjustment (AM)","description":"","category":"Intermediate flows/Fuel Pathways/Hydrogen pathway/Mass basis/Hydrogen production, advanced modelling (AM)","version":"00.00.008","lastChange":"2024-05-28T18:43:59.546Z","flowType":"PRODUCT_FLOW","isInfrastructureFlow":false,"flowProperties":[{"@type":"FlowPropertyFactor","isRefFlowProperty":true,"flowProperty":{"@type":"FlowProperty","@id":"3747a7c9-e423-4d1d-88a2-21d3473660d3","name":"Mass","category":"Technical flow properties","refUnit":"kg"},"conversionFactor":1.0}]}