{"@type":"Flow","@id":"da7dcc64-e3a1-4cac-af05-bd91382cbeeb","name":"Electricity, from hydro, run-of-river, offsite generation","description":"","category":"Intermediate flows/Data Library/Electricity/Technology specific electricity/Offsite generation","version":"00.00.004","lastChange":"2022-04-14T12:52:46.413Z","flowType":"PRODUCT_FLOW","isInfrastructureFlow":false,"flowProperties":[{"@type":"FlowPropertyFactor","isRefFlowProperty":true,"flowProperty":{"@type":"FlowProperty","@id":"f6811440-ee37-11de-8a39-0800200c9a66","name":"Energy","category":"Technical flow properties","refUnit":"MJ"},"conversionFactor":1.0}]}