{"@type":"Flow","@id":"db3d83d2-654e-4a66-9051-1b112d7aae7a","name":"Animal fats, rendered, at processor gate, configurable C","description":"","category":"Intermediate flows/Fuel Pathways/Configurable processes/Animal fats, rendered","version":"00.00.022","lastChange":"2022-04-14T12:52:49.458Z","flowType":"PRODUCT_FLOW","isInfrastructureFlow":false,"flowProperties":[{"@type":"FlowPropertyFactor","isRefFlowProperty":true,"flowProperty":{"@type":"FlowProperty","@id":"3747a7c9-e423-4d1d-88a2-21d3473660d3","name":"Mass","category":"Technical flow properties","refUnit":"kg"},"conversionFactor":1.0}]}