{"@type":"Flow","@id":"db7ed9dd-9474-42ec-ad42-9a311857ecbe","name":"1- RNG from landfill gas","description":"","category":"Intermediate flows/Fuel Pathways/Renewable natural gas pathway/1- Renewable natural gas production, at RNG plant","version":"00.00.005","lastChange":"2022-06-21T12:44:19.550Z","flowType":"PRODUCT_FLOW","isInfrastructureFlow":false,"flowProperties":[{"@type":"FlowPropertyFactor","isRefFlowProperty":true,"flowProperty":{"@type":"FlowProperty","@id":"f6811440-ee37-11de-8a39-0800200c9a66","name":"Energy","category":"Technical flow properties","refUnit":"MJ"},"conversionFactor":1.0}]}