{"@type":"Flow","@id":"dc2049dc-53cd-4213-bce3-77943eefd8a6","name":"Hexamethyldisiloxane","description":"","category":"Elementary flows/Supplemental emissions to air/Miscellaneous Compounds","version":"00.00.002","lastChange":"2023-05-18T23:07:06.694Z","flowType":"ELEMENTARY_FLOW","formula":"C6H18OSi2 ","isInfrastructureFlow":false,"flowProperties":[{"@type":"FlowPropertyFactor","isRefFlowProperty":true,"flowProperty":{"@type":"FlowProperty","@id":"3747a7c9-e423-4d1d-88a2-21d3473660d3","name":"Mass","category":"Technical flow properties","refUnit":"kg"},"conversionFactor":1.0}]}