{"@type":"Flow","@id":"dcaef2ad-c0b1-4856-9af1-843386101d7f","name":"Hydrogen CI, from electrolysis","description":"","category":"Intermediate flows/Fuel Pathways/Hydrogen pathway/Energy basis/Hydrogen CI","version":"00.00.015","lastChange":"2024-05-27T19:29:49.388Z","flowType":"PRODUCT_FLOW","isInfrastructureFlow":false,"flowProperties":[{"@type":"FlowPropertyFactor","isRefFlowProperty":true,"flowProperty":{"@type":"FlowProperty","@id":"f6811440-ee37-11de-8a39-0800200c9a66","name":"Energy","category":"Technical flow properties","refUnit":"MJ"},"conversionFactor":1.0}]}