{"@type":"Flow","@id":"def4f8a0-d4c4-4b93-bafb-d9240ef386ea","name":"Renewable gasoline combustion, from non-biomass feedstock","description":"","category":"Intermediate flows/Data Library/Combustion emission factors/Combustion from non-biomass feedstock","version":"00.00.011","lastChange":"2022-04-14T12:52:49.003Z","flowType":"PRODUCT_FLOW","isInfrastructureFlow":false,"flowProperties":[{"@type":"FlowPropertyFactor","isRefFlowProperty":true,"flowProperty":{"@type":"FlowProperty","@id":"f6811440-ee37-11de-8a39-0800200c9a66","name":"Energy","category":"Technical flow properties","refUnit":"MJ"},"conversionFactor":1.0}]}