{"@type":"Flow","@id":"df6d8ab0-cc4a-470d-a649-4d2f7b2bb945","name":"Pipeline transport, of hydrogen, dedicated pipeline","description":"","category":"Intermediate flows/Data Library/Transport/Hydrogen transport","version":"00.00.005","lastChange":"2024-05-21T12:50:19.141Z","flowType":"PRODUCT_FLOW","isInfrastructureFlow":false,"flowProperties":[{"@type":"FlowPropertyFactor","isRefFlowProperty":true,"flowProperty":{"@type":"FlowProperty","@id":"838aaa20-0117-11db-92e3-0800200c9a66","name":"Goods transport (mass*length)","category":"Technical flow properties","refUnit":"t*km"},"conversionFactor":1.0}]}