{"@type":"Flow","@id":"e0818219-5d24-4f02-978e-c8fdca424101","name":"Diammonium phosphate ((NH4)2HPO4)","description":"","category":"Intermediate flows/Data Library/Chemical Inputs/Chemicals","version":"00.00.008","lastChange":"2023-12-13T15:22:27.732Z","flowType":"PRODUCT_FLOW","isInfrastructureFlow":false,"flowProperties":[{"@type":"FlowPropertyFactor","isRefFlowProperty":true,"flowProperty":{"@type":"FlowProperty","@id":"3747a7c9-e423-4d1d-88a2-21d3473660d3","name":"Mass","category":"Technical flow properties","refUnit":"kg"},"conversionFactor":1.0}]}