{"@type":"Flow","@id":"e0b3e7c2-99cb-4205-9dc0-c879644cae06","name":"Electricity, excess, to grid [CA-YT]","description":"","category":"Intermediate flows/Data Library/Electricity/Excess electricity to grid/Canadian grid electricity","version":"00.00.004","lastChange":"2022-04-14T12:52:46.906Z","flowType":"PRODUCT_FLOW","isInfrastructureFlow":false,"flowProperties":[{"@type":"FlowPropertyFactor","isRefFlowProperty":true,"flowProperty":{"@type":"FlowProperty","@id":"f6811440-ee37-11de-8a39-0800200c9a66","name":"Energy","category":"Technical flow properties","refUnit":"MJ"},"conversionFactor":1.0}]}