{"@type":"Flow","@id":"e2c75af3-a3f6-4f97-863a-eeb2a8168802","name":"Methyl-perfluoroheptene-ethers","description":"","category":"Elementary flows/Supplemental emissions to air/Halogenated Alcohols and Ethers","version":"00.00.002","lastChange":"2023-05-18T23:08:39.890Z","flowType":"ELEMENTARY_FLOW","formula":"CH3OC7F13 ","isInfrastructureFlow":false,"flowProperties":[{"@type":"FlowPropertyFactor","isRefFlowProperty":true,"flowProperty":{"@type":"FlowProperty","@id":"3747a7c9-e423-4d1d-88a2-21d3473660d3","name":"Mass","category":"Technical flow properties","refUnit":"kg"},"conversionFactor":1.0}]}