{"@type":"Flow","@id":"e366ba26-d590-48af-aeb8-9dc139678090","name":"Hydrogen CI, from steam methane reforming (SMR), feedstock C (energy)","description":"","category":"Intermediate flows/Fuel Pathways/Hydrogen pathway/Energy basis/Hydrogen CI","version":"00.00.015","lastChange":"2024-05-27T19:29:49.377Z","flowType":"PRODUCT_FLOW","isInfrastructureFlow":false,"flowProperties":[{"@type":"FlowPropertyFactor","isRefFlowProperty":true,"flowProperty":{"@type":"FlowProperty","@id":"f6811440-ee37-11de-8a39-0800200c9a66","name":"Energy","category":"Technical flow properties","refUnit":"MJ"},"conversionFactor":1.0}]}