{"@type":"Flow","@id":"e3e05e7c-d592-464f-8942-03b2ea2afc39","name":"Compressed natural gas, at end user","description":"","category":"Intermediate flows/Data Library/Fossil fuels/Non-combusted fossil fuels, at end user","version":"00.00.008","lastChange":"2022-05-31T14:41:03.982Z","flowType":"PRODUCT_FLOW","isInfrastructureFlow":false,"flowProperties":[{"@type":"FlowPropertyFactor","isRefFlowProperty":true,"flowProperty":{"@type":"FlowProperty","@id":"f6811440-ee37-11de-8a39-0800200c9a66","name":"Energy","category":"Technical flow properties","refUnit":"MJ"},"conversionFactor":1.0}]}