{"@type":"Flow","@id":"e4f1d08e-29ef-46c1-ac8f-13e54bf007d0","name":"Chemical use per MJ of conventional ethanol","description":"","category":"Intermediate flows/Data Library/Chemical Inputs/Predefined chemical mixes","version":"00.00.033","lastChange":"2023-12-13T15:05:20.821Z","flowType":"PRODUCT_FLOW","isInfrastructureFlow":false,"flowProperties":[{"@type":"FlowPropertyFactor","isRefFlowProperty":true,"flowProperty":{"@type":"FlowProperty","@id":"f6811440-ee37-11de-8a39-0800200c9a66","name":"Energy","category":"Technical flow properties","refUnit":"MJ"},"conversionFactor":1.0}]}