{"@type":"Flow","@id":"e54ca147-d5d2-418c-83e9-53cac55e2b07","name":"HCFC-132","description":"\r\n","category":"Elementary flows/Supplemental emissions to air/Hydrochlorofluorocarbons","version":"00.00.001","lastChange":"2023-03-27T22:55:02.782Z","flowType":"ELEMENTARY_FLOW","formula":"CHClFCHClF ","isInfrastructureFlow":false,"flowProperties":[{"@type":"FlowPropertyFactor","isRefFlowProperty":true,"flowProperty":{"@type":"FlowProperty","@id":"3747a7c9-e423-4d1d-88a2-21d3473660d3","name":"Mass","category":"Technical flow properties","refUnit":"kg"},"conversionFactor":1.0}]}