{"@type":"Flow","@id":"e5cfe50a-d812-4c37-8f0b-9ee37da12606","name":"Train transport, diesel","description":"","category":"Intermediate flows/Data Library/Transport/Generic transport","version":"00.00.003","lastChange":"2024-01-31T13:43:12.612Z","flowType":"PRODUCT_FLOW","isInfrastructureFlow":false,"flowProperties":[{"@type":"FlowPropertyFactor","isRefFlowProperty":true,"flowProperty":{"@type":"FlowProperty","@id":"838aaa20-0117-11db-92e3-0800200c9a66","name":"Goods transport (mass*length)","category":"Technical flow properties","refUnit":"t*km"},"conversionFactor":1.0}]}