{"@type":"Flow","@id":"e762939c-ffd1-4e8e-9a4e-604b57bc9741","name":"Potassium fertilizer","description":"","category":"Intermediate flows/Data Library/Chemical Inputs/Agrochemicals","version":"00.00.004","lastChange":"2022-04-14T12:52:46.173Z","flowType":"PRODUCT_FLOW","isInfrastructureFlow":false,"flowProperties":[{"@type":"FlowPropertyFactor","isRefFlowProperty":true,"flowProperty":{"@type":"FlowProperty","@id":"3747a7c9-e423-4d1d-88a2-21d3473660d3","name":"Mass","category":"Technical flow properties","refUnit":"kg"},"conversionFactor":1.0}]}