{"@type":"Flow","@id":"e9f98a8d-51ba-4d47-bc4a-4ac040cd7cd9","name":"1- Bioethanol from Feedstock C","description":"","category":"Intermediate flows/Fuel Pathways/Bioethanol pathway/1- Bioethanol production, at bioethanol plant/Bioethanol","version":"00.00.027","lastChange":"2022-05-20T14:43:05.719Z","flowType":"PRODUCT_FLOW","isInfrastructureFlow":false,"flowProperties":[{"@type":"FlowPropertyFactor","isRefFlowProperty":true,"flowProperty":{"@type":"FlowProperty","@id":"f6811440-ee37-11de-8a39-0800200c9a66","name":"Energy","category":"Technical flow properties","refUnit":"MJ"},"conversionFactor":1.0}]}