{"@type":"Flow","@id":"ec2ad12f-fb7b-472e-9d7f-a04815864ec0","name":"Electricity, from grid [CA-AB]","description":"","category":"Intermediate flows/Data Library/Electricity/Grid electricity/Canadian grid electricity","version":"00.00.006","lastChange":"2022-04-14T12:52:46.500Z","flowType":"PRODUCT_FLOW","isInfrastructureFlow":false,"flowProperties":[{"@type":"FlowPropertyFactor","isRefFlowProperty":true,"flowProperty":{"@type":"FlowProperty","@id":"f6811440-ee37-11de-8a39-0800200c9a66","name":"Energy","category":"Technical flow properties","refUnit":"MJ"},"conversionFactor":1.0}]}