{"@type":"Flow","@id":"ec6f4c73-959b-404c-98f2-4cc40bd31ca5","name":"Electricity, excess, to grid [CA-PE]","description":"","category":"Intermediate flows/Data Library/Electricity/Excess electricity to grid/Canadian grid electricity","version":"00.00.003","lastChange":"2022-04-14T12:52:46.890Z","flowType":"PRODUCT_FLOW","isInfrastructureFlow":false,"flowProperties":[{"@type":"FlowPropertyFactor","isRefFlowProperty":true,"flowProperty":{"@type":"FlowProperty","@id":"f6811440-ee37-11de-8a39-0800200c9a66","name":"Energy","category":"Technical flow properties","refUnit":"MJ"},"conversionFactor":1.0}]}