{"@type":"Flow","@id":"ecf05f95-8f81-42b5-9824-1764ca71895f","name":"Used cooking oil (UCO), raw","description":"","category":"Intermediate flows/Data Library/Feedstocks/UCO and yellow grease","version":"00.00.007","lastChange":"2024-05-31T18:55:02.211Z","flowType":"PRODUCT_FLOW","isInfrastructureFlow":false,"flowProperties":[{"@type":"FlowPropertyFactor","isRefFlowProperty":true,"flowProperty":{"@type":"FlowProperty","@id":"3747a7c9-e423-4d1d-88a2-21d3473660d3","name":"Mass","category":"Technical flow properties","refUnit":"kg"},"conversionFactor":1.0}]}