{"@type":"Flow","@id":"f24def21-e364-43b0-853b-9bae09928411","name":"Animal fats, rendered, at processor gate, configurable B","description":"","category":"Intermediate flows/Fuel Pathways/Configurable processes/Animal fats, rendered","version":"00.00.022","lastChange":"2022-04-14T12:52:49.455Z","flowType":"PRODUCT_FLOW","isInfrastructureFlow":false,"flowProperties":[{"@type":"FlowPropertyFactor","isRefFlowProperty":true,"flowProperty":{"@type":"FlowProperty","@id":"3747a7c9-e423-4d1d-88a2-21d3473660d3","name":"Mass","category":"Technical flow properties","refUnit":"kg"},"conversionFactor":1.0}]}