{"@type":"Flow","@id":"f464c520-203c-49e4-8e4c-fe01ffeaf12d","name":"Corn oil, extracted at processor, configurable B","description":"","category":"Intermediate flows/Fuel Pathways/Configurable processes/Corn oil","version":"00.00.002","lastChange":"2022-04-14T12:52:49.538Z","flowType":"PRODUCT_FLOW","isInfrastructureFlow":false,"flowProperties":[{"@type":"FlowPropertyFactor","isRefFlowProperty":true,"flowProperty":{"@type":"FlowProperty","@id":"3747a7c9-e423-4d1d-88a2-21d3473660d3","name":"Mass","category":"Technical flow properties","refUnit":"kg"},"conversionFactor":1.0}]}