{"@type":"Flow","@id":"f519a268-cbb4-421d-a102-4e5608f12119","name":"Feedstock A, at biodiesel plant","description":"Applicants must rename the flow with the name of the feedstock generated in the Data workbook.","category":"Intermediate flows/Fuel Pathways/Biodiesel pathway/Feedstock at biodiesel plant","version":"00.00.019","lastChange":"2022-05-17T11:55:21.878Z","flowType":"PRODUCT_FLOW","isInfrastructureFlow":false,"flowProperties":[{"@type":"FlowPropertyFactor","isRefFlowProperty":true,"flowProperty":{"@type":"FlowProperty","@id":"3747a7c9-e423-4d1d-88a2-21d3473660d3","name":"Mass","category":"Technical flow properties","refUnit":"kg"},"conversionFactor":1.0}]}