{"@type":"Flow","@id":"f603b426-c5a7-413f-b376-1c3b947e90f7","name":"Renewable propane CI from Feedstock A","description":"","category":"Intermediate flows/Fuel Pathways/Renewable hydrocarbon biofuel pathway/Renewable hydrocarbon biofuel CI","version":"00.00.003","lastChange":"2022-05-17T11:55:22.132Z","flowType":"PRODUCT_FLOW","isInfrastructureFlow":false,"flowProperties":[{"@type":"FlowPropertyFactor","isRefFlowProperty":true,"flowProperty":{"@type":"FlowProperty","@id":"f6811440-ee37-11de-8a39-0800200c9a66","name":"Energy","category":"Technical flow properties","refUnit":"MJ"},"conversionFactor":1.0}]}