{"@type":"Flow","@id":"f89a3a2b-1965-4734-b5e1-b1ae0635eae7","name":"Truck transport, diesel, 25 tonnes","description":"","category":"Intermediate flows/Data Library/Transport/Generic transport","version":"00.00.009","lastChange":"2024-06-11T20:24:18.417Z","flowType":"PRODUCT_FLOW","isInfrastructureFlow":false,"flowProperties":[{"@type":"FlowPropertyFactor","isRefFlowProperty":true,"flowProperty":{"@type":"FlowProperty","@id":"838aaa20-0117-11db-92e3-0800200c9a66","name":"Goods transport (mass*length)","category":"Technical flow properties","refUnit":"t*km"},"conversionFactor":1.0}]}