{"@type":"Flow","@id":"fb55f8fb-fe55-4411-880b-94e35ef97fe2","name":"1- Bioethanol from Feedstock A","description":"","category":"Intermediate flows/Fuel Pathways/Bioethanol pathway/1- Bioethanol production, at bioethanol plant/Bioethanol","version":"00.00.028","lastChange":"2022-05-20T14:43:05.718Z","flowType":"PRODUCT_FLOW","isInfrastructureFlow":false,"flowProperties":[{"@type":"FlowPropertyFactor","isRefFlowProperty":true,"flowProperty":{"@type":"FlowProperty","@id":"f6811440-ee37-11de-8a39-0800200c9a66","name":"Energy","category":"Technical flow properties","refUnit":"MJ"},"conversionFactor":1.0}]}