{"@type":"Flow","@id":"fe42882f-bdcd-43eb-8d1f-4644d0359d69","name":"Electricity, from solar, photovoltaic, offsite generation","description":"","category":"Intermediate flows/Data Library/Electricity/Technology specific electricity/Offsite generation","version":"00.00.004","lastChange":"2022-04-14T12:52:46.397Z","flowType":"PRODUCT_FLOW","isInfrastructureFlow":false,"flowProperties":[{"@type":"FlowPropertyFactor","isRefFlowProperty":true,"flowProperty":{"@type":"FlowProperty","@id":"f6811440-ee37-11de-8a39-0800200c9a66","name":"Energy","category":"Technical flow properties","refUnit":"MJ"},"conversionFactor":1.0}]}