{"@type":"Flow","@id":"fec54153-6cf0-4d10-8aed-1a3786704acc","name":"Renewable propane combustion","description":"","category":"Intermediate flows/Data Library/Combustion emission factors/Combustion from biomass feedstock","version":"00.00.010","lastChange":"2022-04-14T12:52:49.040Z","flowType":"PRODUCT_FLOW","isInfrastructureFlow":false,"flowProperties":[{"@type":"FlowPropertyFactor","isRefFlowProperty":true,"flowProperty":{"@type":"FlowProperty","@id":"f6811440-ee37-11de-8a39-0800200c9a66","name":"Energy","category":"Technical flow properties","refUnit":"MJ"},"conversionFactor":1.0}]}