{"@type":"UnitGroup","@id":"26f4eae5-82d0-419a-9850-41265f722251","name":"Units of mass","description":"","category":"Technical unit groups","version":"00.00.015","lastChange":"2024-06-20T15:59:05.115Z","defaultFlowProperty":{"@type":"FlowProperty","@id":"3747a7c9-e423-4d1d-88a2-21d3473660d3","name":"Mass","category":"Technical flow properties","refUnit":"kg"},"units":[{"@type":"Unit","@id":"83a9c4aa-9b6a-4a6b-927c-560c40a26cf0","name":"g","description":"gram","conversionFactor":0.001},{"@type":"Unit","@id":"1aad5937-9d99-4528-8883-925d477809ba","name":"kg","description":"kilogram","conversionFactor":1.0,"isRefUnit":true},{"@type":"Unit","@id":"fb7e9dc5-e132-47aa-8c25-aa2c2a5ced2d","name":"mg","description":"milligram","conversionFactor":1.0E-6},{"@type":"Unit","@id":"e0bed029-5f97-4695-b1af-e5e79f5cbed2","name":"ug","description":"microgram","conversionFactor":1.0E-9,"synonyms":["µg"]},{"@type":"Unit","@id":"2a9e65de-33a0-4456-930e-0dfab1b895ee","name":"long tn","description":"long ton","conversionFactor":1016.047,"synonyms":["tn.lg"]},{"@type":"Unit","@id":"e471ccd0-fc22-4630-b31e-9d56166ae4f9","name":"oz av","description":"ounce (avoirdupois)","conversionFactor":0.02834952,"synonyms":["oz"]},{"@type":"Unit","@id":"2f239f58-5a29-48ed-9cf4-d1a3e67d2157","name":"t","description":"tonne (metric)","conversionFactor":1000.0,"synonyms":["Mg","ton"]},{"@type":"Unit","@id":"3b0e09f7-e8b3-4b00-9b99-60fe06ff208c","name":"pg","description":"picogram","conversionFactor":1.0E-15},{"@type":"Unit","@id":"ce94e8ac-ec29-48ae-b653-5495a1729bcc","name":"ng","description":"nanogram","conversionFactor":1.0E-12},{"@type":"Unit","@id":"35aaa180-d6d9-4d7e-b708-a8978f32913b","name":"kt","description":"kilotonne","conversionFactor":1000000.0},{"@type":"Unit","@id":"284eebcf-ae3b-45b3-a792-9ecf6dd4990d","name":"lb","description":"pound","conversionFactor":0.4535924},{"@type":"Unit","@id":"7fe60cc9-8906-493e-ada1-4b167b48e7c6","name":"oz t","description":"ounce (troy)","conversionFactor":0.03110348},{"@type":"Unit","@id":"0b71a595-8b3e-41e7-a668-23bbc26863ed","name":"sh tn","description":"short ton","conversionFactor":907.1847,"synonyms":["tn.sh"]},{"@type":"Unit","@id":"b3b0abf3-0c5c-4208-ab18-4d81f68d3bad","name":"Mt","description":"megatonne","conversionFactor":1.0E9,"synonyms":["Mtn"]}]}