{"@type":"UnitGroup","@id":"838aaa21-0117-11db-92e3-0800200c9a66","name":"Units of mass*length","description":"","category":"Technical unit groups","version":"00.00.010","lastChange":"2024-06-20T15:59:25.927Z","defaultFlowProperty":{"@type":"FlowProperty","@id":"838aaa20-0117-11db-92e3-0800200c9a66","name":"Goods transport (mass*length)","category":"Technical flow properties","refUnit":"t*km"},"units":[{"@type":"Unit","@id":"add2109e-a5cd-4d78-9c08-32a9e0e040c9","name":"lb*km","description":"pound times kilometre","conversionFactor":4.535924E-4},{"@type":"Unit","@id":"2d42053c-485d-48d2-b028-9f97ff114b34","name":"kg*mi","description":"kilogram times international mile","conversionFactor":0.001609344},{"@type":"Unit","@id":"d24270f0-c1f2-49ec-a6bf-e86a74177070","name":"lb*nmi","description":"pound times nautical mile","conversionFactor":8.400531E-4},{"@type":"Unit","@id":"77778bc9-d98d-4b2b-bcc4-78e956aab7a1","name":"kt*mi","description":"kilotonne times international mile","conversionFactor":1609.344},{"@type":"Unit","@id":"7dd57df4-c092-41aa-966e-c93a27797ea1","name":"t*nmi","description":"tonne times nautical mile","conversionFactor":1.852},{"@type":"Unit","@id":"5458351a-f6f7-4e0b-a449-823c9b6374db","name":"lb*mi","description":"pound times internaional mile","conversionFactor":7.299862E-4},{"@type":"Unit","@id":"0dea4ed8-bb6b-4049-b2b4-b2c413ef2180","name":"t*km","description":"tonne times kilometre","conversionFactor":1.0,"synonyms":["tkm"],"isRefUnit":true},{"@type":"Unit","@id":"e548d7f4-2b38-42b5-9f8e-56fef958c52f","name":"sh tn*km","description":"short ton times kilometre","conversionFactor":0.9071719},{"@type":"Unit","@id":"f31813ec-14c0-4242-b152-cf9bb614275c","name":"kt*nmi","description":"kilotonne times nautical mile","conversionFactor":1852.0},{"@type":"Unit","@id":"097768e6-0763-4126-a253-e323cafdf77e","name":"kt*km","description":"kilotonne times kilometre","conversionFactor":1000.0,"synonyms":["ktkm"]},{"@type":"Unit","@id":"5952e8c0-b6a7-4684-b375-7dba17cf0df9","name":"sh tn*nmi","description":"short ton times nautical mile","conversionFactor":1.680106},{"@type":"Unit","@id":"9bc264da-091a-4a07-8c09-fb959368365a","name":"long tn*km","description":"long ton times kilometre","conversionFactor":1.016047},{"@type":"Unit","@id":"9a05fe70-5e40-4a56-b496-4560ddd39417","name":"sh tn*mi","description":"short ton times international mile","conversionFactor":1.459972},{"@type":"Unit","@id":"3cc51ae9-b993-4a3d-964e-0aed8d7f3966","name":"t*mi","description":"tonne times international mile","conversionFactor":1.609344},{"@type":"Unit","@id":"4e159461-3353-4e7e-8ea6-95849dada67c","name":"long tn*nmi","description":"long ton times nautical mile","conversionFactor":1.881719},{"@type":"Unit","@id":"e3bce45b-d127-447b-82ec-cd3b4a61d0c7","name":"long tn*mi","description":"long ton times international mile","conversionFactor":1.635124},{"@type":"Unit","@id":"a40229e6-7275-42e3-a304-23d590044770","name":"kg*km","description":"kilogram times kilometre","conversionFactor":0.001,"synonyms":["kgkm"]},{"@type":"Unit","@id":"7203c236-d3f6-4ed4-a0f3-b8d82e188e62","name":"kg*nmi","description":"kilogram times nautical mile","conversionFactor":0.001852}]}