{"@type":"UnitGroup","@id":"93a60a57-a3c8-12da-a746-0800200c9a66","name":"Units of volume","description":"","category":"Technical unit groups","version":"00.00.016","lastChange":"2024-06-20T15:59:40.397Z","defaultFlowProperty":{"@type":"FlowProperty","@id":"93a60a56-a3c8-22da-a746-0800200c9a66","name":"Volume","category":"Technical flow properties","refUnit":"m3"},"units":[{"@type":"Unit","@id":"6a7531d3-3b83-4dda-8b18-4e3528491f9e","name":"in3","description":"cubic inch","conversionFactor":1.638706E-5,"synonyms":["cu.in"]},{"@type":"Unit","@id":"659b3b67-addb-46bc-9575-3b3f9207f609","name":"gal (Imp)","description":"gallon (Imperial)","conversionFactor":0.004546091},{"@type":"Unit","@id":"b80a512e-e402-4363-8ad0-7d02dcf4a459","name":"l","description":"litre","conversionFactor":0.001},{"@type":"Unit","@id":"431df202-da83-4baa-b576-5d17f59f0c8a","name":"gal (US fl)","description":"gallon (US fluid)","conversionFactor":0.003785412},{"@type":"Unit","@id":"91995a9e-3cb4-4fc9-a93b-8c618ff9b948","name":"barrel (petroleum)","description":"barrel (petroleum)","conversionFactor":0.1589873},{"@type":"Unit","@id":"1c3a9695-398d-4b1f-b07e-a8715b610f70","name":"m3","description":"cubic metre","conversionFactor":1.0,"synonyms":["m³","kl","kL"],"isRefUnit":true},{"@type":"Unit","@id":"07973a41-56b3-4e1b-a208-fd75a09fbd4b","name":"ft3","description":"cubic foot","conversionFactor":0.02831685},{"@type":"Unit","@id":"81696a66-6919-4bbb-a3ab-c79b2900de7d","name":"ml","description":"millilitre","conversionFactor":1.0E-6,"synonyms":["mL"]}]}