{"@type":"UnitGroup","@id":"93a60a57-a3c8-11da-a746-0800200c9a66","name":"Units of energy","description":"","category":"Technical unit groups","version":"00.00.022","lastChange":"2024-06-20T15:58:42.948Z","defaultFlowProperty":{"@type":"FlowProperty","@id":"f6811440-ee37-11de-8a39-0800200c9a66","name":"Energy","category":"Technical flow properties","refUnit":"MJ"},"units":[{"@type":"Unit","@id":"010f811e-3cc2-4b14-a901-337da9b3e49c","name":"kcal","description":"kilocalorie","conversionFactor":0.0041868},{"@type":"Unit","@id":"9dfd3de3-8c9a-4cd3-96d5-19cd98ca60fc","name":"TWh","description":"terawatt-hour","conversionFactor":3.6E9},{"@type":"Unit","@id":"86ad2244-1f0e-4912-af53-7865283103e4","name":"kWh","description":"kilowatt-hour","conversionFactor":3.6},{"@type":"Unit","@id":"55244053-94ba-404e-9172-cb279d905e00","name":"Btu","description":"british thermal unit","conversionFactor":0.001055056},{"@type":"Unit","@id":"52765a6c-3896-43c2-b2f4-c679acf13efe","name":"MJ","description":"megajoule","conversionFactor":1.0,"isRefUnit":true},{"@type":"Unit","@id":"92e3bd49-8ed5-4885-9db6-fc88c7afcfcb","name":"MWh","description":"megawatt-hour","conversionFactor":3600.0},{"@type":"Unit","@id":"469d61f1-3bc4-4841-8adf-873825c1bc11","name":"J","description":"joule","conversionFactor":1.0E-6},{"@type":"Unit","@id":"57c492e7-d94b-4fcc-98df-cdc4163b754c","name":"TJ","description":"terajoule","conversionFactor":1000000.0},{"@type":"Unit","@id":"01e58eb9-0aba-4c76-ba0c-03f6f3be1353","name":"GJ","description":"gigajoule","conversionFactor":1000.0},{"@type":"Unit","@id":"713bf3d9-fbdd-4c31-8306-598a13e0650e","name":"GWh","description":"gigawatt-hour","conversionFactor":3600000.0},{"@type":"Unit","@id":"144297ad-9506-4c87-8d55-4d4e1c097bfc","name":"mmBtu","description":"million british thermal units","conversionFactor":1055.056},{"@type":"Unit","@id":"f4119718-2d50-47fe-9154-cab6fd2d30eb","name":"kJ","description":"kilojoule","conversionFactor":0.001},{"@type":"Unit","@id":"fc3604f7-aa93-4aa3-8ae9-8f822874da5f","name":"Wh","description":"watt-hour","conversionFactor":0.0036},{"@type":"Unit","@id":"4f33281a-64c1-46a5-b919-4757ced83e2a","name":"ft3 (natural gas)","description":"cubic feet of natural gas (at 1 atm and 60˚F)","conversionFactor":1.087027}]}